filename,count,hash_count,url,confirmed
libumeng-spy.so,19132,270,https://github.com/umeng/MultiFunctionAndroidDemo,not sure
libc++_shared.so,16752,636,https://github.com/llvm/llvm-project/tree/main/libcxx,true
libpl_droidsonroids_gif.so,12093,196,https://github.com/koral--/android-gif-drawable/blob/HEAD/android-gif-drawable/src/main/c/gif.c,True
libcrashsdk.so,11425,212,https://github.com/umeng/MultiFunctionAndroidDemo,not sure
libimagepipeline.so,10647,231,https://github.com/facebook/fresco/blob/HEAD/imagepipeline-native/src/main/jni/imagepipeline/init.cpp,True
libmmkv.so,10643,424,https://github.com/Tencent/MMKV/blob/HEAD/Android/MMKV/mmkv/src/main/cpp/native-bridge.cpp,True
libijkplayer.so,9420,486,https://github.com/bilibili/ijkplayer/blob/HEAD/ijkmedia/ijkplayer/ijkmeta.c,True
libijkffmpeg.so,9417,527,https://github.com/Bilibili/FFmpeg/blob/ff4.0--ijk0.8.8--20210426--001/libavcodec/decode.c,True
libijksdl.so,9412,403,https://github.com/bilibili/ijkplayer/blob/HEAD/ijkmedia/ijksdl/ijksdl_egl.c,True
libBugly_Native.so,9371,112,https://github.com/BuglyDevTeam/Bugly-Android-Demo,not sure
libnative-filters.so,9186,232,https://github.com/facebook/fresco/blob/HEAD/native-filters/src/main/jni/native-filters/init.cpp,True
libnative-imagetranscoder.so,8948,118,https://github.com/facebook/fresco/blob/HEAD/native-imagetranscoder/src/main/jni/native-imagetranscoder/init.cpp,True
libpangleflipped.so,8622,149,,not found
libgifimage.so,8453,283,https://github.com/facebook/fresco/blob/HEAD/animated-gif/src/main/jni/gifimage/gif.cpp,True
libCtaApiLib.so,7874,163,,not found
libstatic-webp.so,5957,138,https://github.com/facebook/fresco/blob/HEAD/static-webp/src/main/jni/static-webp/webp.cpp,True
libsgcore.so,5817,48,https://github.com/sgInnora/alipay-securityguard-analysis,not sure
libtobEmbedEncrypt.so,5793,145,,not found
libweexjsb.so,5782,88,https://github.com/alibaba/weex/blob/HEAD/weex_core/Source/js_runtime/runtime/runtime_vm.cc,not sure
libweexjst.so,5782,88,https://github.com/alibaba/weex/blob/HEAD/weex_core/Source/js_runtime/runtime/runtime_vm.cc,not sure
libweexcore.so,5779,177,https://github.com/alibaba/weex/blob/HEAD/weex_core/Source/core/layout/style.cpp,True
libweexjss.so,5768,92,https://github.com/alibaba/weex/blob/HEAD/weex_core/Source/js_runtime/runtime/runtime_vm.cc,True
libpanglearmor.so,5740,149,,not found
libimage_processing_util_jni.so,5721,95,https://github.com/androidx/androidx/blob/5a78d14b1d24594e5f032ea40537295c71f21a3e/camera/camera-core/src/main/cpp/image_processing_util_jni.cc,True
libPglbizssdk_ml.so,5695,151,,not found
libavmdl_lite.so,5690,124,,not found
libttmplayer_lite.so,5690,124,,not found
libalicomphonenumberauthsdk_core.so,5569,224,,not found
libtt_ugen_layout.so,5561,152,,not found
libbreakpad-core.so,5511,22,https://github.com/google/breakpad/blob/6598c9c33fc02da7805401f3b0f1a733e6a24071/src/client/linux/handler/exception_handler.cc,not sure
libdcblur.so,5463,11,,not found
libucrash-core.so,5273,132,https://github.com/umeng/MultiFunctionAndroidDemo,not sure
libucrash.so,5273,132,https://github.com/umeng/MultiFunctionAndroidDemo,not sure
libumonitor.so,5273,125,https://github.com/umeng/MultiFunctionAndroidDemo,not sure
libmaparmor.so,5240,122,,not found
libtnet-3.1.14.so,5146,60,,not found
libweibosdkcore.so,5065,70,https://github.com/sinaweibosdk/weibo_android_sdk,not sure
libapp.so,4793,2578,,not found
libflutter.so,4781,371,https://github.com/flutter/engine/blob/HEAD/shell/platform/android/image_lru.cc,True
lib39285EFA.so,4759,5,,not found
liblamemp3.so,4730,56,https://github.com/naman14/TAndroidLame/blob/59616bf8f046623df23f58ecba4301e30a4baa4c/androidlame/src/main/jni/libmp3lame/lame.c,not sure
libplt-base.so,4702,26,,not found
libti-monitor.so,4695,19,,not found
libzxprotect.so,4519,58,,not found
librsjni.so,4518,103,https://android.googlesource.com/platform/frameworks/support/+/ad6517496e738508d572df4e26c683744f2fda9c/renderscript/v8/jni/android_renderscript_RenderScript.cpp,true
libRSSupport.so,4502,111,https://android.googlesource.com/platform/frameworks/support/+/ad6517496e738508d572df4e26c683744f2fda9c/renderscript/v8/rs_support/,true
libjniPdfium.so,4405,111,https://github.com/barteksc/PdfiumAndroid/blob/HEAD/src/main/jni/src/mainJNILib.cpp,True
libmodpdfium.so,4381,70,https://android.googlesource.com/platform/external/pdfium/+/android-7.1.2_r36/fpdfsdk/src/fpdfview.cpp,True
libmodft2.so,4310,66,https://android.googlesource.com/platform/external/freetype/+/android-7.1.2_r36/src/base/ftbase.c,True
libmodpng.so,4310,63,https://android.googlesource.com/platform/external/libpng/+/android-7.1.2_r36/pngread.c,True
librtmp-jni.so,4001,67,https://github.com/ant-media/LibRtmp-Client-for-Android/blob/master/rtmp-client/src/main/cpp/librtmp-jni.c,true
libliteavsdk.so,3959,643,https://github.com/LiteAVSDK/Player_Flutter/blob/main/README-EN.md,not sure
libtxffmpeg.so,3948,285,https://github.com/FFmpeg/FFmpeg,not sure
librsjni_androidx.so,3839,100,https://android.googlesource.com/platform/frameworks/support/,not sure
libjiagu_a64.so,3810,0,,not found
libsecsdk.so,3619,39,,not found
libmsaoaidauth.so,3544,46,,not found
libmsaoaidsec.so,3524,59,https://github.com/usergemoroi/2gamwbl/blob/7d8481744d2fabd3d1c06cfe111793ddbbc825f1/app/src/main/jni/libmsaoaidsec/src/msaoaidsec.cpp,not sure
libjiagu.so,3249,56,,not found
libjiagu_x64.so,3223,1,,not found
libexec.so,3163,69,,not found
libtxsoundtouch.so,3009,68,https://codeberg.org/soundtouch/soundtouch,not sure
libBugly.so,2964,77,https://github.com/BuglyDevTeam/Bugly-Android-Demo,not sure
liblocSDK8b.so,2943,44,,not found
libEncryptorP.so,2863,30,,not found
libImSDK.so,2808,214,https://github.com/TencentCloud/TIMSDK,not sure
libjiagu_x86.so,2705,40,,not found
libsqlcipher.so,2697,124,https://github.com/sqlcipher/sqlcipher/blob/HEAD/src/sqlcipher.c,True
libavutil.so,2688,437,https://github.com/FFmpeg/FFmpeg/blob/10506de9ad1fb050737ef79cf4853742b793c37d/libavutil/md5.c,True
libgnustl_shared.so,2675,105,https://github.com/gcc-mirror/gcc/tree/master/libstdc%2B%2B-v3,true
libavcodec.so,2672,435,https://github.com/FFmpeg/FFmpeg/blob/10506de9ad1fb050737ef79cf4853742b793c37d/libavcodec/dv.c,True
libentryexpro.so,2621,122,,not found
libavformat.so,2620,422,https://github.com/FFmpeg/FFmpeg/blob/10506de9ad1fb050737ef79cf4853742b793c37d/libavformat/ip.c,True
libn.so,2610,22,,not found
libswscale.so,2584,407,https://github.com/FFmpeg/FFmpeg/blob/10506de9ad1fb050737ef79cf4853742b793c37d/libswscale/slice.c,True
libuts-runtime.so,2504,6,,not found
libglide-webp.so,2466,78,https://github.com/zjupure/GlideWebpDecoder/blob/HEAD/webp_decoder/src/main/jni/webp.cpp,True
libswresample.so,2442,416,https://github.com/FFmpeg/FFmpeg/blob/10506de9ad1fb050737ef79cf4853742b793c37d/libswresample/dither.c,True
libzeus_direct_dex.so,2432,27,,not found
libavfilter.so,2310,373,https://github.com/FFmpeg/FFmpeg/blob/10506de9ad1fb050737ef79cf4853742b793c37d/libavfilter/bbox.c,True
libexecmain.so,2289,778,,not found
libyoga.so,2207,253,https://github.com/facebook/yoga/blob/HEAD/java/jni/common.cpp,True
libconscrypt_jni.so,2197,34,https://github.com/google/conscrypt/blob/HEAD/common/src/jni/main/cpp/conscrypt/jniutil.cc,True
libdatastore_shared_counter.so,2190,18,https://github.com/androidx/androidx/blob/5a78d14b1d24594e5f032ea40537295c71f21a3e/datastore/datastore-core/src/androidMain/cpp/jni/androidx_datastore_core_SharedCounter.cc,True
libmsc.so,2104,904,,not found
libscannative.so,2039,143,,not found
libuptsmaddon.so,1951,79,,not found
libglog.so,1915,217,https://github.com/google/glog/blob/HEAD/src/flags.cc,True
libreactnativejni.so,1905,242,https://github.com/facebook/react-native/blob/HEAD/packages/react-native/ReactAndroid/src/main/jni/react/jni/OnLoad.cpp,True
libfbjni.so,1872,65,https://github.com/facebookincubator/fbjni/blob/HEAD/cxx/lyra/lyra.cpp,True
libjsinspector.so,1865,194,https://github.com/facebook/react-native/blob/HEAD/packages/react-native/ReactCommon/jsinspector-modern/HostAgent.cpp,True
libavdevice.so,1850,285,https://github.com/FFmpeg/FFmpeg/blob/10506de9ad1fb050737ef79cf4853742b793c37d/libavdevice/xv.c,True
libfb.so,1835,211,,not found
libjutils.so,1786,37,,not found
libDexHelper.so,1768,986,,not found
libmp3lame.so,1742,201,https://svn.code.sf.net/p/lame/svn/trunk/lame/libmp3lame/lame.c,True
libtoyger.so,1732,88,,not found
libglog_init.so,1723,204,https://github.com/facebook/react-native/blob/cfc4d196a947329309e29c08d44967b31220393b/ReactAndroid/src/main/jni/first-party/fbgloginit/glog_init.cpp,True
libtiny_magic.so,1697,30,,not found
libtpcore-master.so,1683,106,,not found
libtpthirdparties-master.so,1681,41,,not found
libdownloadproxy.so,1680,120,,not found
libpag.so,1645,146,https://github.com/Tencent/libpag/blob/HEAD/src/base/Rect.cpp,True
libneonuijni_public.so,1618,123,,not found
libtencentloc.so,1604,80,,not found
libX86Bridge.so,1594,42,,not found
libreactnativeblob.so,1587,155,https://github.com/facebook/react-native/blob/HEAD/packages/react-native/ReactAndroid/src/main/jni/react/reactnativeblob/OnLoad.cpp,True
libneonui_shared.so,1584,124,,not found
libzkfv_tj.so,1582,177,,not found
libindoor.so,1580,36,,not found
libjsijniprofiler.so,1579,142,https://github.com/facebook/react-native/blob/HEAD/packages/react-native/ReactAndroid/src/main/jni/react/hermes/instrumentation/OnLoad.cpp,True
libbarhopper_v3.so,1559,32,,not found
libalivcffmpeg.so,1545,254,https://github.com/FFmpeg/FFmpeg,not sure
libDexHelper-x86.so,1543,938,,not found
libffavc.so,1528,28,,not found
libYTCommonLiveness.so,1479,82,,not found
libturingmfa.so,1475,101,,not found
libstlport_shared.so,1463,73,https://github.com/karottc/stlport,true
libAPSE_J.so,1453,66,,not found
libdexjni.so,1411,754,,not found
libsgmain.so,1398,67,https://github.com/sgInnora/alipay-securityguard-analysis,not sure
libjsc.so,1385,104,https://github.com/WebKit/WebKit/blob/HEAD/Source/JavaScriptCore/API/JSContextRef.cpp,True
libjsi.so,1362,112,https://github.com/facebook/react-native/blob/HEAD/packages/react-native/ReactCommon/jsi/jsi/jsi.cpp,True
libiconv.so,1351,111,https://ftp.gnu.org/pub/gnu/libiconv/libiconv-1.17.tar.gz,True
libweyuv.so,1340,54,,not found
libAMapSDK_MAP_v10_0_700.so,1313,7,,not found
libAPSE_7.0.1.so,1312,42,,not found
libdevInfo.so,1308,20,,not found
libweconvert.so,1302,62,,not found
libandroidx.graphics.path.so,1300,14,https://github.com/androidx/androidx/blob/5a78d14b1d24594e5f032ea40537295c71f21a3e/graphics/graphics-path/src/main/cpp/pathway.cpp,True
libsgsecuritybody.so,1289,49,https://github.com/sgInnora/alipay-securityguard-analysis,not sure
libucrop.so,1265,22,https://github.com/Yalantis/uCrop/blob/HEAD/ucrop/src/main/jni/uCrop.cpp,True
libsaasDownloader.so,1243,180,,not found
libsaasCorePlayer.so,1241,191,,not found
libjscexecutor.so,1189,167,https://github.com/facebook/react-native/blob/b0a27d2b4b9f474deaf3835c9a1b9af200dd9f79/ReactAndroid/src/main/jni/react/jscexecutor/OnLoad.cpp,True
libhermes.so,1187,164,https://github.com/facebook/hermes/blob/HEAD/API/hermes/hermes.cpp,True
libmarsxlog.so,1185,250,https://github.com/Tencent/mars/blob/HEAD/mars/libraries/mars_xlog_sdk/jni/import.cc,True
libturbomodulejsijni.so,1180,112,https://github.com/facebook/react-native/blob/HEAD/packages/react-native/ReactAndroid/src/main/jni/react/turbomodule/ReactCommon/OnLoad.cpp,True
libuptsmaddonmi.so,1176,59,,not found
libsgmiddletier.so,1164,35,https://github.com/sgInnora/alipay-securityguard-analysis,not sure
libreact_nativemodule_core.so,1153,102,https://github.com/facebook/react-native/blob/HEAD/packages/react-native/ReactCommon/react/nativemodule/core/ReactCommon/TurboModule.cpp,True
libsoundtouch.so,1141,112,https://codeberg.org/soundtouch/soundtouch/raw/branch/master/source/SoundTouch/SoundTouch.cpp,True
libyuv.so,1137,197,https://chromium.googlesource.com/libyuv/libyuv/+/refs/heads/main/source/convert.cc,True
liblocSDK8a.so,1135,12,,not found
libBugly-ext.so,1129,15,https://github.com/BuglyDevTeam/Bugly-Android-Demo,not sure
libaliyunaf.so,1120,29,,not found
libShanYCore.so,1119,22,,not found
libreactperfloggerjni.so,1109,92,https://github.com/facebook/react-native/blob/b0a27d2b4b9f474deaf3835c9a1b9af200dd9f79/ReactAndroid/src/main/jni/react/reactperflogger/reactperflogger/OnLoad.cpp,True
libijm-emulator.so,1108,9,,not found
libreact_debug.so,1092,87,https://github.com/facebook/react-native/blob/HEAD/packages/react-native/ReactCommon/react/debug/redbox/JscSafeUrl.cpp,True
libtraeimp-rtmp.so,1088,74,,not found
libreact_render_debug.so,1088,85,https://github.com/facebook/react-native/blob/b0a27d2b4b9f474deaf3835c9a1b9af200dd9f79/ReactCommon/react/renderer/debug/DebugStringConvertible.cpp,True
libreact_render_core.so,1087,90,https://github.com/facebook/react-native/blob/b0a27d2b4b9f474deaf3835c9a1b9af200dd9f79/ReactCommon/react/renderer/core/State.cpp,True
libreact_render_graphics.so,1086,83,https://github.com/facebook/react-native/blob/b0a27d2b4b9f474deaf3835c9a1b9af200dd9f79/ReactCommon/react/renderer/graphics/Transform.cpp,True
libreact_utils.so,1086,83,https://github.com/facebook/react-native/blob/HEAD/packages/react-native/ReactCommon/react/utils/Uuid.cpp,True
libreact_render_mapbuffer.so,1085,81,https://github.com/facebook/react-native/blob/b0a27d2b4b9f474deaf3835c9a1b9af200dd9f79/ReactCommon/react/renderer/mapbuffer/MapBuffer.cpp,True
libmapbufferjni.so,1083,84,https://github.com/facebook/react-native/blob/HEAD/packages/react-native/ReactAndroid/src/main/jni/react/mapbuffer/react/common/mapbuffer/JWritableMapBuffer.cpp,True
libfolly_json.so,1080,144,https://github.com/facebook/folly/blob/v2020.01.13.00/folly/json.cpp,True
libreact_codegen_rncore.so,1079,94,https://github.com/facebook/react-native,true
libfabricjni.so,1078,101,https://github.com/facebook/react-native/blob/HEAD/packages/react-native/ReactAndroid/src/main/jni/react/fabric/OnLoad.cpp,True
libreact_render_imagemanager.so,1078,80,https://github.com/facebook/react-native/blob/b0a27d2b4b9f474deaf3835c9a1b9af200dd9f79/ReactCommon/react/renderer/imagemanager/ImageResponse.cpp,True
libreact_render_componentregistry.so,1076,82,https://github.com/facebook/react-native/blob/b0a27d2b4b9f474deaf3835c9a1b9af200dd9f79/ReactCommon/react/renderer/componentregistry/ComponentDescriptorRegistry.cpp,True
librrc_image.so,1073,88,https://github.com/facebook/react-native/blob/HEAD/packages/react-native/ReactCommon/react/renderer/components/image/ImageState.cpp,True
librrc_view.so,1073,87,https://github.com/facebook/react-native/blob/HEAD/packages/react-native/ReactCommon/react/renderer/components/view/BaseTouch.cpp,True
librxffmpeg-invoke.so,1069,31,https://github.com/microshow/RxFFmpeg/blob/master/rxffmpeg/CMakeLists.txt,not sure
librxffmpeg-core.so,1068,28,https://github.com/FFmpeg/FFmpeg/blob/n4.0/libavcodec/decode.c,not sure
libsls_producer.so,1043,56,,not found
libagora-rtc-sdk.so,1041,225,https://github.com/AgoraIO/API-Examples/blob/e40e6e13b2ea79b6a420fc490f40fa185c26f358/Android/APIExample/agora-simple-filter/src/main/cpp/CMakeLists.txt,not sure
libtxmapengine.so,1026,100,,not found
librxffmpeg-player.so,1017,14,https://github.com/microshow/RxFFmpeg/blob/master/rxffmpeg/CMakeLists.txt,not sure
libsgnocaptcha.so,1015,7,https://github.com/sgInnora/alipay-securityguard-analysis,not sure
libsgmisc.so,978,7,https://github.com/sgInnora/alipay-securityguard-analysis,not sure
libffmpeg.so,975,208,https://github.com/FFmpeg/FFmpeg/blob/10506de9ad1fb050737ef79cf4853742b793c37d/fftools/ffmpeg.c,not sure
liblogger.so,963,82,,not found
libagora-soundtouch.so,963,70,https://github.com/AgoraIO/API-Examples,not sure
libsurface_util_jni.so,960,19,https://github.com/androidx/androidx/blob/5a78d14b1d24594e5f032ea40537295c71f21a3e/camera/camera-core/src/main/cpp/surface_util_jni.cc,True
libcrypto.so,959,186,https://github.com/openssl/openssl/blob/HEAD/crypto/provider_conf.c,True
libruntimeexecutor.so,957,29,https://github.com/facebook/react-native/blob/HEAD/packages/react-native/ReactCommon/runtimeexecutor/platform/cxx/ReactCommon/RuntimeExecutorSyncUIThreadUtils.cpp,True
libvad.dnn.so,953,5,,not found
libBaiduSpeechSDK.so,953,63,https://github.com/Baidu-AIP/speech-demo,not sure
libpns-2.13.2.1-LogOnlineStandardCuumRelease_alijtca_plus.so,951,11,,not found
libsqlite.so,945,38,https://github.com/sqlite/sqlite/blob/64c2f58d739e7ca1633a7b7fbe7e5bf053f29ef5/src/main.c,True
libtxmapvis.so,940,59,,not found
libttboringssl.so,937,25,https://github.com/google/boringssl,not sure
libttcrypto.so,935,25,,not found
libyuv-decoder.so,922,130,,not found
libnative-lib.so,922,364,,not found
libreact_render_runtimescheduler.so,919,76,https://github.com/facebook/react-native/blob/b0a27d2b4b9f474deaf3835c9a1b9af200dd9f79/ReactCommon/react/renderer/runtimescheduler/Task.cpp,True
libtraceroute.so,913,58,,not found
libreact_render_mounting.so,913,78,https://github.com/facebook/react-native/blob/b0a27d2b4b9f474deaf3835c9a1b9af200dd9f79/ReactCommon/react/renderer/mounting/stubs.cpp,True
libreact_render_leakchecker.so,911,73,https://github.com/facebook/react-native/blob/b0a27d2b4b9f474deaf3835c9a1b9af200dd9f79/ReactCommon/react/renderer/leakchecker/LeakChecker.cpp,True
libreact_render_scheduler.so,911,76,https://github.com/facebook/react-native/blob/b0a27d2b4b9f474deaf3835c9a1b9af200dd9f79/ReactCommon/react/renderer/scheduler/Scheduler.cpp,True
libreact_render_attributedstring.so,910,72,https://github.com/facebook/react-native/blob/b0a27d2b4b9f474deaf3835c9a1b9af200dd9f79/ReactCommon/react/renderer/attributedstring/TextAttributes.cpp,True
libreact_render_templateprocessor.so,910,72,https://github.com/facebook/react-native/blob/b0a27d2b4b9f474deaf3835c9a1b9af200dd9f79/ReactCommon/react/renderer/templateprocessor/UITemplateProcessor.cpp,True
libreact_render_textlayoutmanager.so,910,78,https://github.com/facebook/react-native/blob/b0a27d2b4b9f474deaf3835c9a1b9af200dd9f79/ReactCommon/react/renderer/textlayoutmanager/TextMeasureCache.cpp,True
libreact_render_uimanager.so,910,76,https://github.com/facebook/react-native/blob/b0a27d2b4b9f474deaf3835c9a1b9af200dd9f79/ReactCommon/react/renderer/uimanager/UIManager.cpp,True
librrc_text.so,909,80,https://github.com/facebook/react-native/blob/HEAD/packages/react-native/ReactCommon/react/renderer/components/text/TextProps.cpp,True
librrc_unimplementedview.so,909,76,https://github.com/facebook/react-native/blob/HEAD/packages/react-native/ReactCommon/react/renderer/components/unimplementedview/UnimplementedViewProps.cpp,True
libreact_render_animations.so,908,75,https://github.com/facebook/react-native/blob/b0a27d2b4b9f474deaf3835c9a1b9af200dd9f79/ReactCommon/react/renderer/animations/utils.cpp,True
libreact_render_telemetry.so,908,70,https://github.com/facebook/react-native/blob/b0a27d2b4b9f474deaf3835c9a1b9af200dd9f79/ReactCommon/react/renderer/telemetry/SurfaceTelemetry.cpp,True
librrc_root.so,907,74,https://github.com/facebook/react-native/blob/HEAD/packages/react-native/ReactCommon/react/renderer/components/root/RootProps.cpp,True
libagora-ffmpeg.so,906,147,https://github.com/AgoraIO/API-Examples,not sure
libsgmiscso-5.5.9.so,904,6,https://github.com/sgInnora/alipay-securityguard-analysis,not sure
libantitrace.so,898,59,,not found
libBDSpeechDecoder_V1.so,895,49,https://github.com/Baidu-AIP/speech-demo,not sure
libsgnocaptchaso-5.5.8.so,891,6,https://github.com/sgInnora/alipay-securityguard-analysis,not sure
libsmsdk.so,887,148,,not found
libfacedevice.so,881,42,,not found
libdu.so,877,87,,not found
libssl.so,872,160,https://github.com/openssl/openssl/blob/HEAD/ssl/t1_enc.c,True
libluster.so,868,23,,not found
libterrain.so,868,23,,not found
libffmpegkit_abidetect.so,863,141,https://github.com/arthenica/ffmpeg-kit/blob/HEAD/android/ffmpeg-kit-android-lib/src/main/cpp/ffmpegkit_abidetect.c,True
libkyctoolkit.so,862,45,,not found
libCPS.so,857,4,,not found
libwind.so,849,26,,not found
libne_audio.so,842,32,,not found
libreanimated.so,836,315,https://github.com/software-mansion/react-native-reanimated/blob/HEAD/packages/react-native-reanimated/Common/cpp/reanimated/NativeModules/ReanimatedModuleProxy.cpp,True
libocr-sdk.so,830,35,,not found
libfolly_runtime.so,828,64,https://github.com/facebook/folly/blob/v2020.01.13.00/folly/Executor.cpp,not sure
libBugly_Native_idasc.so,825,44,https://github.com/BuglyDevTeam/Bugly-Android-Demo,not sure
librrc_textinput.so,822,76,https://github.com/facebook/react-native/blob/HEAD/packages/react-native/ReactCommon/react/renderer/components/textinput/BaseTextInputProps.cpp,True
libzbarjni.so,820,38,https://github.com/mchehab/zbar/blob/2d7bada6ecc247e508640b31fe31e323731dadc1/zbar/error.c,True
libMNN.so,809,180,https://github.com/alibaba/MNN/blob/2c3f5b21a223734e5db7da4ef7b492bc02cafcf5/source/core/Tensor.cpp,True
libsgmainso.version.so,807,36,https://github.com/sgInnora/alipay-securityguard-analysis,not sure
libhtsfx.so,789,11,,not found
libreact_config.so,786,67,https://github.com/facebook/react-native/blob/b0a27d2b4b9f474deaf3835c9a1b9af200dd9f79/ReactCommon/react/config/ReactNativeConfig.cpp,True
libxcrash.so,786,124,https://github.com/iqiyi/xCrash/blob/86dea4fa0cdbae68b63e9b34436fa20b51244d11/xcrash_lib/src/main/cpp/dl/xc_dl.c,True
libsgsecuritybodyso.version.so,786,27,https://github.com/sgInnora/alipay-securityguard-analysis,not sure
libxcrash_dumper.so,783,120,https://github.com/iqiyi/xCrash/blob/86dea4fa0cdbae68b63e9b34436fa20b51244d11/xcrash_lib/src/main/cpp/lzma/Xz.c,True
libapminsighta.so,779,38,,not found
libapminsightb.so,779,28,,not found
libopencv_java4.so,779,99,https://github.com/opencv/opencv/blob/b0dc474160e389b9c9045da5db49d03ae17c6a6b/modules/java/generator/src/cpp/Mat.cpp,True
librrc_scrollview.so,778,67,https://github.com/facebook/react-native/blob/HEAD/packages/react-native/ReactCommon/react/renderer/components/scrollview/ScrollEvent.cpp,True
libmpaascpu.so,772,17,,not found
libhermes-executor-release.so,770,96,https://github.com/facebook/react-native/blob/cfc4d196a947329309e29c08d44967b31220393b/ReactAndroid/src/main/java/com/facebook/hermes/reactexecutor/OnLoad.cpp,True
libfolly_futures.so,763,80,https://github.com/facebook/folly/blob/v2020.01.13.00/folly/Executor.cpp,True
libsentry.so,762,64,https://github.com/getsentry/sentry-native/blob/5f624e21fa7d4fbf28b6f3fe673d9e6a04bec30f/src/sentry_mpack.c,True
libsgmiddletierso.version.so,761,26,https://github.com/sgInnora/alipay-securityguard-analysis,not sure
libsentry-android.so,760,51,https://github.com/getsentry/sentry-native/blob/5f624e21fa7d4fbf28b6f3fe673d9e6a04bec30f/ndk/lib/src/main/jni/sentry.c,True
libxnn.so,755,41,,not found
libffmpegkit.so,744,156,https://github.com/arthenica/ffmpeg-kit/blob/HEAD/apple/src/fftools_ffmpeg.c,True
libsharewind.so,743,19,,not found
libeidjni.so,726,58,,not found
libtensorflowlite_jni.so,725,91,https://github.com/tensorflow/tensorflow/blob/2cd0c5b52c738eaf05fe18866b9da090fa3fea87/tensorflow/lite/java/src/main/native/nativeinterpreterwrapper_jni.cc,True
libpostproc.so,724,79,https://github.com/FFmpeg/FFmpeg/blob/10506de9ad1fb050737ef79cf4853742b793c37d/libpostproc/postprocess.c,True
libcocklogic-1.1.3.so,717,18,,not found
libjnidispatch.so,715,65,https://github.com/java-native-access/jna/blob/d036ad9781adad4b66693e8fa7098e4ac665e0a3/native/dispatch.c,True
libxnnloader.so,713,20,,not found
libconceal.so,698,11,https://github.com/facebook/conceal/blob/f73541e79ac392ace032e53e2ef2ed4cc730b3fc/native/cpp/Cipher.cpp,True
libRongIMLib.so,697,160,https://github.com/rongcloud/rongcloud-im-flutter-sdk,not sure
libInnoSecure.so,692,16,,not found
libtmsqmp.so,691,6,,not found
libqiyune_audio.so,690,13,,not found
libqiyutraceroute.so,690,18,,not found
libqmcheat.so,684,23,,not found
libInno.so,682,15,,not found
libfntvcrash.so,678,24,,not found
libsgsecuritybodyso.ucb.so,677,15,https://github.com/sgInnora/alipay-securityguard-analysis,not sure
libphotoprocessing.so,675,23,,not found
libreact_newarchdefaults.so,674,60,https://github.com/facebook/react-native/blob/HEAD/packages/react-native/ReactAndroid/src/main/jni/react/newarchdefaults/OnLoad.cpp,True
libsgmainso.ucb.so,673,9,https://github.com/sgInnora/alipay-securityguard-analysis,not sure
libxgVipSecurity.so,662,16,,not found
libhigh_available_android.so,659,72,,not found
libbd_etts.so,658,56,https://github.com/Baidu-AIP/speech-demo,not sure
libqiyuhigh_available_android.so,658,19,,not found
libsgmiddletierso.ucb.so,657,13,https://github.com/sgInnora/alipay-securityguard-analysis,not sure
libturingad.so,654,23,,not found
libhermes_executor.so,652,57,https://github.com/facebook/react-native/blob/b0a27d2b4b9f474deaf3835c9a1b9af200dd9f79/ReactCommon/hermes/executor/HermesExecutorFactory.cpp,True
libbaiduprotect.so,647,306,,not found
libshella-4.6.2.2.so,645,1,,not found
libane.so,642,14,,not found
libdexvmp.so,632,56,,not found
libipdetector.so,632,13,,not found
libagora-fdkaac.so,631,139,https://github.com/AgoraIO/API-Examples,not sure
libjingle_peerconnection_so.so,629,152,https://webrtc.googlesource.com/src/,true
liboctopus.so,628,54,,not found
libhermes-executor-debug.so,628,70,https://github.com/facebook/react-native/blob/cfc4d196a947329309e29c08d44967b31220393b/ReactAndroid/src/main/java/com/facebook/hermes/reactexecutor/OnLoad.cpp,True
librealm-jni.so,628,100,https://github.com/realm/realm-java/blob/e5f4caac29d2ca36022352ef5c1f59045750e021/realm/realm-library/src/main/cpp/io_realm_internal_OsSharedRealm.cpp,True
libYTLiveness.so,625,79,,not found
libbdface_sdk.so,618,57,,not found
libbcmarsxlog.so,606,4,https://github.com/Tencent/mars,not sure
libbdEASRAndroid.so,605,21,https://github.com/Baidu-AIP/speech-demo,not sure
libpatcher.so,594,23,,not found
libbd_easr_s1_merge_normal_20151216.dat.so,587,3,https://github.com/Baidu-AIP/speech-demo,not sure
libfile_lock_pg.so,585,7,,not found
libbuffer_pg.so,585,7,,not found
libmain.so,583,205,,not found
libvcn.so,575,44,,not found
libRiskStub.so,575,54,,not found
libopenssl.so,574,44,https://github.com/openssl/openssl/blob/HEAD/crypto/evp/evp_enc.c,not sure
libNetHTProtect.so,573,58,,not found
libttmverify.so,573,82,,not found
libidl_license.so,572,21,,not found
librrc_legacyviewmanagerinterop.so,572,44,https://github.com/facebook/react-native/blob/HEAD/packages/react-native/ReactCommon/react/renderer/components/legacyviewmanagerinterop/LegacyViewManagerInteropViewProps.cpp,True
libvcnverify.so,571,43,,not found
libobjectbox-jni.so,569,80,,not found
libhyphenate.so,569,142,https://github.com/easemob,not sure
libsophix.so,569,60,,not found
libhermes-inspector.so,568,58,https://github.com/facebook/react-native/blob/cfc4d196a947329309e29c08d44967b31220393b/ReactCommon/hermes/inspector/Inspector.cpp,True
libmediacore.so,567,141,,not found
libttffmpeg.so,563,70,https://github.com/FFmpeg/FFmpeg,not sure
libttmplayer.so,563,82,,not found
libhtpcrash_dumper.so,561,10,,not found
libhtpcrash.so,561,18,,not found
libaudio_preprocessing.so,560,48,,not found
libanychatcore.so,558,137,,not found
libmediashow.so,557,133,,not found
libndkbitmap.so,556,35,,not found
libvideodec.so,552,21,,not found
libface_detector_v2_jni.so,550,25,,not found
libidcard_quality.1.1.1.so,548,14,,not found
libbdSpilWakeup.so,541,10,https://github.com/Baidu-AIP/speech-demo,not sure
libijmDataEncryption.so,540,7,,not found
libunity.so,537,265,,not found
libpaddle_light_api_shared.so,533,52,https://github.com/PaddlePaddle/Paddle-Lite/blob/8c07d68f8508b722b903f366dc6a84efb2e086ef/lite/api/cxx_api.cc,True
libil2cpp.so,533,299,,not found
libso.so,532,5,,not found
libopus.so,525,84,https://github.com/xiph/opus/blob/503d81b138d76621aae4b12786e90de48aa8db3a/src/opus_decoder.c,True
liblogan.so,523,60,https://github.com/Meituan-Dianping/Logan/blob/4c1ebca8395723075e3108bea1a6833420485398/Example/Logan-Android/logan/src/main/jni/clogan_protocol.c,True
libwcdb.so,521,62,https://github.com/Tencent/wcdb/blob/17ebdcbb0a6d610432ea0106718a40676506b0a3/deprecated/android/jni/com_tencent_wcdb_database_SQLiteConnection.cpp,True
libavmdl.so,518,52,,not found
liblog.so,517,49,,not found
libproperty_get.so,514,21,,not found
libmobileffmpeg_abidetect.so,511,49,https://github.com/tanersener/mobile-ffmpeg/blob/7a9c62f5563bff68da43d07e3286b5d8db50d53f/android/app/src/main/cpp/mobileffmpeg_abidetect.c,True
libDeepNetV2.so,508,56,,not found
libnative-gamesdk.so,507,4,,not found
libemulator_check.so,501,19,,not found
libgraphics_blur.so,494,2,,not found
libcfcaMLog.so,493,68,,not found
libtxsdl.so,490,37,,not found
libsecuritydevice.so,489,63,,not found
libtxplayer.so,489,47,https://github.com/tencentyun/SuperPlayer_Android,not sure
libpns-2.13.12-LogOnlineStandardCuumRelease_alijtca_plus.so,488,3,,not found
libijmDataEncryption_arm64.so,486,0,,not found
libagora-core.so,484,82,https://github.com/AgoraIO/API-Examples,not sure
librnscreens.so,464,194,https://github.com/software-mansion/react-native-screens/blob/96dd16decb2ce48152eebb28b9a09390335a10ed/android/src/main/cpp/OnLoad.cpp,True
libqcloud_asr_realtime.so,463,10,,not found
libmobileffmpeg.so,458,59,https://github.com/tanersener/mobile-ffmpeg/blob/7a9c62f5563bff68da43d07e3286b5d8db50d53f/android/app/src/main/cpp/mobileffmpeg.c,True
libartemis.so,449,25,,not found
libijmDataEncryption_x86.so,447,7,,not found
libsgsecuritybodyso-5.6.231002.so,447,1,https://github.com/sgInnora/alipay-securityguard-analysis,not sure
libtaobaoplayer.so,445,20,,not found
libtbffmpeg.so,445,20,https://github.com/FFmpeg/FFmpeg,not sure
libfuai.so,445,70,https://github.com/Faceunity/FULiveDemoDroid-Native,not sure
libsgmainso-5.6.231002.so,445,1,https://github.com/sgInnora/alipay-securityguard-analysis,not sure
libUserEnv.so,443,6,,not found
libbd_unifylicense.so,443,16,,not found
libpns-2.14.12-LogOnlineStandardCuumRelease_alijtca_plus.so,441,22,,not found
libCNamaSDK.so,439,77,https://github.com/Faceunity/FULiveDemoDroid-Native,not sure
libpdd_token.so,437,9,,not found
libAMapSDK_MAP_v9_5_0.so,437,4,https://github.com/amapapi/Android_3D_Demo,not sure
libfreetype.so,435,27,https://github.com/freetype/freetype/blob/79d80cadfc3d992e307c15a3f7d3a2a1555235a5/src/pcf/pcf.c,True
libsgmiddletierso-5.6.231002.so,435,1,https://github.com/sgInnora/alipay-securityguard-analysis,not sure
libSecShell.so,434,194,,not found
libface_detect.so,433,54,,not found
libagora_spatial_audio_extension.so,431,73,https://github.com/AgoraIO/API-Examples,not sure
libAlipayBitmapNative.so,424,15,,not found
libtbsdl.so,424,6,,not found
libtbplayer.so,424,6,,not found
libhke.so,424,73,,not found
libavcodec_neon.so,423,0,https://github.com/FFmpeg/FFmpeg/blob/10506de9ad1fb050737ef79cf4853742b793c37d/libavcodec/decode.c,not sure
libavfilter_neon.so,423,0,https://github.com/FFmpeg/FFmpeg/blob/10506de9ad1fb050737ef79cf4853742b793c37d/libavfilter/avfilter.c,not sure
libswscale_neon.so,423,0,https://github.com/FFmpeg/FFmpeg/blob/10506de9ad1fb050737ef79cf4853742b793c37d/libswscale/swscale.c,not sure
libavif_android.so,422,14,https://github.com/AOMediaCodec/libavif/blob/fa78ed71de0bcd35cc314393ea491e57c0eba66f/android_jni/avifandroidjni/src/main/jni/libavif_jni.cc,True
libfdk-aac.so,420,53,https://github.com/mstorsjo/fdk-aac/blob/3e09594ca7abb6b35e36fee071331971e5f8b4a3/cpp/libFDK/src/qmf.cpp,True
libopenal.so,420,17,https://github.com/kcat/openal-soft/blob/09e2be796e34ad4b6b129204ba2d187bf4577924/alc/alc.cpp,True
libcurl.so,418,92,https://github.com/curl/curl/blob/bea2e5d6d1dd11b443eef091681cd132209b5bc2/lib/dllmain.c,True
libvolc_log.so,416,8,,not found
libsscronet.so,415,47,,not found
libutility.so,414,20,,not found
libmlkit_google_ocr_pipeline.so,413,10,https://github.com/googlesamples/mlkit,not sure
libqmp.so,412,10,,not found
libAPMUOCPLIB.so,411,8,,not found
libap_bitmaps.so,407,9,,not found
libRiskStub00.so,406,16,,not found
libAMapSDK_MAP_v10_0_600.so,406,5,https://github.com/amapapi/Android_3D_Demo,not sure
libapm_bitmaps.so,405,8,,not found
libByteVC1_dec.so,404,28,,not found
libnbscrash.so,403,45,,not found
libnbscrash_dumper.so,403,37,,not found
libagora_segmentation_extension.so,401,64,https://github.com/AgoraIO/API-Examples,not sure
libttmverifylite.so,400,75,,not found
libv8worker-native.so,398,17,,not found
libvcnverifylite.so,397,38,,not found
libbbc.so,396,6,,not found
libavdevice_neon.so,394,0,https://github.com/FFmpeg/FFmpeg/blob/10506de9ad1fb050737ef79cf4853742b793c37d/libavdevice/avdevice.c,not sure
libavformat_neon.so,394,0,https://github.com/FFmpeg/FFmpeg/blob/10506de9ad1fb050737ef79cf4853742b793c37d/libavformat/utils.c,not sure
libavutil_neon.so,394,0,https://github.com/FFmpeg/FFmpeg/blob/10506de9ad1fb050737ef79cf4853742b793c37d/libavutil/mem.c,not sure
libswresample_neon.so,394,0,https://github.com/FFmpeg/FFmpeg/blob/10506de9ad1fb050737ef79cf4853742b793c37d/libswresample/swresample.c,not sure
libanimation-decoder-gif.so,393,19,,not found
libjsengine-loadso.so,393,10,,not found
libjsengine-api.so,393,11,,not found
libjsengine-platform.so,393,9,,not found
libvcbasekit.so,392,33,,not found
libliantian.so,389,31,,not found
libAMapSDK_MAP_v7_6_0.so,387,5,https://github.com/amapapi/Android_3D_Demo,not sure
libcipherdb.so,382,18,,not found
libsqlite3.so,381,55,https://github.com/sqlite/sqlite/blob/64c2f58d739e7ca1633a7b7fbe7e5bf053f29ef5/src/main.c,True
libaosl.so,378,25,,not found
libtongdun.so,378,83,,not found
libnns.z1.so,377,111,,not found
libalivc_conan.so,376,30,,not found
libffmpeg-exec.so,375,12,https://github.com/FFmpeg/FFmpeg/blob/10506de9ad1fb050737ef79cf4853742b793c37d/fftools/ffmpeg.c,not sure
libPassGuard.so,372,133,,not found
libsaturn.so,371,7,,not found
libavmdlbase.so,371,39,,not found
libtexturerender_native.so,370,26,,not found
libcocos2dlua.so,370,19,https://github.com/cocos2d/cocos2d-x/blob/7a5282a301a13e467bdcc3466d3cd3883862aadf/templates/lua-template-default/frameworks/runtime-src/proj.linux/main.cpp,True
libtoolChecker.so,368,15,,not found
libCGE.so,368,29,https://github.com/wysaid/android-gpuimage-plus/blob/32bf703b9ffe49036853d027bc3350491985feae/library/src/main/jni/cge/common/cgeGL3Stub.c,True
libijmDataEncryption_x86_64.so,368,0,,not found
libTRAECodec.so,364,4,,not found
libSipCryptor.so,364,128,,not found
libzbar.so,360,50,https://github.com/mchehab/zbar/blob/2d7bada6ecc247e508640b31fe31e323731dadc1/zbar/decoder.c,True
libttlicense2.so,359,12,,not found
liblocSDK7b.so,359,15,,not found
libpps-jni.so,357,15,,not found
libCGEExt.so,357,20,https://github.com/wysaid/android-gpuimage-plus/blob/32bf703b9ffe49036853d027bc3350491985feae/library/src/main/jni/custom/customHelper.cpp,True
libdeviceid_607.so,356,16,,not found
libenc.so,353,8,,not found
libyuv_to_rgb_jni.so,353,4,,not found
libpreload.so,352,34,,not found
librongcloud_xcrash.so,350,15,,not found
librongcloud_xcrash_dumper.so,350,15,,not found
libnativekv.so,347,4,,not found
libgpuimage-library.so,346,25,https://github.com/cats-oss/android-gpuimage/blob/b0ec8faa21c74859072c47742e6ed1edcf56d729/library/jni/yuv-decoder.c,True
libQPlayer.so,339,44,,not found
libInfosecMSSL.so,339,33,,not found
libcvenginelite.so,338,14,,not found
libxmcore.so,338,20,,not found
libopencv_core.so,338,33,https://github.com/opencv/opencv/blob/73a26a423163d0284a41e997717b00933978b256/modules/core/src/ocl.cpp,True
libopencv_imgproc.so,338,33,https://github.com/opencv/opencv/blob/73a26a423163d0284a41e997717b00933978b256/modules/imgproc/src/lsd.cpp,True
libqcOpenSSL.so,336,15,https://github.com/openssl/openssl,not sure
libmediautil_v8.so,336,145,,not found
libbytehook.so,335,36,https://github.com/bytedance/bhook/blob/a8bd254f6e53022b65136f40d10ae3763b6ef8ad/bytehook/src/main/cpp/bh_dl.c,True
libcachemodule.so,334,20,,not found
libRtsSDK.so,332,54,,not found
libxhook_lib.so,332,46,https://github.com/iqiyi/xHook/blob/391d0c4103626bf39d54a1d9c7a10965c82ff8d2/libxhook/jni/xhook.c,not sure
libexec_x86.so,330,31,,not found
libexocrenginec.so,329,104,,not found
libworklets.so,329,130,https://github.com/software-mansion/react-native-reanimated/blob/HEAD/packages/react-native-worklets/Common/cpp/worklets/NativeModules/WorkletsModuleProxy.cpp,True
libdpt.so,328,0,,not found
libgetuiext3.so,327,22,https://github.com/GetuiLaboratory/react-native-getui,not sure
libgojni.so,326,138,,not found
libshadowhook.so,326,40,https://github.com/bytedance/android-inline-hook/blob/593f491be68799f03ee3bab71ce5908846437147/shadowhook/src/main/cpp/sh_hub.c,True
libalog.so,325,16,,not found
libed25519.so,325,20,,not found
libagora_audio_beauty_extension.so,322,69,https://github.com/AgoraIO/API-Examples,not sure
libVolcBaseLog.so,321,12,,not found
libdatabase_sqlcrypto.so,321,23,,not found
libverifier.so,320,3,,not found
liblocSDK7a.so,318,11,,not found
libmpaas_crypto.so,317,28,,not found
libspeechengine.so,316,56,,not found
libsdkcore.so,316,21,,not found
libexecmain_x86.so,313,163,,not found
libdecode1002235b60ba.so,313,7,,not found
libreactnative.so,311,47,https://github.com/facebook/react-native/blob/HEAD/packages/react-native/ReactCommon/react/runtime/TimerManager.cpp,True
libpns-2.13.4-NologOnlineStandardCuumRelease_alijtca_plus.so,311,3,,not found
libsta.so,310,14,,not found
libagora_ai_noise_suppression_extension.so,308,48,https://github.com/AgoraIO/API-Examples,not sure
libmoormp3.so,306,10,,not found
libcicada_plugin_artcSource.so,305,73,,not found
libnertc_sdk.so,305,80,https://github.com/netease-kit/NECallKit,not sure
liblocaljscruntime.so,304,6,,not found
libopencv_java3.so,304,80,https://github.com/opencv/opencv/blob/3.4.2/modules/java/generator/src/cpp/Mat.cpp,True
libgrowease.so,300,23,,not found
libpldroid_shortvideo_core.so,297,24,https://github.com/pili-engineering/PLDroidShortVideo,not sure
liblbs.so,296,5,,not found
libALBiometricsJni.so,296,59,,not found
libDeepNet.so,296,22,,not found
libavmdlv2.so,295,37,,not found
libappmodules.so,294,127,,not found
libBaiduMapSDK_base_v7_5_4.so,294,8,,not found
libkadp.so,293,9,,not found
libnesec-x86.so,290,65,,not found
libKwProtectSDK.so,290,28,,not found
libAudioAjustment.so,290,2,,not found
libavcodec_ffmpeg.so,290,4,https://github.com/FFmpeg/FFmpeg/blob/10506de9ad1fb050737ef79cf4853742b793c37d/libavcodec/decode.c,not sure
libavformat_ffmpeg.so,290,4,https://github.com/FFmpeg/FFmpeg/blob/10506de9ad1fb050737ef79cf4853742b793c37d/libavformat/utils.c,not sure
libavutil_ffmpeg.so,290,4,https://github.com/FFmpeg/FFmpeg/blob/10506de9ad1fb050737ef79cf4853742b793c37d/libavutil/mem.c,not sure
libswresample_ffmpeg.so,290,4,https://github.com/FFmpeg/FFmpeg/blob/10506de9ad1fb050737ef79cf4853742b793c37d/libswresample/swresample.c,not sure
libswscale_ffmpeg.so,290,4,https://github.com/FFmpeg/FFmpeg/blob/10506de9ad1fb050737ef79cf4853742b793c37d/libswscale/swscale.c,not sure
libHuaweiMediaCreativity.so,290,15,,not found
libantssm.so,289,14,,not found
libadalliance.so,289,25,,not found
libucs-credential.so,289,20,,not found
librmonitor_base.so,288,66,,not found
libkwsdataenc.so,288,5,,not found
libny-enc.so,288,1,,not found
libagora_ai_echo_cancellation_extension.so,288,41,https://github.com/AgoraIO/API-Examples,not sure
libbugly_dumper.so,288,18,https://github.com/BuglyDevTeam/Bugly-Android-Demo,not sure
libpns-2.13.4-LogOnlineStandardCuumRelease_alijtca_plus.so,288,7,,not found
libtiny.so,286,11,,not found
libencrypt.so,282,108,,not found
libvideo_dec.so,281,33,,not found
libnesec.so,280,67,,not found
libBaiduMapSDK_base_v7_4_2.so,280,5,,not found
libjniUtoVR.so,279,13,,not found
libpns-2.14.14-LogOnlineStandardCuumRelease_alijtca_plus.so,278,6,,not found
libexecoat.so,277,12,,not found
libspeex.so,277,60,https://github.com/xiph/speex/blob/05895229896dc942d453446eba6f9f5ddcf95422/libspeex/vq.c,True
libagora_fdkaac.so,277,47,https://github.com/AgoraIO/API-Examples,not sure
libhermestooling.so,276,16,https://github.com/facebook/hermes,not sure
libexbankcardrec.so,276,96,,not found
libAMapSDK_MAP_v8_1_0.so,276,7,https://github.com/amapapi/Android_3D_Demo,not sure
libcloudwalk_live_sdk.so,275,56,,not found
libtdcoreplugin.so,275,15,,not found
libVariableSpeed.so,274,6,,not found
libMicrosoft.CognitiveServices.Speech.core.so,274,34,https://github.com/microsoft-foundry/SpeechSDK/blob/1fbd611d635ac9045d79bb7b982f00b4452f21ce/source/core/c_api/speechapi_c_operations.cpp,True
libagora_mpg123.so,271,22,https://github.com/AgoraIO/API-Examples,not sure
libgtcore.so,271,25,https://github.com/GetuiLaboratory/react-native-getui,not sure
libamr-codec.so,270,12,,not found
libbmf_hydra.so,269,17,,not found
libMicrosoft.CognitiveServices.Speech.extension.codec.so,269,30,https://github.com/microsoft-foundry/SpeechSDK,not sure
libMicrosoft.CognitiveServices.Speech.java.bindings.so,269,31,https://github.com/microsoft-foundry/SpeechSDK,not sure
libwebgl.so,268,13,,not found
libreactnativeutilsjni.so,266,33,https://github.com/facebook/react-native/blob/cfc4d196a947329309e29c08d44967b31220393b/ReactAndroid/src/main/jni/react/jni/ReadableNativeMap.cpp,not sure
libagora_ai_denoise_extension.so,266,27,https://github.com/AgoraIO/API-Examples,not sure
libquicklogin.so,265,9,,not found
libopenh264.so,265,49,https://github.com/cisco/openh264/blob/1a0073f0322c8b74cbcb75ca1bb1c3d19d75538d/codec/decoder/core/src/decoder.cpp,True
libZegoExpressEngine.so,265,90,https://github.com/zegoim/zego-express-example-faceunity,not sure
libhttpdns.so,264,23,,not found
libxloader.so,263,101,,not found
liblgsdk-native-lib.so,263,1,,not found
libbuglybacktrace.so,263,23,https://github.com/BuglyDevTeam/Bugly-Android-Demo,not sure
libgcanvas.so,262,32,https://github.com/alibaba/GCanvas/tree/master/core,true
libfusionstorage.so,262,18,,not found
libBaiduMapSDK_base_v7_6_4.so,262,8,,not found
libbmf_mods.so,261,11,,not found
libface_nllvm.so,261,16,,not found
libffmpegkit_armv7a_neon.so,261,0,https://github.com/arthenica/ffmpeg-kit/blob/HEAD/android/ffmpeg-kit-android-lib/src/main/cpp/ffmpegkit.c,True
librmonitor_memory.so,260,27,,not found
libijmdetect-drisk.so,260,31,,not found
libMNN_CL.so,260,53,https://github.com/alibaba/MNN/blob/2c3f5b21a223734e5db7da4ef7b492bc02cafcf5/source/backend/opencl/core/OpenCLBackend.cpp,True
libupbsdiffpatch.so,259,21,,not found
libclientencode.so,259,13,,not found
libclientencode_wrap.so,259,14,,not found
libTencentSM.so,257,24,,not found
libagora_screen_capture_extension.so,257,58,https://github.com/AgoraIO/API-Examples,not sure
libbeaconid.so,256,8,,not found
libpns-2.14.6-LogOnlineStandardCuumRelease_alijtca_plus.so,256,5,,not found
libjgdtc.so,255,124,,not found
libxdkj.so,255,101,,not found
libsobot.so,254,14,,not found
libMicrosoft.CognitiveServices.Speech.extension.kws.so,254,26,https://github.com/microsoft-foundry/SpeechSDK,not sure
libbdtts.so,253,11,https://github.com/Baidu-AIP/speech-demo,not sure
libjpeg.so,252,47,https://github.com/libjpeg-turbo/libjpeg-turbo/blob/43ea809765004508d8da72ebe562cf570c6a62b2/src/jcicc.c,True
libtxy_ai_qbar.so,251,28,,not found
libturbojpeg.so,250,47,https://github.com/libjpeg-turbo/libjpeg-turbo/blob/43ea809765004508d8da72ebe562cf570c6a62b2/src/jcicc.c,True
libBaiduMapSDK_map_v7_5_4.so,250,10,,not found
lib_burst_generated.so,250,122,,not found
libgxx_personality.so,249,19,,not found
libxdjacrypto.so,249,30,,not found
libBaiduMapSDK_map_v7_4_2.so,249,5,,not found
libkadp_x86.so,248,4,,not found
libtanx.so,248,10,,not found
libMicrosoft.CognitiveServices.Speech.extension.audio.sys.so,248,25,https://github.com/microsoft-foundry/SpeechSDK,not sure
libsaas.so,247,20,,not found
libtensorflowlite_gpu_jni.so,247,46,https://github.com/tensorflow/tensorflow/blob/2cd0c5b52c738eaf05fe18866b9da090fa3fea87/tensorflow/lite/delegates/gpu/java/src/main/native/gpu_delegate_jni.cc,True
libvideo_enc.so,246,21,,not found
libbaidusec.so,245,7,,not found
libagora_video_decoder_extension.so,245,58,https://github.com/AgoraIO/API-Examples,not sure
libkwai-android-base.so,244,31,,not found
libpns-2.14.7-LogOnlineStandardCuumRelease_alijtca_plus.so,244,4,,not found
libuprnfb.so,243,16,,not found
libuprnfolly_json.so,243,15,,not found
libuprnreactnativejni.so,243,10,,not found
libuprnglog.so,243,19,,not found
libuprnjscexecutor.so,243,16,,not found
libuprnglog_init.so,243,19,,not found
libuprnjsinspector.so,243,18,,not found
libuprnyoga.so,243,17,,not found
libuprnjsc.so,243,13,,not found
libquicclient-jni.so,242,8,,not found
libAMapSDK_MAP_v10_1_600.so,242,9,https://github.com/amapapi/Android_3D_Demo,not sure
libagora_clear_vision_extension.so,242,47,https://github.com/AgoraIO/API-Examples,not sure
libbspatch.so,241,49,https://github.com/mendsley/bsdiff/blob/b817e9491cf7b8699c8462ef9e2657ca4ccd7667/bspatch.c,not sure
libBaiduMapSDK_base_v7_6_3.so,241,7,,not found
libMicrosoft.CognitiveServices.Speech.extension.lu.so,240,24,https://github.com/microsoft-foundry/SpeechSDK,not sure
libupwallet.so,237,44,,not found
libmsoptimize.so,235,11,,not found
libupsdkencrypt.so,234,18,,not found
libhermesinstancejni.so,234,10,https://github.com/facebook/react-native/blob/HEAD/packages/react-native/ReactAndroid/src/main/jni/react/runtime/hermes/jni/OnLoad.cpp,True
librninstance.so,234,14,https://github.com/facebook/react-native/blob/HEAD/packages/react-native/ReactAndroid/src/main/jni/react/runtime/jni/OnLoad.cpp,True
libuimanagerjni.so,234,11,https://github.com/facebook/react-native/blob/HEAD/packages/react-native/ReactAndroid/src/main/jni/react/uimanager/OnLoad.cpp,True
libBugly-idasc.so,234,8,https://github.com/BuglyDevTeam/Bugly-Android-Demo,not sure
liblive-openh264.so,233,12,https://github.com/cisco/openh264,not sure
libsecurityenv.so,232,13,,not found
libjscinstance.so,232,12,https://github.com/facebook/react-native/blob/v0.54.4/ReactCommon/cxxreact/JSCExecutor.cpp,not sure
libBaiduMapSDK_base_v7_6_2.so,232,6,,not found
libYTImageRefiner.so,231,18,,not found
libexpo-modules-core.so,231,80,https://github.com/expo/expo/blob/ae59319fd777c262daadd8e6a2d88bc13aeeb1e3/packages/expo-modules-core/android/src/main/cpp/JavaScriptRuntime.cpp,True
libSecShell-x86.so,231,158,,not found
libqimei.so,231,30,https://github.com/baiji6/BaiJiMusic/blob/a3773a535cd05f6b421b24bd1a839bee845c22d7/app/src/main/cpp/qqapi/alg/qimei.c,not sure
libffmpeg_mediametadataretriever_jni.so,230,19,https://github.com/wseemann/FFmpegMediaMetadataRetriever/blob/b22f62c82f0639506555bfba7eff51c04cb0f0b6/native/src/main/jni/metadata/ffmpeg_mediametadataretriever.c,True
libupsdkpayex.so,228,36,,not found
libBaiduMapSDK_base_v7_5_3.so,228,6,,not found
libmbedtls.so,227,25,https://github.com/Mbed-TLS/mbedtls/blob/de23569aa95ac518e1c794236219dcb04fca4ae5/library/debug.c,True
libagora_content_inspect_extension.so,227,20,https://github.com/AgoraIO/API-Examples,not sure
libapp_BaiduNaviApplib.so,226,51,,not found
libZBarDecoder.so,225,31,https://github.com/mchehab/zbar/blob/2d7bada6ecc247e508640b31fe31e323731dadc1/zbar/decoder.c,not sure
libttEncrypt.so,224,6,,not found
libmediautil_v7.so,224,0,,not found
libyx_alog.so,223,19,,not found
libncrash.so,222,9,,not found
libj2v8.so,221,27,https://github.com/eclipsesource/J2V8/blob/ef51daad093f21f714727b704ec740a5fb1e5f1e/jni/android_stdio_stubs.c,True
libbitmaps.so,220,30,,not found
libtanId.so,218,8,,not found
libskegn.so,217,63,,not found
libbrcrash_dumper.so,217,20,,not found
libbrcrash.so,217,23,,not found
libpnc-crypto.so,217,94,,not found
libagora_video_quality_analyzer_extension.so,217,33,https://github.com/AgoraIO/API-Examples,not sure
libagora_video_encoder_extension.so,216,51,https://github.com/AgoraIO/API-Examples,not sure
libnbslog.so,216,23,,not found
libreact_codegen_safeareacontext.so,215,104,https://github.com/AppAndFlow/react-native-safe-area-context,true
libncrash_dumper.so,215,6,,not found
libMicrosoft.CognitiveServices.Speech.extension.silk_codec.so,215,14,https://github.com/microsoft-foundry/SpeechSDK,not sure
libinfostat-m-lib.so,214,2,,not found
libBaiduMapSDK_map_v7_5_3.so,214,9,,not found
libagora_face_detection_extension.so,214,30,https://github.com/AgoraIO/API-Examples,not sure
libcrypto.1.1.so,213,33,https://github.com/openssl/openssl/blob/OpenSSL_1_1_1w/crypto/evp/evp_enc.c,True
libWXVoice.so,212,13,,not found
libsmkernel_110f.so,212,28,,not found
libssl.1.1.so,212,30,https://github.com/openssl/openssl/blob/OpenSSL_1_1_1w/ssl/ssl_lib.c,True
libavfilter_ffmpeg.so,211,2,https://github.com/FFmpeg/FFmpeg/blob/10506de9ad1fb050737ef79cf4853742b793c37d/libavfilter/avfilter.c,not sure
libsmart_cropper.so,210,36,,not found
libmttpdfcore.so,210,1,,not found
libmttpdfjni.so,210,2,,not found
libjl_ota_auth.so,210,17,,not found
liblogic.so,210,1,,not found
libchmlib.so,210,2,https://github.com/jedwing/CHMLib/blob/2bef8d063ec7d88a8de6fd9f0513ea42ac0fa21f/src/chm_lib.c,True
libagora-crypto.so,210,8,https://github.com/AgoraIO/API-Examples,not sure
libyt_safe.so,209,100,,not found
libnetmobsec-4.4.7.so,209,13,,not found
libbaiduprotect_sec_jni_v3_lite_face.so,209,11,,not found
libgesturehandler.so,208,97,https://github.com/software-mansion/react-native-gesture-handler/blob/993bbe74a5b258a9b2078a19ef4c2093d06564e2/packages/react-native-gesture-handler/android/src/main/jni/OnLoad.cpp,True
libBaiduMapSDK_map_v7_6_4.so,208,7,,not found
libeffect.so,207,81,,not found
libfaceidlivenessv5.so,206,47,,not found
libvudroid.so,204,6,https://storage.googleapis.com/google-code-archive-source/v2/code.google.com/vudroid/source-archive.zip,True
libads-c.so,203,6,,not found
libJNISample.so,203,13,,not found
libmemchunk.so,203,21,https://github.com/facebook/fresco/blob/HEAD/imagepipeline-native/src/main/jni/memchunk/NativeMemoryChunk.c,True
libBaiduMapSDK_map_v7_6_2.so,203,6,,not found
libjni-test.so,202,1,,not found
libEncryptor.so,202,8,,not found
libods.so,201,4,,not found
libNative.so,200,49,,not found
libreact_codegen_rnscreens.so,198,95,https://github.com/software-mansion/react-native-screens,true
liblywmAliAgainstId.so,198,9,,not found
libVisionCamera.so,198,79,https://github.com/mrousavy/react-native-vision-camera/blob/91bae1f08d549b50444ee16661dc4f4375cba0b6/packages/react-native-vision-camera/android/src/main/cpp/cpp-adapter.cpp,True
libwebp.so,198,42,https://github.com/webmproject/libwebp/blob/7073d86ced421fee654eeb84c5255ed88e1ebffa/src/dsp/enc.c,True
libMegActionFmpJni.so,198,38,https://github.com/FacePlusPlus/MegviiFacepp-Android-SDK,not sure
libomp.so,197,37,,not found
libbangcle_risk.so,196,73,,not found
libhiai.so,196,26,https://github.com/946166920/hiai_ddk/blob/42142161fb414a8d53973b0d5ccbd0de7872d5d9/src/framework/model_manager/core/model_manager_impl.cpp,True
libpolyvffmpeg.so,196,27,https://github.com/polyv/polyv-android-media-player-sdk-demo,not sure
libpolyvplayer.so,196,28,https://github.com/polyv/polyv-android-media-player-sdk-demo,not sure
libpolyvsdl.so,196,17,https://github.com/polyv/polyv-android-media-player-sdk-demo,not sure
liball_in_one.so,195,78,,not found
libhmp.so,195,9,,not found
libbmf_module_sdk.so,195,9,,not found
libcsiipowerenter.so,195,80,,not found
libonnxruntime.so,195,51,https://github.com/microsoft/onnxruntime/blob/0c45e0dc8e85c10e835b6347e2bdd56f02c6406e/onnxruntime/core/session/inference_session.cc,True
libPoboHQData.so,195,32,,not found
libPoboHQDataJNI.so,195,24,,not found
libPoboTrade.so,195,35,,not found
libPoboTradeJNI.so,195,30,,not found
libPoboTradeSpeed.so,195,28,,not found
libPoboTradeSpeedJNI.so,195,22,,not found
libPoboUpdateData.so,195,28,,not found
libPoboUpdateDataJNI.so,195,23,,not found
libPoboYTZData.so,195,26,,not found
libPoboYTZDataJNI.so,195,21,,not found
libarcore_sdk_c.so,195,50,https://github.com/google-ar/arcore-android-sdk,not sure
lib_jbmf.so,194,10,,not found
lib_jhmp.so,194,10,,not found
libQuCore.so,194,45,,not found
libTransform.so,194,5,,not found
libkoom-strip-dump.so,194,24,https://github.com/KwaiAppTeam/KOOM/blob/df3b8c33f63ab1f23e814c19792314efb653deaf/koom-java-leak/src/main/cpp/hprof_strip.cpp,True
libjiagu_sdk_hhsdkProtected.so,194,8,,not found
libqysdk_simd.so,193,13,,not found
libads-ac.so,193,3,,not found
libscorpion.so,193,7,,not found
libopluslog.so,192,3,,not found
libkoom-fast-dump.so,192,22,https://github.com/KwaiAppTeam/KOOM/blob/df3b8c33f63ab1f23e814c19792314efb653deaf/koom-fast-dump/src/main/cpp/hprof_dump.cpp,True
libspark.so,191,26,,not found
libhiai_ir.so,191,24,https://github.com/946166920/hiai_ddk/blob/42142161fb414a8d53973b0d5ccbd0de7872d5d9/src/framework/graph/core/cgraph/graph_spec.cpp,True
libpldroid_encoder.so,191,14,https://github.com/pili-engineering/PLDroidShortVideo,not sure
libtuikitengineroom.so,190,42,,not found
libactiveliveness.so,190,39,,not found
libCWFaceDetTrack.so,190,40,,not found
libMicrosoft.CognitiveServices.Speech.extension.kws.ort.so,190,6,https://github.com/microsoft-foundry/SpeechSDK,not sure
libarcore_sdk_jni.so,190,47,https://github.com/google-ar/arcore-android-sdk,not sure
libhiai_ir_build.so,190,25,https://github.com/946166920/hiai_ddk/blob/42142161fb414a8d53973b0d5ccbd0de7872d5d9/src/framework/model_builder/ir/build/hiai_ir_build.cpp,True
libsgsecuritybodyso-5.5.61.so,190,6,https://github.com/sgInnora/alipay-securityguard-analysis,not sure
libhexagonAlg.so,189,5,,not found
librenderscript-toolkit.so,189,69,https://github.com/android/renderscript-intrinsics-replacement-toolkit/blob/344be3f6bf03fb6b63a80b36f08f8dccac59d784/renderscript-toolkit/src/main/cpp/Lut.cpp,True
libagora_dav1d_extension.so,188,18,https://github.com/AgoraIO/API-Examples,not sure
libsgmiddletierso-5.5.53.so,188,6,https://github.com/sgInnora/alipay-securityguard-analysis,not sure
libbronlinetracking.so,187,19,,not found
libmegface_v5.so,186,11,https://github.com/FacePlusPlus/MegviiFacepp-Android-SDK,not sure
libnllvm.so,185,98,,not found
libmp3lamest.so,184,10,,not found
libcocos2djs.so,184,82,https://github.com/cocos2d/cocos2d-x/blob/7a5282a301a13e467bdcc3466d3cd3883862aadf/cocos/base/CCDirector.cpp,not sure
libtingyun-strip-dump.so,184,19,,not found
libandroidlame.so,183,19,https://github.com/naman14/TAndroidLame/blob/59616bf8f046623df23f58ecba4301e30a4baa4c/androidlame/src/main/jni/AndroidLame.c,True
libAMapSDK_MAP_v9_2_0.so,183,6,https://github.com/amapapi/Android_3D_Demo,not sure
libpns-2.13.3-LogOnlineStandardCuumRelease_alijtca_plus.so,183,7,,not found
libnative-tianmu-common.so,182,27,,not found
libnative-tianmu-lib.so,182,25,,not found
libtingyun-android-base.so,182,19,,not found
libtingyun-fast-dump.so,182,19,,not found
libBaiduMapSDK_base_v7_5_0.so,181,5,,not found
libagora-rtm-sdk-jni.so,181,42,https://github.com/AgoraIO/API-Examples,not sure
libvolcenginertc.so,181,39,,not found
libPlayCtrl.so,180,55,,not found
libAMapSDK_MAP_v9_2_1.so,180,3,https://github.com/amapapi/Android_3D_Demo,not sure
libtt_ugen_yoga.so,178,3,,not found
libop_ssl.so,178,111,,not found
libcnsse.so,178,88,,not found
libyuvutil.so,178,46,,not found
libc++.so,177,7,,not found
libhermes-executor-common-release.so,177,18,https://github.com/facebook/react-native/blob/2642fe185f9282ef6e39619617671068f9696008/ReactCommon/hermes/executor/HermesExecutorFactory.cpp,True
libmetasec_ml.so,177,39,,not found
libad_alog.so,176,1,,not found
libzyencrypt.so,176,111,,not found
libjni_liveness_interactive.so,176,44,,not found
libSystemTransform.so,175,22,,not found
libagora_super_resolution_extension.so,175,25,https://github.com/AgoraIO/API-Examples,not sure
libpldroid_amix.so,174,18,https://github.com/pili-engineering/PLDroidShortVideo,not sure
libAliFaceAREngine.so,173,14,,not found
libxysdk-native-lib.so,173,2,,not found
libliantiansec.so,172,28,,not found
libxdl.so,172,19,https://github.com/hexhacking/xDL/blob/1e0b6254165a2ddcbd32f77a371700c69155acf8/xdl/src/main/cpp/xdl.c,True
libpldroid_beauty.so,172,13,https://github.com/pili-engineering/PLDroidShortVideo,not sure
libopencv_imgcodecs.so,171,15,https://github.com/opencv/opencv/blob/73a26a423163d0284a41e997717b00933978b256/modules/imgcodecs/src/rgbe.cpp,True
libBaiduMapSDK_map_v7_6_3.so,171,11,,not found
libagora_video_process_extension.so,171,24,https://github.com/AgoraIO/API-Examples,not sure
libRoadLineRebuildAPI.so,170,4,,not found
libandfix.so,170,15,https://github.com/alibaba/AndFix/blob/0351a4bc38a7d30bc61a6d3e74777d4eff4ad5e9/jni/andfix.cpp,True
libfilament-jni.so,170,44,https://github.com/google/filament/blob/ac4a2a85542c856073a81a77fc183621ce39fb23/android/common/JniUtils.cpp,True
libBugly-webank.so,170,10,https://github.com/BuglyDevTeam/Bugly-Android-Demo,not sure
libSparkChain.so,170,23,,not found
libagora_fd_extension.so,170,16,https://github.com/AgoraIO/API-Examples,not sure
libreact_codegen_rnsvg.so,169,81,https://github.com/software-mansion/react-native-svg,true
librnupdate.so,169,7,,not found
libhpr.so,169,8,,not found
libreact_devsupportjni.so,169,8,https://github.com/facebook/react-native/blob/HEAD/packages/react-native/ReactAndroid/src/main/jni/react/devsupport/OnLoad.cpp,True
libreact_featureflags.so,169,6,https://github.com/facebook/react-native/blob/HEAD/packages/react-native/ReactCommon/react/featureflags/ReactNativeFeatureFlags.cpp,True
libreact_featureflagsjni.so,169,9,https://github.com/facebook/react-native/blob/HEAD/packages/react-native/ReactAndroid/src/main/jni/react/featureflags/OnLoad.cpp,True
libagora_dav1d.so,169,4,https://github.com/AgoraIO/API-Examples,not sure
libagora_lip_sync_extension.so,169,41,https://github.com/AgoraIO/API-Examples,not sure
libmegface.so,169,10,https://github.com/FacePlusPlus/MegviiFacepp-Android-SDK,not sure
libdwmedia.so,168,5,,not found
libbytenn.so,168,36,,not found
zyencrypt.so,168,0,,not found
libkcy_wrap.so,168,5,,not found
libkcy.so,168,7,,not found
libagora-rtc-sdk-jni.so,168,36,https://github.com/AgoraIO/API-Examples,not sure
zyencrypt2.so,167,0,,not found
libmt_scylla.so,167,49,,not found
liblocal_ivw.so,167,16,,not found
libapp_BaiduPanoramaAppLib.so,166,16,,not found
libdeepsupervise.so,166,10,,not found
libmobileffmpeg_armv7a_neon.so,166,0,https://github.com/tanersener/mobile-ffmpeg/blob/7a9c62f5563bff68da43d07e3286b5d8db50d53f/android/app/src/main/cpp/mobileffmpeg.c,True
libagora_full_audio_format_extension.so,166,23,https://github.com/AgoraIO/API-Examples,not sure
libccxlog.so,165,5,,not found
libdetect.so,165,9,,not found
zyencrypt3.so,165,0,,not found
libapssdk.so,165,5,,not found
libdart_native_imsdk.so,164,16,,not found
libvsecbox.so,164,3,,not found
libhermes-executor-common-debug.so,164,16,https://github.com/facebook/react-native/blob/2642fe185f9282ef6e39619617671068f9696008/ReactCommon/hermes/executor/HermesExecutorFactory.cpp,True
libagora_ci_extension.so,164,15,https://github.com/AgoraIO/API-Examples,not sure
libdfitc-encode.so,163,6,,not found
libAMapSDK_NAVI_v10_0_800.so,163,5,https://github.com/amapapi/Android_3D_Demo,not sure
libpns-2.14.3-LogOnlineStandardCuumRelease_alijtca_plus.so,163,6,,not found
libnshelper.so,161,44,,not found
libbd_tts_log.so,161,11,,not found
libFormatConversion.so,161,31,,not found
libengine.so,160,24,,not found
libAPSE_8.0.0.so,159,30,,not found
libtquic.so,159,20,https://github.com/Tencent/tquic/blob/938e90adb460b5ff08b2bc6d11a3e1ba52c27a8d/src/lib.rs,True
libalive_detected.so,158,18,,not found
libjiagu_sdk_trackzProtected.so,158,5,,not found
libbd_facecollect_unifylicense.so,157,10,,not found
libLibCwUtils.so,157,30,,not found
libwebpimage.so,157,25,https://github.com/facebook/fresco/blob/c16e820d083693cb43cac95c6cc52d9e024cd37c/imagepipeline/src/main/jni/webpimage/webp.cpp,True
libnenn.so,156,12,,not found
libRtkAesJni.so,156,7,,not found
libtracepath.so,155,35,,not found
libvivoantisdk.so,155,5,,not found
libsmkernel.so,155,9,,not found
libssound.so,154,28,,not found
libLanSongffmpeg.so,154,31,https://github.com/FFmpeg/FFmpeg,not sure
libGNaviSearch.so,154,5,,not found
libGNaviMapex.so,154,14,,not found
libGNaviUtils.so,154,11,,not found
libGNaviMap.so,154,13,,not found
libGNaviData.so,154,7,,not found
libmupdf_java.so,154,37,https://github.com/ArtifexSoftware/mupdf/blob/b93c688904edeacc2fb7f8c39d2e8cbba2bbe72f/platform/java/mupdf_native.c,True
libnllvm1717052779924.so,153,2,,not found
libkoom-java.so,153,32,https://github.com/KwaiAppTeam/KOOM/blob/df3b8c33f63ab1f23e814c19792314efb653deaf/koom-java-leak/src/main/cpp/native_bridge.cpp,not sure
libjcore336.so,153,3,https://github.com/jpush/android-push-example,not sure
libNPClient.so,152,23,,not found
liblivenessdetection_v2.4.7.so,152,3,,not found
libhcnetsdk.so,152,18,,not found
libHCCoreDevCfg.so,152,18,,not found
libijkengine-mp3.so,152,8,,not found
libHCGeneralCfgMgr.so,151,18,,not found
libHCPreview.so,151,18,,not found
libHCPlayBack.so,151,18,,not found
libHCVoiceTalk.so,151,18,,not found
libsilk_jni.so,151,8,,not found
libBaiduMapSDK_base_v7_4_0.so,151,3,,not found
libLanSongplayer.so,150,25,,not found
libLanSongdisplay.so,150,18,,not found
libHCDisplay.so,150,18,,not found
libHCIndustry.so,150,18,,not found
libHCCore.so,150,17,,not found
libHCAlarm.so,150,18,,not found
libgdx.so,149,31,https://github.com/libgdx/libgdx/blob/c941e9bc85450d9939a7dc3598a2ff35ba6d60a2/gdx/jni/gdx2d/gdx2d.c,True
libAMapSDK_MAP_v9_8_3.so,149,5,https://github.com/amapapi/Android_3D_Demo,not sure
libun7zip.so,148,29,,not found
libpns-2.13.9-LogOnlineStandardCuumRelease_alijtca_plus.so,148,4,,not found
libUdpClient.so,147,10,,not found
libsadp.so,147,19,,not found
libfinmp3lame.so,147,8,,not found
libjcore332.so,147,4,https://github.com/jpush/android-push-example,not sure
libezstreamclient.so,146,50,,not found
libA3AEECD8.so,146,4,,not found
libxeno_native.so,146,17,,not found
libtensorflowlite_c.so,146,25,https://github.com/tensorflow/tensorflow/blob/2cd0c5b52c738eaf05fe18866b9da090fa3fea87/tensorflow/lite/delegates/gpu/api.cc,True
libAMapSDK_MAP_v10_1_200.so,146,6,https://github.com/amapapi/Android_3D_Demo,not sure
libTIWLogger.so,145,18,,not found
libtcpcore-master.so,145,4,,not found
libtcpdownloadproxy.so,145,4,,not found
libtcpthirdparties-master.so,145,3,,not found
libezutils.so,145,9,,not found
libencryptprotect.so,145,7,,not found
libAkSdk.so,145,53,,not found
libTPCore-master.so,144,37,,not found
libbdsword.so,144,17,,not found
libIDCardScan.so,144,47,,not found
libBaiduMapSDK_base_v7_6_1.so,144,9,,not found
libpns-1.2.7-OnlineRelease_alijtca_plus.so,144,1,,not found
libappstoresec.so,143,6,,not found
libCloudroomVideoSDK_Android.so,143,19,,not found
libBaiduMapSDK_base_v7_6_6.so,143,4,,not found
libijkhlscache-master.so,142,12,,not found
libmplayer.so,142,14,,not found
libuvc.so,142,41,https://github.com/saki4510t/UVCCamera/tree/master/libuvccamera/src/main/jni/libuvc,true
libxt3.0_a.so,142,0,,not found
libxt3.0_x64.so,142,0,,not found
libxt3.0_x86.so,142,0,,not found
libxt3.0_a64.so,142,0,,not found
libvad.so,142,28,,not found
libTHIDLiveDetect.so,142,38,,not found
libcryptoGM.so,142,12,,not found
libMNN_Express.so,142,53,https://github.com/alibaba/MNN/blob/2c3f5b21a223734e5db7da4ef7b492bc02cafcf5/express/Expr.cpp,True
libnrtc_mp4v2.so,142,14,https://github.com/netease-kit/NECallKit,not sure
libnrtc_sdk.so,142,33,https://github.com/netease-kit/NECallKit,not sure
libstidinteractive_liveness.so,142,31,https://github.com/SoftSugar-Inc/effects-android,not sure
libUVCCamera.so,141,40,https://github.com/saki4510t/UVCCamera/tree/master/libuvccamera/src/main/jni/UVCCamera,true
libFaceSDK.so,141,23,,not found
libYTKeyboard.so,141,14,,not found
libcommonV2DevInfo.so,140,7,,not found
libidcard.so,140,25,,not found
libsnappy-android.so,140,20,https://github.com/google/snappy,not sure
libBankCardScanSDK.so,140,40,,not found
libquickjs-android.so,140,19,https://github.com/taoweiji/quickjs-android/blob/fadb5b52f2ea988420b4d8dfae589ab55d66b911/quickjs-android/src/main/cpp/quickjs-jni.cpp,True
libARM_ARCH.so,139,6,,not found
libflipped.so,139,10,,not found
libkycgm.so,139,7,,not found
libpns-2.13.7-LogOnlineStandardCuumRelease_alijtca_plus.so,139,5,,not found
libDownloadProxy.so,138,38,,not found
libneonuijni.so,138,13,,not found
libpolyvSDKModule.so,138,5,https://github.com/polyv/polyv-android-media-player-sdk-demo,not sure
libusb100.so,137,37,https://github.com/saki4510t/UVCCamera/tree/master/libuvccamera/src/main/jni/libusb,true
libv8executor.so,137,31,,not found
libstunClient.so,137,11,,not found
libNPQos.so,137,15,,not found
libpbo_jni.so,137,9,,not found
libaim.so,137,17,,not found
libzmf.so,137,46,,not found
libcloudwalk_sdk.so,137,45,,not found
libLebConnection.so,136,5,,not found
libijkrecorder.so,136,10,,not found
libijkeditor.so,136,10,,not found
libijkengine-gif.so,136,10,,not found
libijkmmengine.so,136,10,,not found
libBaiduMapSDK_base_v7_5_9.so,136,6,,not found
libBaiduMapSDK_map_v7_5_0.so,136,3,,not found
libNERtcnn.so,136,13,https://github.com/netease-kit/NECallKit,not sure
libqb_keystore.so,135,3,,not found
libsec.so,135,70,,not found
libagora_face_capture_extension.so,135,30,https://github.com/AgoraIO/API-Examples,not sure
libnelprender.so,134,31,,not found
libtbmarsxlog.so,134,9,https://github.com/Tencent/mars,not sure
libneliveplayer.so,134,39,,not found
libEsafeexptp.so,133,22,,not found
libdexpatch.so,133,8,,not found
libdexpatch_x86.so,133,7,,not found
libgemm.so,133,10,,not found
libagora_video_av1_decoder_extension.so,133,28,https://github.com/AgoraIO/API-Examples,not sure
libnelpengine.so,133,18,,not found
libjpeg-turbo1500.so,132,35,https://github.com/saki4510t/UVCCamera/tree/master/libuvccamera/src/main/jni/libjpeg-turbo-1.5.0,true
libHKELocal.so,132,26,,not found
libbetter.so,131,5,,not found
libv8android.so,131,20,,not found
libLaneSeg.so,131,8,,not found
libbutter.so,131,4,,not found
libreactconfig.so,131,9,https://github.com/facebook/react-native/blob/2642fe185f9282ef6e39619617671068f9696008/ReactCommon/react/config/ReactNativeConfig.cpp,True
librrc_modal.so,131,11,https://github.com/facebook/react-native/blob/HEAD/packages/react-native/ReactCommon/react/renderer/components/modal/ModalHostViewState.cpp,True
librrc_progressbar.so,131,11,https://github.com/facebook/react-native/blob/HEAD/packages/react-native/ReactCommon/react/renderer/components/progressbar/android/react/renderer/components/progressbar/AndroidProgressBarShadowNode.cpp,True
librrc_slider.so,131,11,https://github.com/facebook/react-native/blob/b0a27d2b4b9f474deaf3835c9a1b9af200dd9f79/ReactCommon/react/renderer/components/slider/SliderState.cpp,True
librrc_switch.so,131,11,https://github.com/facebook/react-native/blob/HEAD/packages/react-native/ReactCommon/react/renderer/components/switch/androidswitch/react/renderer/components/androidswitch/AndroidSwitchShadowNode.cpp,True
libAMapSDK_MAP_v9_6_0.so,131,6,https://github.com/amapapi/Android_3D_Demo,not sure
libcloudwalksdk.so,131,41,,not found
libmxldd.so,130,41,,not found
libYTImageRefinerPub.so,130,16,,not found
libjl_fatfs.so,130,10,,not found
libjl_auth.so,130,9,,not found
libjl_pack_format.so,130,10,,not found
libjl_crc.so,130,9,,not found
libjcore424.so,130,4,https://github.com/jpush/android-push-example,not sure
libx5log.so,130,1,https://github.com/TencentBrowsingService/TBS_SDK,not sure
libEZAudioSDK.so,129,23,,not found
libWangyinCryptoLib.so,129,53,,not found
libmedia-handle.so,129,77,,not found
libsqyd.so,128,1,,not found
libBaiduMapSDK_map_v7_4_0.so,128,3,,not found
libcloudwalk_ocr_sdk.so,128,23,,not found
libpolyvModule.so,128,19,https://github.com/polyv/polyv-android-media-player-sdk-demo,not sure
libtbsqimei.so,128,3,https://github.com/TencentBrowsingService/TBS_SDK,not sure
libjl_bmp_convert.so,127,6,,not found
libosmss3rd-0.0.4.so,127,4,,not found
libosmss3rdc-0.0.1.so,127,4,,not found
libdex2oat10.so,127,6,,not found
libandfix_x86.so,127,7,https://github.com/alibaba/AndFix/blob/0351a4bc38a7d30bc61a6d3e74777d4eff4ad5e9/jni/andfix.cpp,not sure
libreact_cxxreactpackage.so,127,3,https://github.com/facebook/react-native/blob/HEAD/packages/react-native/ReactAndroid/src/main/jni/react/runtime/cxxreactpackage/ReactCommon/CxxReactPackage.h,True
libjcore400.so,127,5,https://github.com/jpush/android-push-example,not sure
libpns-2.13.10-LogOnlineStandardCuumRelease_alijtca_plus.so,127,2,,not found
libnewopus.so,126,9,https://github.com/xiph/opus,not sure
libGifLib.so,126,3,,not found
libpldroid_mmprocessing.so,126,16,https://github.com/pili-engineering/PLDroidShortVideo,not sure
libpldroid_streaming_aac_encoder.so,126,11,https://github.com/pili-engineering/PLDroidShortVideo,not sure
libpldroid_streaming_core.so,126,23,https://github.com/pili-engineering/PLDroidShortVideo,not sure
libpldroid_streaming_h264_encoder.so,126,13,https://github.com/pili-engineering/PLDroidShortVideo,not sure
libhts.so,125,3,,not found
libvmd.so,124,54,,not found
libscorpion_bin.so,124,0,,not found
libNvStreamingSdkCore.so,123,55,,not found
libffmpeg-invoke.so,123,19,https://github.com/FFmpeg/FFmpeg,not sure
libfinauthlivenessv5Ex.so,123,17,,not found
libndkCameraEx.so,123,8,,not found
libsslPrivate.so,123,19,,not found
libcryptoPrivate.so,123,19,,not found
zyencrypt4.so,122,0,,not found
libcsgface.so,122,6,,not found
libsrt.so,122,21,https://github.com/Haivision/srt/blob/d913a88bf5612f62c80d586e5e6c2ab62073d204/cmake_object_lib_support.c,True
libczxing.so,121,20,,not found
libWebViewCore_3.22.2.72.240709175818_7z_uc.so,121,1,,not found
libquickjs.so,121,47,https://github.com/taoweiji/quickjs-android/blob/fadb5b52f2ea988420b4d8dfae589ab55d66b911/quickjs-android/src/main/cpp/quickjs/quickjs/quickjs.c,True
libpldroid_streaming_amix.so,121,10,https://github.com/pili-engineering/PLDroidShortVideo,not sure
libnMg.so,120,3,,not found
libCom.so,120,9,,not found
libJNI_TripleDES.so,120,15,,not found
libBase93.so,120,12,,not found
libmpv.so,120,9,https://github.com/mpv-player/mpv/blob/36abaa32d00a7229ee206aae12dc0e97e7962dca/player/client.c,True
libAndroidBankCard.so,119,31,,not found
libSafeKBCrypter.so,119,46,,not found
libBugly-rqd.so,119,10,https://github.com/BuglyDevTeam/Bugly-Android-Demo,not sure
libpldroid_streaming_puic.so,119,5,https://github.com/pili-engineering/PLDroidShortVideo,not sure
libalibabacloud-idst-speech.so,118,10,,not found
libnativelib.so,118,42,,not found
libmarsstn.so,118,45,https://github.com/Tencent/mars/blob/HEAD/mars/libraries/mars_android_sdk/jni/import.cc,True
libAMapSDK_MAP_v10_1_300.so,118,6,https://github.com/amapapi/Android_3D_Demo,not sure
libBaiduMapSDK_map_v7_6_6.so,118,3,,not found
liblocSDK6a.so,118,9,,not found
libpns-2.12.10-NologOnlineStandardRelease_alijtca_plus.so,118,3,,not found
libdml.so,117,1,,not found
libhcl.so,117,8,,not found
libbangcle_risk00.so,117,34,,not found
libtobEmbedEncryptForM.so,117,5,,not found
libyxbase.so,115,14,,not found
libAMapSDK_MAP_v9_7_0.so,115,3,https://github.com/amapapi/Android_3D_Demo,not sure
libjcore330.so,115,4,https://github.com/jpush/android-push-example,not sure
libpns-2.13.7-LogOnlineStandardCuumChannel_alijtca_plus.so,115,3,,not found
libnpth_logcat.so,114,13,,not found
libalipdns.so,114,8,,not found
libBaiduMapSDK_map_v7_5_9.so,114,9,,not found
libmediakitandroidhelper.so,113,2,,not found
libwebpbackport.so,113,2,https://chromium.googlesource.com/webm/libwebp/,not sure
libnpth.so,113,33,,not found
libtbThumbnail.so,113,15,,not found
libtbMPlayer.so,112,23,,not found
libMediaMuxer.so,112,11,,not found
liblinearallocpatch.so,112,4,,not found
libjni_liveness_silent.so,112,29,,not found
libbaidu_license.so,112,8,,not found
libdtpkcy_wrap.so,112,1,,not found
libdtpkcy.so,112,1,,not found
libtquic_jni.so,112,5,https://github.com/Tencent/tquic/blob/938e90adb460b5ff08b2bc6d11a3e1ba52c27a8d/src/lib.rs,not sure
libtbDownloader.so,111,22,,not found
libbspatch_utils.so,111,8,,not found
libnpth_dl.so,111,15,,not found
libMediaAssistant.so,111,8,,not found
libMediaVDecode.so,111,8,,not found
libMediaACodec.so,111,10,,not found
libMediaExtractor.so,111,10,,not found
libMediaPostProc.so,111,8,,not found
libMediaVEncode.so,111,8,,not found
librtslog.so,111,6,,not found
libzstd.so,111,24,https://github.com/facebook/zstd/blob/49cf51799ea051457f57243527aa2058f999f005/lib/decompress/zstd_decompress.c,True
libhiai_hcl_model_runtime.so,111,11,https://github.com/946166920/hiai_ddk,not sure
libsupzip.so,110,6,,not found
libhexagonAlg_skel.so,110,0,,not found
libssid_interactive_jni.so,110,6,,not found
libAudio360-JNI.so,109,7,,not found
libAudio360.so,109,7,,not found
libh265enc.so,109,9,,not found
libtiff.so,109,11,https://gitlab.com/libtiff/libtiff/-/raw/master/libtiff/tif_open.c,True
libAMapSDK_MAP_v9_8_2.so,109,6,https://github.com/amapapi/Android_3D_Demo,not sure
libRongRTCSupport.so,109,21,https://github.com/rongcloud/rongcloud-im-flutter-sdk,not sure
libsgmainso-5.5.75.so,109,1,https://github.com/sgInnora/alipay-securityguard-analysis,not sure
libsgmiddletierso-5.5.72.so,109,1,https://github.com/sgInnora/alipay-securityguard-analysis,not sure
libsgsecuritybodyso-5.5.85.so,109,1,https://github.com/sgInnora/alipay-securityguard-analysis,not sure
libcpufeatures.so,108,12,,not found
libhts_x86.so,108,2,,not found
libllvminteractive.so,108,5,,not found
libHKESipCryptor.so,108,24,,not found
libRongRTCLib.so,108,21,https://github.com/rongcloud/rongcloud-im-flutter-sdk,not sure
libstidsilent_liveness.so,108,26,https://github.com/SoftSugar-Inc/effects-android,not sure
libzegoliveroom.so,108,37,https://github.com/zegoim/zego-express-example-faceunity,not sure
libtbSoundTempo.so,107,20,,not found
libtracker.so,107,4,,not found
libsafexEx.so,107,6,,not found
libshadowhook_nothing.so,107,6,https://github.com/bytedance/android-inline-hook/blob/593f491be68799f03ee3bab71ce5908846437147/shadowhook/src/main/cpp/nothing/sh_nothing.c,True
libapmliteb.so,106,7,,not found
libnetwork-android.so,106,27,,not found
libmtc.so,106,41,,not found
libBaiduMapSDK_base_v7_6_0.so,106,5,,not found
libopusJNI.so,105,11,https://github.com/xiph/opus,not sure
libsecsdk_tianmu.so,105,4,,not found
libsqlite_encrypt.so,105,4,,not found
libwmAliAgainstId.so,105,10,,not found
libVpuMoreCardPicPreKV.so,105,36,,not found
libnetwork_util.so,105,15,,not found
libvlcjni.so,105,35,https://github.com/videolan/vlc-android/blob/2.0.0/libvlc/jni/libvlcjni.c,True
libapmlitea.so,104,7,,not found
lib_Rong_ffmpeg.so,104,10,https://github.com/FFmpeg/FFmpeg,not sure
libmainstone.so,104,10,,not found
libGaeaLwp.so,104,2,,not found
libGaeaLwpOverBifrost.so,104,2,,not found
libAMapSDK_MAP_v9_1_0.so,104,5,https://github.com/amapapi/Android_3D_Demo,not sure
libBaiduMapSDK_map_v7_6_1.so,104,10,,not found
libpldroid_crash.so,104,5,https://github.com/pili-engineering/PLDroidShortVideo,not sure
libbdaudioeffect.so,103,8,,not found
liblog4a-lib.so,103,23,,not found
libBleLib.so,103,6,,not found
libalclog.so,103,1,,not found
libdumpcrash.so,103,1,,not found
libajx_v3.so,103,1,,not found
libBaiduMapSDK_base_v7_5_8.so,103,7,,not found
libbytertc_nico_extension.so,103,8,,not found
libtranslate_jni.so,102,7,,not found
libwtcrypto.so,102,6,,not found
libAndroidIDCard.so,102,32,,not found
libneonui_mit_shared.so,102,4,,not found
libhfyuv.so,102,42,,not found
libnertd.so,101,20,,not found
libsecurity.so,101,42,,not found
libmindspore-lite-videoeditor.so,101,4,https://github.com/mindspore-ai/mindspore,not sure
libminddata-lite.so,101,2,,not found
libmbedcrypto.so,101,12,https://github.com/Mbed-TLS/mbedtls/blob/v2.28.9/library/aes.c,True
libmbedx509.so,101,10,https://github.com/Mbed-TLS/mbedtls/blob/de23569aa95ac518e1c794236219dcb04fca4ae5/library/x509.c,True
libpdfiumandroid.so,101,10,https://github.com/johngray1965/PdfiumAndroidKt/blob/5c4f4fe08d408a8803418f8c6f3fb96770bdc400/pdfiumandroid/core/src/main/cpp/pdfiumandroid.cpp,True
libx264.so,101,38,https://code.videolan.org/videolan/x264/-/raw/master/encoder/encoder.c,True
libwechatxlog.so,100,10,https://github.com/Tencent/mars,not sure
libnpth_dumper.so,100,23,,not found
libaudio-shared.so,100,5,,not found
libtrustdevice.so,100,26,,not found
libbdvideouploader.so,100,41,,not found
libamaplog.so,100,5,,not found
libbytertc_vp8codec_extension.so,100,14,,not found
libtbs.MANIFEST.so,100,20,https://github.com/TencentBrowsingService/TBS_SDK,not sure
libtbs.apache_dex.jar.so,100,14,https://github.com/TencentBrowsingService/TBS_SDK,not sure
libtbs.libLzmaDec.so.so,100,18,https://github.com/TencentBrowsingService/TBS_SDK,not sure
libtbs.libmttwebview.so.so,100,33,https://github.com/TencentBrowsingService/TBS_SDK,not sure
libtbs.libqb_keystore.so.so,100,19,https://github.com/TencentBrowsingService/TBS_SDK,not sure
libtbs.libwebp_base.so.so,100,25,https://github.com/TencentBrowsingService/TBS_SDK,not sure
libtbs.libx5log.so.so,100,20,https://github.com/TencentBrowsingService/TBS_SDK,not sure
libtbs.res.apk.so,100,11,https://github.com/TencentBrowsingService/TBS_SDK,not sure
libtbs.tbs.conf.so,100,20,https://github.com/TencentBrowsingService/TBS_SDK,not sure
libtbs.tbs_jars_fusion_dex.jar.so,100,18,https://github.com/TencentBrowsingService/TBS_SDK,not sure
libtbs.tbs_jsapi_plugin.jar.so,100,20,https://github.com/TencentBrowsingService/TBS_SDK,not sure
libtbs.tbs_sdk_extension_dex.jar.so,100,20,https://github.com/TencentBrowsingService/TBS_SDK,not sure
libqalcodecwrapper.so,99,11,,not found
librtbt828.so,99,7,,not found
libwtbt828.so,99,7,,not found
liblivenessdetection_ka_v2.4.7.so,99,42,,not found
libmnnkitcore.so,99,26,,not found
libNERtcBeauty.so,99,19,https://github.com/netease-kit/NECallKit,not sure
libagora_video_av1_encoder_extension.so,99,20,https://github.com/AgoraIO/API-Examples,not sure
libtbs.libBugly-tbscore.so.so,99,17,https://github.com/TencentBrowsingService/TBS_SDK,not sure
libtbs.liblinuxtoolsfortbssdk_jni.so.so,99,22,https://github.com/TencentBrowsingService/TBS_SDK,not sure
libtbs.libtbs_crash_handler.so.so,99,20,https://github.com/TencentBrowsingService/TBS_SDK,not sure
libtbs.libx5patch.so.so,99,14,https://github.com/TencentBrowsingService/TBS_SDK,not sure
libtbs.tbs_bugly_dex.jar.so,99,19,https://github.com/TencentBrowsingService/TBS_SDK,not sure
libtbs.tbs_ug_plugin.jar.so,99,9,https://github.com/TencentBrowsingService/TBS_SDK,not sure
libdata_source.so,98,18,,not found
libkwai-linker.so,98,11,,not found
libLineBreak-v2.so,98,30,,not found
libblur.so,98,20,,not found
libcxxcomponents.so,98,4,,not found
libopensslwrap.so,98,19,,not found
libksyapm.so,98,8,,not found
libksylive.so,98,13,,not found
libsecuritydefence.so,98,6,,not found
libIDCARDDLL.so,98,29,,not found
libvlc.so,98,39,https://github.com/videolan/vlc/blob/f77762543bdd0646fd88ed28cb27ccf24081cb84/lib/log.c,True
libagora_ai_noise_suppression_ll_extension.so,98,16,https://github.com/AgoraIO/API-Examples,not sure
libijiami_1011.so,98,3,,not found
libjcore324.so,98,5,https://github.com/jpush/android-push-example,not sure
librestreaming.so,97,22,,not found
libmsec.so,97,39,,not found
libinteractivate_seg.so,97,3,,not found
libvos.so,97,3,,not found
libwukong_asr.so,97,1,,not found
libopencv_frame.so,97,2,https://github.com/opencv/opencv,not sure
libwukong_core.so,97,1,,not found
libAisound6.0.so,97,1,,not found
libmnnJNI.so,97,1,,not found
libdom_jni.so,97,31,,not found
libdlfm.so,97,16,,not found
libavmJni.so,96,4,,not found
libavmJni_gif.so,96,3,,not found
libMediaPlatform.so,96,6,,not found
libgtc4core.so,96,9,,not found
libcolorfilter.so,96,2,,not found
libbasalt.so,96,33,,not found
libneonuijni_mit.so,96,1,,not found
libsvg.so,96,1,,not found
libsafeload.so,96,2,,not found
libAMapSDK_NAVI_v10_0_700.so,96,6,https://github.com/amapapi/Android_3D_Demo,not sure
libYTFaceReflect.so,96,11,,not found
libagora_ai_echo_cancellation_ll_extension.so,96,19,https://github.com/AgoraIO/API-Examples,not sure
libjiaguwrap.so,96,2,,not found
libSerialPort.so,95,10,,not found
libframesequence.so,95,45,,not found
libresrtmp.so,95,21,,not found
libnrb.so,95,3,,not found
libexpo-av.so,95,33,https://github.com/expo/expo/blob/sdk-51/packages/expo-av/android/src/main/cpp/EXAV.cpp,True
libncnn.so,95,27,https://github.com/Tencent/ncnn/blob/bbaca40c35ce39f635c947e564710dae42fba142/src/net.cpp,True
libpdfium.so,95,16,https://pdfium.googlesource.com/pdfium/+/refs/heads/main/core/fpdfapi/parser/cpdf_parser.cpp,True
libMegviiLicenseManager-0.3.1.so,95,10,https://github.com/FacePlusPlus/MegviiFacepp-Android-SDK,not sure
libbytertc_ffmpeg_audio_extension.so,95,5,,not found
libpingpp.so,94,7,,not found
liboffline-authorize.so,94,6,,not found
libandromeda.so,94,10,,not found
libJni_wgs2gcj.so,94,3,,not found
libartpSource.so,94,17,,not found
libartp_play.so,94,3,,not found
libAntiCheat.so,94,36,,not found
lib317844B0CDB0A833.so,94,17,,not found
libkeva.so,94,28,,not found
libhairdyeing.so,94,3,,not found
libnoah_monitor.so,94,7,,not found
libbsdiff.so,94,29,https://github.com/mendsley/bsdiff/blob/b817e9491cf7b8699c8462ef9e2657ca4ccd7667/bsdiff.c,True
libAMapSDK_MAP_v7_9_1.so,94,3,https://github.com/amapapi/Android_3D_Demo,not sure
libAMapSDK_NAVI_v8_1_0.so,94,4,https://github.com/amapapi/Android_3D_Demo,not sure
libAgoraRtcWrapper.so,94,20,https://github.com/AgoraIO/API-Examples,not sure
libYTNextCV.so,94,3,,not found
libcrashlytics.so,93,12,,not found
libtrace-canary.so,93,29,,not found
libwechatcrash.so,93,6,,not found
libluban.so,93,6,,not found
libegg-new.so,93,5,,not found
libnavicore.so,93,22,,not found
libx5linker.so,93,10,,not found
libface_story_jni.so,93,2,,not found
libcoap.so,93,13,,not found
libfhencrypt.so,93,30,,not found
libhiai_face_story.so,93,2,https://github.com/946166920/hiai_ddk,not sure
libijkbjffmpeg.so,92,11,https://github.com/FFmpeg/FFmpeg,not sure
libijkbjsdl.so,92,11,,not found
libijkbjplayer.so,92,12,,not found
libmmv8.so,92,9,,not found
libwechatcommon.so,92,6,,not found
libnpth_tls_monitor.so,92,6,,not found
libStunClientSDK.so,92,4,,not found
libmp3decoder.so,92,8,,not found
libSdkHelper_sdk.so,92,29,,not found
libtiger_tally.so,92,16,,not found
libnotpluginpro.so,92,2,,not found
libTimeLapse.so,92,5,,not found
libtensorflowlite.so,92,25,https://github.com/tensorflow/tensorflow/blob/2cd0c5b52c738eaf05fe18866b9da090fa3fea87/tensorflow/lite/core/interpreter.cc,True
libqalmsfboot.so,91,11,,not found
libAive.so,91,5,,not found
libhumantracking_jni.so,91,2,,not found
libhumanTracking.so,91,2,,not found
libYTCommon.so,90,19,,not found
libcrashlytics-trampoline.so,90,14,,not found
libcrashlytics-handler.so,90,10,,not found
libcrashlytics-common.so,90,10,,not found
libmmj2v8.so,90,8,,not found
libcommonimgdec.so,90,7,,not found
libtnet-3.1.11.so,90,8,,not found
liblocationbeaconid.so,90,6,,not found
libanyLive.so,90,9,,not found
libthing_security_algorithm.so,90,23,,not found
librive_text.so,90,44,https://pub.dev/api/archives/rive_common-0.4.15.tar.gz,True
libmmnode.so,89,8,,not found
libccbccb.so,89,26,,not found
libopusJni.so,89,21,https://github.com/xiph/opus,not sure
libPortaitSeg.so,89,2,,not found
libimageseg_jni.so,89,2,,not found
libbmob.so,89,3,,not found
libtchatsdk.so,89,32,,not found
libMultiRtc.so,89,33,,not found
libthingmmkv.so,89,4,,not found
libThingSmartLink.so,89,5,,not found
libAMapSDK_MAP_v8_0_0.so,89,4,https://github.com/amapapi/Android_3D_Demo,not sure
libjiagu_sdk_OSETSDKProtected.so,89,30,,not found
libcpuinfo-libs.so,88,6,,not found
libwxa-runtime-binding.so,88,5,,not found
libtsmsc.so,88,4,,not found
librts_network.so,88,12,,not found
libmap.so,88,10,,not found
libgltfio-jni.so,88,37,https://github.com/google/filament/blob/ac4a2a85542c856073a81a77fc183621ce39fb23/android/common/NioUtils.cpp,True
libopencv_world.so,88,36,https://github.com/opencv/opencv/blob/73a26a423163d0284a41e997717b00933978b256/modules/world/src/world_init.cpp,True
libYTCommonXMagic.so,88,9,,not found
libw_ivw.so,88,10,,not found
libjpgt.so,87,15,,not found
libpngt.so,87,15,,not found
libmmimgcodec.so,87,4,,not found
libappbrandcommon.so,87,4,,not found
libiflyads.so,87,6,,not found
libandroid_id2.so,87,5,,not found
libitls.so,87,5,,not found
libresample.so,87,19,,not found
liblive-fdkaac.so,87,3,,not found
libnative-libAES.so,87,21,,not found
libnetsecsdk-4.1.3.so,87,11,,not found
libthing_security.so,87,10,,not found
liblept.so,87,15,https://github.com/DanBloomberg/leptonica/blob/8ad618f103972eed12f195499b92cff1ab37067b/src/pix1.c,True
liboboe.so,87,26,https://github.com/google/oboe/blob/4468344c8fdfdd7df068d5abefe2d8615fd6b431/src/common/Trace.cpp,True
libtess.so,87,15,https://github.com/rmtheis/tess-two/blob/ab4cab1bd9794aacb74162aff339daa921a68c3f/tess-two/jni/com_googlecode_tesseract_android/tessbaseapi.cpp,True
libBaiduMapSDK_base_v7_3_0.so,87,3,,not found
libagora-mpg123.so,87,10,https://github.com/AgoraIO/API-Examples,not sure
libmlkit-segmentation.so,87,9,https://github.com/googlesamples/mlkit,not sure
libpns-2.13.5-LogOnlineStandardCuumRelease_alijtca_plus.so,87,3,,not found
libpns-2.14.5-LogOnlineStandardCuumRelease_alijtca_plus.so,87,5,,not found
libpns-9.6.3.1-LogOnlineV9CuumRelease_alijtca_plus.so,87,2,,not found
libxenv.so,86,6,,not found
libxweb_linker.so,86,8,,not found
libtenpay_utils.so,86,3,,not found
libaudioeffect.so,86,32,,not found
libfilament-utils-jni.so,86,36,https://github.com/google/filament/blob/ac4a2a85542c856073a81a77fc183621ce39fb23/android/common/NioUtils.cpp,True
libjcore420.so,86,5,https://github.com/jpush/android-push-example,not sure
libmegface.ocr.identify.so,86,12,https://github.com/FacePlusPlus/MegviiFacepp-Android-SDK,not sure
libtbs.libturingtbs.so.so,86,22,https://github.com/TencentBrowsingService/TBS_SDK,not sure
libtencentlocsapp.so,86,4,,not found
libpush.so,85,9,,not found
libVoiceMorph.so,85,8,,not found
libpitchshift.so,85,2,,not found
libVqeVoiceJni.so,85,4,,not found
libimedia_histen_6_0.so,85,2,,not found
libMediaSwsJni.so,85,8,,not found
libSpaceRender.so,85,8,,not found
libPitchShiftJni.so,85,8,,not found
libmakeupjni.so,85,2,,not found
libMakeupSdk.so,85,2,,not found
libThingAvLogSDK.so,85,13,,not found
libAMapSDK_NAVI_v10_1_200.so,85,3,https://github.com/amapapi/Android_3D_Demo,not sure
libBaiduMapSDK_base_v7_5_5.so,85,3,,not found
libHuaweiAudioEditCreativity.so,85,8,,not found
libNERtcAiDenoise.so,85,18,https://github.com/netease-kit/NECallKit,not sure
libH264Android.so,84,10,,not found
libmediapipe_tasks_vision_jni.so,84,12,,not found
libgenius_blur.so,84,9,,not found
liblocationlocalenc.so,84,4,,not found
libbucket2-new.so,84,11,,not found
libjl_enc.so,84,4,,not found
libecdhCryption.so,84,6,,not found
libfh_sm.so,84,11,,not found
libtztZFProtocol.so,84,24,,not found
libBaiduMapSDK_base_v7_5_7.so,84,4,,not found
libjcore290.so,84,3,https://github.com/jpush/android-push-example,not sure
libst_mobile.so,84,37,https://github.com/SoftSugar-Inc/effects-android,not sure
libTIWCache.so,83,12,,not found
libqqmusic_decoder_jni.so,83,12,,not found
libqm_native_decoder_mp3.so,83,12,,not found
libfree-reflection.so,83,7,,not found
libDeflatingDecompressor-v3.so,83,27,,not found
libNativeFormats-v4.so,83,26,,not found
libsynthesizer.so,83,4,,not found
libconvert.so,83,6,,not found
libtctuiplcore.so,83,4,,not found
libhgm.so,83,30,,not found
libThingVideoCodecSDK.so,83,18,,not found
libThingFFmpegWrapper.so,83,6,https://github.com/FFmpeg/FFmpeg,not sure
libThingP2PSDK.so,83,21,,not found
libAMapSDK_NAVI_v10_1_112.so,83,1,https://github.com/amapapi/Android_3D_Demo,not sure
libBaiduMapSDK_map_v7_6_0.so,83,5,,not found
libfmod.so,83,21,,not found
libcostquic.so,82,8,,not found
libmmskia.so,82,9,,not found
libxt3.1.2_a.so,82,0,,not found
libxt3.1.2_a64.so,82,1,,not found
liblight-sdk.so,82,24,,not found
libp7zip.so,82,25,,not found
libhce-engine.so,82,22,,not found
libPoboIndex.so,82,15,,not found
libPoboIndexJNI.so,82,9,,not found
libmapbox-common.so,82,27,https://github.com/mapbox/mapbox-maps-android,not sure
libmapbox-maps.so,82,28,https://github.com/mapbox/mapbox-maps-android,not sure
libr_upgrade_lib.so,81,1,,not found
libxt3.1.2_x86.so,81,0,,not found
libxt3.1.2_x64.so,81,0,,not found
libdecode100626.so,81,6,,not found
libThingAudioEngineSDK.so,81,27,,not found
libThingMediaPlayerSDK.so,81,11,,not found
liblitemob-channel.so,80,4,,not found
libbytertc_fdk-aac_extension.so,80,3,,not found
libaudio_common.so,80,10,,not found
libNLog.so,80,6,,not found
libqm_native_decoder_ape.so,80,10,,not found
libqm_native_decoder_ogg.so,80,10,,not found
libqjs.so,80,16,,not found
libbuffer.so,80,20,,not found
libc++.cr.so,80,4,,not found
liblocSDK7.so,80,3,,not found
libwebrtc_audio_preprocessing.so,79,12,https://webrtc.googlesource.com/src/,not sure
libresample-rh.so,79,5,,not found
libsamplerate-android.so,79,4,,not found
libqm_native_decoder_flac.so,79,10,,not found
libijm_linker.so,79,13,,not found
libThingCameraSDK.so,79,31,,not found
libjcore410.so,79,5,https://github.com/jpush/android-push-example,not sure
libpns-2.14.2-LogOnlineStandardCuumRelease_alijtca_plus.so,79,2,,not found
libuctinyxml.so,78,6,,not found
libAVCDecoder.so,78,7,,not found
libucbase.so,78,10,,not found
libucamf.so,78,8,,not found
libucflv.so,78,8,,not found
libucrtp.so,78,5,,not found
libucoffplayer.so,78,20,,not found
libucrtmpcli.so,78,11,,not found
libucdflvreader.so,78,19,,not found
libucts.so,78,15,,not found
libunidecoder.so,78,10,,not found
libucnet.so,78,15,,not found
libgensee-log.so,78,10,,not found
libgsolcomp-jni.so,78,17,,not found
libQmNativeDataSource.so,78,9,,not found
libFormatDetector.so,78,9,,not found
libcodec_factory.so,78,9,,not found
libjpegbither.so,78,14,,not found
libSdkHelper_ccbFl.so,78,25,,not found
libsgavmp.so,78,6,,not found
libsmfapi_jni.so,78,25,,not found
libThingP2PFileTransSDK.so,78,13,,not found
librnskia.so,78,35,https://github.com/Shopify/react-native-skia/blob/b7d3a64aa97fbda3bfcb2b9a4ca22cbce0e2a5b8/packages/skia/android/cpp/jni/JniSkiaManager.cpp,True
libAVProVideo2Native.so,78,20,,not found
libjcore312.so,78,5,https://github.com/jpush/android-push-example,not sure
libxffmpeg.so,77,9,https://github.com/FFmpeg/FFmpeg,not sure
libwechatpack.so,77,5,,not found
libbizssdk_ml.so,77,19,,not found
libgaea.so,77,15,,not found
libOlRouteJni.so,77,8,,not found
libmapbase.so,77,13,,not found
libclientalg.so,77,9,,not found
libnama.so,77,13,https://github.com/Faceunity/FULiveDemoDroid-Native,not sure
libtxfusionloc.so,77,15,,not found
libtxnavengine.so,77,14,,not found
libandroid_videocore.so,76,9,,not found
libqb_keystore_v8a.so,76,0,,not found
libwxaudio.so,76,7,,not found
libmagicbrush.so,76,7,,not found
libqm_native_decoder_ffmpeg.so,76,7,https://github.com/FFmpeg/FFmpeg,not sure
libdps.so,76,14,,not found
libfml.so,76,7,,not found
libbase.cr.so,76,2,,not found
libemasmarsxlog.so,76,6,https://github.com/Tencent/mars,not sure
libSdkHelper_ccbEsafe.so,76,20,,not found
libttheif_dec.so,76,28,,not found
libNoahParser.so,76,6,,not found
libheif.so,76,34,,not found
libgif.so,76,9,,not found
libllvmliveness.so,76,19,,not found
libssid_liveness_jni.so,76,19,,not found
libxlua.so,76,15,https://github.com/Tencent/xLua/blob/59bf42685dbe36fe0e1678a6ba8597f859ef7ca3/build/xlua.c,True
libAMapSDK_MAP_v10_0_1000.so,76,5,https://github.com/amapapi/Android_3D_Demo,not sure
libBaiduMapSDK_map_v7_5_7.so,76,7,,not found
libpns-2.14.19-LogOnlineStandardCuumRelease_alijtca_plus.so,76,4,,not found
libtbs.so,76,2,https://github.com/TencentBrowsingService/TBS_SDK,not sure
libx5log_v8a.so,76,0,https://github.com/TencentBrowsingService/TBS_SDK,not sure
liblanguage_id_l2c_jni.so,75,8,,not found
libwmpfcommonjni.so,75,2,,not found
zyencrypt5.so,75,0,,not found
libSdkHelper_ccbFa.so,75,25,,not found
libserial_port.so,75,20,,not found
libsliver.so,75,26,,not found
libmapbox-gl.so,75,24,,not found
libLockCore.so,75,6,,not found
libtmf-gm.so,75,13,,not found
libv8wrapper.so,75,4,,not found
libNERtcPersonSegment.so,75,15,https://github.com/netease-kit/NECallKit,not sure
libhyphenate_av.so,75,18,https://github.com/easemob,not sure
libpldroid_streaming_srt.so,75,5,https://github.com/pili-engineering/PLDroidShortVideo,not sure
libskia-canvas.so,74,4,,not found
libmmlockstep.so,74,5,,not found
libtailor.so,74,21,,not found
libfulltrace.so,74,5,,not found
liberrno-lib.so,74,18,,not found
libSoundTouch.so,74,7,https://codeberg.org/soundtouch/soundtouch/raw/branch/master/source/SoundTouch/SoundTouch.cpp,not sure
libgdx-box2d.so,74,18,https://github.com/libgdx/libgdx/blob/c941e9bc85450d9939a7dc3598a2ff35ba6d60a2/extensions/gdx-box2d/gdx-box2d/jni/Box2D/Collision/b2Collision.cpp,True
libBaiduMapSDK_base_v7_2_0.so,74,5,,not found
libNERtcFaceDetect.so,74,13,https://github.com/netease-kit/NECallKit,not sure
libjiagu_sdk_locationsdkgd_androidxProtected.so,74,7,,not found
libstmobile_jni.so,74,35,https://github.com/SoftSugar-Inc/effects-android/blob/dc8e653a41b0f06abded4b61cafb5b78da5719f1/SenseMeEffects/STMobileJNI/src/main/jni/stmobile_common_jni.cpp,True
libtbsqimei_v8a.so,74,0,https://github.com/TencentBrowsingService/TBS_SDK,not sure
libnative-iv.so,73,3,,not found
libfntvcrash_dumper.so,73,5,,not found
libaiui.so,73,36,,not found
libanti_break_debug.so,73,27,,not found
libhigh-available.so,73,13,,not found
libmegcard.so,73,20,,not found
libcsii_AESTelecomModule_v1_0.so,73,18,,not found
libAMapSDK_MAP_v10_0_900.so,73,3,https://github.com/amapapi/Android_3D_Demo,not sure
libagora_drm_loader_extension.so,73,3,https://github.com/AgoraIO/API-Examples,not sure
libagora_udrm3_extension.so,73,5,https://github.com/AgoraIO/API-Examples,not sure
libwechatsight_v7a.so,72,3,,not found
libskia-canvas-log-bridge.so,72,2,,not found
libmmmedia.so,72,3,,not found
libcanvas.so,72,2,,not found
libwechataudiosilk.so,72,3,,not found
liblivestrategy.so,72,20,,not found
libperf.so,72,14,,not found
libscannercs.so,72,2,,not found
libpb.so,72,2,,not found
libThingCloudStorageSignatureTools.so,72,5,,not found
libisar.so,72,7,https://github.com/isar/isar/blob/713001bf1615ea15460d9bc8d3fb9c8cb4150a2e/packages/isar_core_ffi/src/lib.rs,True
liblz4-lib.so,72,5,https://github.com/lz4/lz4/blob/403ddce05784bd30aa41988ac9a5bbf736d96764/lib/lz4.c,not sure
libbytertc_videosharpen_extension.so,72,11,,not found
libVcodecEncLib.so,71,2,,not found
libowl.so,71,12,,not found
libcrash-analysis-trampoline.so,71,8,,not found
libcrash-analysis-handler.so,71,7,,not found
libcrash-analysis-common.so,71,7,,not found
libcrash-analysis.so,71,7,,not found
libEasyAR.so,71,22,,not found
libsmash.so,71,32,,not found
libimageengine.so,71,17,,not found
libInfosecSMT.so,71,17,,not found
libthingsmart.so,71,3,,not found
libmnnfacedetection.so,71,3,,not found
libjpeg-turbo.so,71,6,https://github.com/libjpeg-turbo/libjpeg-turbo/blob/43ea809765004508d8da72ebe562cf570c6a62b2/src/jdapimin.c,not sure
libbarhopper_v2.so,71,7,https://github.com/googlesamples/mlkit,not sure
libstidocr_stream.so,71,14,https://github.com/SoftSugar-Inc/effects-android,not sure
libstidocr_stream_jni.so,71,16,https://github.com/SoftSugar-Inc/effects-android,not sure
libdict-parser.so,70,3,,not found
libSwfView.so,70,11,,not found
libucjpeg.so,70,5,,not found
libandroid-swfplayer.so,70,9,,not found
libdidiwsg.so,70,19,,not found
libsignkey.so,70,4,,not found
libaegissec.so,70,11,,not found
libbitherjni.so,70,17,,not found
libsd.so,70,3,,not found
libdefense-lib.so,70,5,,not found
libWDMobileKeySDKLib.so,70,27,,not found
libBaiduMapSDK_map_v7_3_0.so,70,4,,not found
libbytertc_videodenoise_extension.so,70,11,,not found
libbytertc_videosr_extension.so,70,11,,not found
libfmodL.so,70,15,,not found
libmmbox2d.so,69,2,,not found
libmmphysx.so,69,2,,not found
libdmojo_support.so,69,6,,not found
libaoe_support.so,69,4,,not found
libaoe_ifx.so,69,3,,not found
libdiagnosis.so,69,7,,not found
libMMANDKSignature.so,69,5,,not found
liblvffmpeg.so,69,10,https://github.com/FFmpeg/FFmpeg,not sure
liblvrtmp.so,69,13,,not found
libtnet-4.0.0.so,69,31,,not found
libqbar.so,69,14,,not found
libyolanda_calc.so,69,11,,not found
libapng-drawable.so,69,5,,not found
libKsPkcs.so,69,20,,not found
libncnn_api.so,69,3,,not found
libNERtcAiHowling.so,69,9,https://github.com/netease-kit/NECallKit,not sure
libucpdu.so,68,7,,not found
libucwcc.so,68,12,,not found
libucpingpdu.so,68,6,,not found
libBifrost.so,68,21,,not found
libaoemaplib.so,68,2,,not found
libaoe_common.so,68,3,,not found
libIPCStitch.so,68,5,,not found
libsgsgmiddletier.so,68,4,,not found
libIDCardengine.so,68,20,,not found
libapexrsa.so,68,4,,not found
libVECoreHelper.so,68,8,,not found
libDXRisk-v7_5_5r_c8e89ee3.so,68,1,,not found
libDXRiskComm-v7_5_5r_c8e89ee3.so,68,1,,not found
libhuawei_arengine_jni.so,68,14,https://github.com/HMS-Core/hms-AREngine-demo,not sure
libpns-2.14.12-LogOnlineStandardCuumChannel_alijtca_plus.so,68,2,,not found
libpns-2.14.19-LogOnlineStandardCuumChannel_alijtca_plus.so,68,1,,not found
libfire.so,67,16,,not found
libaoe_vision.so,67,2,,not found
libalphaonesdk.so,67,6,,not found
libdidi_amr.so,67,5,,not found
libnative_silence_detect.so,67,2,,not found
libqndroid_rtc.so,67,25,,not found
libcycloneuc.so,67,16,,not found
libcertkernel.so,67,31,,not found
libslotapi.so,67,21,,not found
libCHIPController.so,67,21,,not found
libonnxruntime4j_jni.so,67,22,https://github.com/microsoft/onnxruntime/blob/0c45e0dc8e85c10e835b6347e2bdd56f02c6406e/java/src/main/native/ai_onnxruntime_OrtSession.c,True
libAMapSDK_MAP_v9_4_0.so,67,6,https://github.com/amapapi/Android_3D_Demo,not sure
libashield.so,66,5,,not found
libmapv2.so,66,16,,not found
libhummer-napi.so,66,24,,not found
libcache-lib.so,66,15,,not found
libquick.so,66,32,,not found
libphonemark.so,66,6,,not found
libwechatbacktrace.so,66,11,,not found
libgeckox_bspatch.so,66,14,,not found
libdexloaderuc.so,66,20,,not found
liblibloaderuc.so,66,16,,not found
libfakedexuc.so,66,1,,not found
libmp3.so,66,12,,not found
libpush_new_v2.so,66,5,,not found
libProxy.so,66,23,,not found
libcrhface.so,66,9,,not found
libttdsdk.so,66,8,,not found
libjserrorhandler.so,66,2,https://github.com/facebook/react-native/blob/HEAD/packages/react-native/ReactCommon/jserrorhandler/ErrorUtils.cpp,True
libBaiduMapSDK_base_v7_6_5.so,66,6,,not found
libbangcle_crypto_tool.so,66,17,,not found
libffmpegJNI.so,65,21,https://github.com/FFmpeg/FFmpeg,not sure
libhawiinav.so,65,19,,not found
libnative_pcm_resample.so,65,2,,not found
libalg.so,65,6,,not found
libnetseckit-4.3.1.so,65,5,,not found
libtztCalcKit.so,65,20,,not found
libImageUtils.so,65,3,,not found
libxquic.so,65,31,https://github.com/alibaba/xquic/blob/75243de9b92ace63d83866a40783e9790f35bf35/src/tls/xqc_tls.c,True
libZegoLiveRoom.so,65,32,https://github.com/zegoim/zego-express-example-faceunity,not sure
libRtRoutine.so,64,13,,not found
libandroid_routine.so,64,10,,not found
libdartjni.so,64,29,,not found
liblegacy_agc-lib.so,64,22,,not found
libaiengine.so,64,18,,not found
libquiet.so,64,3,,not found
libping.so,64,3,,not found
libDDLocalDnnVAD.so,64,3,,not found
libDDLocalALG.so,64,6,,not found
libembedded_dnnvad.so,64,3,,not found
libprotobuf.so,64,25,https://github.com/protocolbuffers/protobuf/blob/cefb2a661dadbb96b50b7b92fe29a466ddd3a2e2/src/google/protobuf/message.cc,True
libhuawei_arengine_ndk.so,64,13,https://github.com/HMS-Core/hms-AREngine-demo,not sure
lib_imcore_jni_gyp.so,63,15,,not found
libiris_method_channel.so,63,37,,not found
libmonitorcollector-lib.so,63,21,,not found
libbigger_as.so,63,6,,not found
liblive-rtmp.so,63,14,,not found
liblive-pusher.so,63,17,,not found
libdidiresample.so,63,3,,not found
libdriver_pcm_resample.so,63,3,,not found
libpower.so,63,16,,not found
libthing_j2v8.so,63,5,,not found
liblynx.so,63,37,https://github.com/lynx-family/lynx/blob/dc91e0363541acd607f637321890ceb463c4f9a7/core/renderer/utils/lynx_env.cc,True
libpl_droidsonroids_gif_surface.so,63,13,https://github.com/koral--/android-gif-drawable/blob/HEAD/android-gif-drawable/src/main/c/surface.c,not sure
librrc_native.so,63,1,https://github.com/facebook/react-native/blob/HEAD/packages/react-native/ReactCommon/react/renderer/componentregistry/native/NativeComponentRegistryBinding.cpp,True
libsgmainso-5.6.241201.42265837.so,63,1,https://github.com/sgInnora/alipay-securityguard-analysis,not sure
libsgsecuritybodyso-5.6.241201.42265837.so,63,1,https://github.com/sgInnora/alipay-securityguard-analysis,not sure
libLebConnection_so.so,62,5,,not found
libmindspore-lite-ocr.so,62,3,https://github.com/mindspore-ai/mindspore,not sure
libnapi.so,62,26,,not found
libwb_emulator_check.so,62,7,,not found
libokhtp3ex.so,62,8,,not found
libdds.so,62,4,,not found
libetts_framework.so,62,3,,not found
libAudioAdjustmentJni.so,62,2,,not found
libhpatchz.so,62,24,https://github.com/sisong/HDiffPatch/blob/3b9dca715ca492873bf2c49e22e5d5b7d2a78620/file_for_patch.c,True
libsgsecuritybodyso-5.6.230509.so,62,1,https://github.com/sgInnora/alipay-securityguard-analysis,not sure
libwcwss.so,61,5,,not found
libnpcplayer.so,61,23,,not found
libCoreCpt.so,61,21,,not found
libjnirtk.so,61,23,,not found
libnesdk.so,61,18,,not found
libFaceLiveDetect.so,61,9,,not found
libDDLocalSpeechVad.so,61,2,,not found
libcfcasmprovider.so,61,17,,not found
libHTCSPApi.so,61,21,,not found
libHTCLib.so,61,18,,not found
libAudioAec.so,61,11,,not found
libAudioEq.so,61,11,,not found
libopusenc.so,61,8,https://github.com/xiph/libopusenc/blob/3c65f440baff6220872ec11b0cbde37ef7a48f78/src/random.c,True
libjcore310.so,61,4,https://github.com/jpush/android-push-example,not sure
libjcore422.so,61,4,https://github.com/jpush/android-push-example,not sure
libsgmiddletierso-5.6.241201.42265837.so,61,1,https://github.com/sgInnora/alipay-securityguard-analysis,not sure
libexecoat_x86.so,60,8,,not found
libwxcloud.so,60,4,,not found
liblibpag.so,60,18,,not found
libdemo.so,60,1,,not found
libconnectivity.so,60,4,,not found
libutil.so,60,10,,not found
libEsLivingDetection.so,60,12,,not found
libjx_ffmpeg_jni.so,60,9,https://github.com/FFmpeg/FFmpeg,not sure
libqueen.so,60,15,,not found
libzcachecore.so,60,24,,not found
libLoaderRiskStub.so,60,8,,not found
libtiffdecoder.so,60,1,,not found
libconnection_v16.so,60,1,,not found
libdrisk.so,60,15,,not found
libDeep_net_decode_l.ndk.so,60,3,,not found
libDDLocalOfflineAsr.so,60,3,,not found
libOfflineDecoder.ndk.so,60,3,,not found
libsdtVerify.so,60,9,,not found
libthing-outpoint.so,60,4,,not found
libcocos2dx.so,60,8,https://github.com/cocos2d/cocos2d-x/blob/7a5282a301a13e467bdcc3466d3cd3883862aadf/cocos/base/CCDirector.cpp,not sure
libffmpeg-org.so,60,9,https://github.com/FFmpeg/FFmpeg/blob/10506de9ad1fb050737ef79cf4853742b793c37d/fftools/ffmpeg.c,not sure
liblame.so,60,24,https://github.com/naman14/TAndroidLame/blob/59616bf8f046623df23f58ecba4301e30a4baa4c/androidlame/src/main/jni/libmp3lame/lame.c,not sure
liblynx_v8_bridge.so,60,24,https://github.com/lynx-family/lynx/blob/dc91e0363541acd607f637321890ceb463c4f9a7/core/runtime/js/jsi/v8/v8_runtime.cc,True
libsgmiddletierso-5.6.230509.so,60,1,https://github.com/sgInnora/alipay-securityguard-analysis,not sure
libtbs.TencentLocationSDK.jar.so,60,14,https://github.com/TencentBrowsingService/TBS_SDK,not sure
libturingbase.so,60,23,,not found
libmmudp.so,59,5,,not found
libalphaface.so,59,4,,not found
lib317844B0CDB0A832.so,59,13,,not found
libreact_codegen_reactandroidspec.so,59,8,,not found
libIOTCAPIs.so,59,17,,not found
libzeusflipped.so,59,3,,not found
libconnection.so,59,1,,not found
libegis.so,59,24,,not found
libAMapSDK_MAP_v7_7_0.so,59,5,https://github.com/amapapi/Android_3D_Demo,not sure
libsgmainso-5.5.92.so,59,1,https://github.com/sgInnora/alipay-securityguard-analysis,not sure
libsgmainso-5.6.230509.so,59,1,https://github.com/sgInnora/alipay-securityguard-analysis,not sure
libsgmiddletierso-5.5.85.so,59,1,https://github.com/sgInnora/alipay-securityguard-analysis,not sure
libsgsecuritybodyso-5.5.98.so,59,1,https://github.com/sgInnora/alipay-securityguard-analysis,not sure
libtbs.libSharpPDecoder.so.so,59,5,https://github.com/TencentBrowsingService/TBS_SDK,not sure
libtbs.libTPGDecoder.so.so,59,7,https://github.com/TencentBrowsingService/TBS_SDK,not sure
libtbs.libWxHevcDecoder.so.so,59,4,https://github.com/TencentBrowsingService/TBS_SDK,not sure
libtbs.libtencentpos.so.so,59,5,https://github.com/TencentBrowsingService/TBS_SDK,not sure
libNitroModules.so,58,23,,not found
libml-vadenergy.so,58,4,,not found
libvosk.so,58,8,,not found
liblegacy_ns-lib.so,58,20,,not found
libmmwcwss.so,58,4,,not found
libygsdk-native-lib.so,58,2,,not found
libhexagon_wrapper.so,58,2,,not found
libvideoeffect.so,58,12,,not found
libffmpeg-command.so,58,8,https://github.com/FFmpeg/FFmpeg,not sure
libnpth_xasan.so,58,14,,not found
libLanSongSDKDecoder.so,58,16,,not found
libEmbKeyword.ndk.so,58,4,,not found
libDDLocalWAKE.so,58,3,,not found
libDDLocalCompression.so,58,4,,not found
libkwsinfer.so,58,3,,not found
libDDLocalDecoder.so,58,4,,not found
libDDLocalSpeechLame.so,58,2,,not found
libzetatoyger.so,58,9,,not found
libthingnetsec.so,58,4,,not found
libezip.so,58,9,,not found
libFFmpeg.so,58,2,https://github.com/FFmpeg/FFmpeg/blob/10506de9ad1fb050737ef79cf4853742b793c37d/fftools/ffmpeg.c,not sure
libBaiduMapSDK_map_v7_2_0.so,58,3,,not found
libtbs.libx5breakpad.so.so,58,2,https://github.com/TencentBrowsingService/TBS_SDK,not sure
libmmtcp.so,57,4,,not found
libdatajar.so,57,45,,not found
libiris_rendering_android.so,57,34,,not found
libAudioEngine.so,57,14,,not found
libwbyuv-decoder.so,57,2,,not found
libnpth_bt.so,57,7,,not found
libreactnativemmkv.so,57,29,,not found
libpexgif.so,57,13,,not found
libpexcore.so,57,13,,not found
libreact_codegen_rnpicker.so,57,23,https://github.com/react-native-picker/picker,true
libQMedia.so,57,3,,not found
libNativeCrashCollect.so,57,4,,not found
libpdfium.cr.so,57,6,,not found
libgetprop.so,57,6,,not found
libBaiduMapSDK_map_v7_5_8.so,57,8,,not found
libtbs.libcmdsh.so.so,57,6,https://github.com/TencentBrowsingService/TBS_SDK,not sure
librealm.so,56,19,,not found
libocr-native-lib.so,56,5,,not found
libwechatQrMod.so,56,8,,not found
libflacJNI.so,56,13,,not found
libprotobuf-lite.so,56,15,https://github.com/protocolbuffers/protobuf,not sure
libopencv_tinyworld.so,56,14,https://github.com/opencv/opencv,not sure
libmnnface.so,56,14,,not found
libicu_common.so,56,5,https://github.com/unicode-org/icu,not sure
libtool-checker.so,56,12,,not found
libyyeva.so,56,17,,not found
libacs.so,56,6,,not found
libacs_sdk.so,56,6,,not found
libwdumper.so,56,5,,not found
libwbreakpad.so,56,5,,not found
libaid.so,56,2,,not found
libuulib.so,56,1,,not found
libwordcatcher.so,56,2,,not found
libBodyfat_SDK.so,56,10,,not found
libyr-ad-marker-lib.so,56,2,,not found
libbdpush_V3_4.so,56,6,https://github.com/Baidu-AIP/speech-demo,not sure
libtbs.native_ad.conf.so,56,2,https://github.com/TencentBrowsingService/TBS_SDK,not sure
libpanorenderer.so,55,10,,not found
libztcodec2.so,55,10,,not found
libnpth_heap_tracker.so,55,12,,not found
libiotqjs.so,55,6,,not found
libjson-c.so,55,6,,not found
libmultieninone-bridge-lib.so,55,6,,not found
libiotmgr.so,55,6,,not found
libpexwebp.so,55,12,https://chromium.googlesource.com/webm/libwebp/,not sure
libylpacker.so,55,4,,not found
libwukong_ua.so,55,19,,not found
libDetect.so,55,3,,not found
libsecApi.so,55,7,,not found
libjitdealer.so,55,1,,not found
libalivc_audio.so,55,3,,not found
libtbs.native_ad_plugin_dex.jar.so,55,11,https://github.com/TencentBrowsingService/TBS_SDK,not sure
libogg.so,54,26,,not found
libv8jni.so,54,7,,not found
libTTWebViewSdkFlipped.so,54,7,,not found
libnms.so,54,11,,not found
libplugin_phone.so,54,18,,not found
libAliHALogEngine.so,54,17,,not found
libcrhKeyStone.so,54,9,,not found
libsbcutilJni.so,54,3,,not found
libFaceTracker.so,54,7,,not found
libVEBase.so,54,10,,not found
libVECore.so,54,22,,not found
libtbs.chrome_100_percent.pak.so,54,3,https://github.com/TencentBrowsingService/TBS_SDK,not sure
libtbs.en-US.pak.so,54,3,https://github.com/TencentBrowsingService/TBS_SDK,not sure
libtbs.icudtl.dat.so,54,3,https://github.com/TencentBrowsingService/TBS_SDK,not sure
libtbs.libmmkv.so.so,54,4,https://github.com/TencentBrowsingService/TBS_SDK,not sure
libtbs.libtbslog.so.so,54,3,https://github.com/TencentBrowsingService/TBS_SDK,not sure
libtbs.libx5private.so.so,54,2,https://github.com/TencentBrowsingService/TBS_SDK,not sure
libtbs.renderer_dex.jar.so,54,10,https://github.com/TencentBrowsingService/TBS_SDK,not sure
libtbs.resources.pak.so,54,5,https://github.com/TencentBrowsingService/TBS_SDK,not sure
libtbs.snapshot_blob.bin.so,54,10,https://github.com/TencentBrowsingService/TBS_SDK,not sure
libtbs.zh-CN.pak.so,54,3,https://github.com/TencentBrowsingService/TBS_SDK,not sure
libzegoqueue.so,54,16,https://github.com/zegoim/zego-express-example-faceunity,not sure
libfacial_action.so,53,14,,not found
libapmcrash.so,53,18,,not found
libiesapplogger.so,53,12,,not found
libswresample_ffmpeg_have.so,53,3,https://github.com/FFmpeg/FFmpeg,not sure
libVoiceMorphBgm.so,53,6,,not found
libbnr.huawei.so,53,2,,not found
libswscale_ffmpeg_have.so,53,3,https://github.com/FFmpeg/FFmpeg,not sure
libavformat_ffmpeg_have.so,53,3,https://github.com/FFmpeg/FFmpeg,not sure
libavresample_ffmpeg_have.so,53,3,https://github.com/FFmpeg/FFmpeg,not sure
libavcodec_ffmpeg_have.so,53,3,https://github.com/FFmpeg/FFmpeg,not sure
libavfilter_ffmpeg_have.so,53,3,https://github.com/FFmpeg/FFmpeg,not sure
libavutil_ffmpeg_have.so,53,3,https://github.com/FFmpeg/FFmpeg,not sure
libbdzstd.so,53,7,https://github.com/facebook/zstd,not sure
libvnn_face.so,53,5,,not found
libvnn_kit.so,53,5,,not found
libvnn_core.so,53,5,,not found
liblogProducer.so,53,6,,not found
libagutils.so,53,6,,not found
libUSBAudioDevice.so,53,7,,not found
libuvccam.so,53,12,,not found
libtihook.so,53,3,,not found
libPPCS_API.so,53,17,,not found
libreact_codegen_RNCSlider.so,53,23,https://github.com/callstack/react-native-slider,true
libev.so,53,6,https://dist.schmorp.de/libev/libev-4.33.tar.gz,True
libluajava.so,53,15,https://github.com/gudzpoz/luajava/blob/2a1e61d126aa6928d412338adba08df7a19a8803/jni/luajava/jua.cpp,not sure
libAMapSDK_NAVI_v9_8_2.so,53,6,https://github.com/amapapi/Android_3D_Demo,not sure
libBaiduMapSDK_base_v7_5_2.so,53,3,,not found
libBaiduMapSDK_map_v7_6_5.so,53,7,,not found
libMegviiInnerUtils-0.0.2.so,53,10,https://github.com/FacePlusPlus/MegviiFacepp-Android-SDK,not sure
libcwlive.so,53,11,,not found
libsgmainso-5.5.51.so,53,3,https://github.com/sgInnora/alipay-securityguard-analysis,not sure
libtbs.libtbsqmp.so.so,53,17,https://github.com/TencentBrowsingService/TBS_SDK,not sure
libtbs.pb_dex.jar.so,53,12,https://github.com/TencentBrowsingService/TBS_SDK,not sure
libmtttrace.so,52,1,,not found
libMyGame.so,52,29,,not found
libqapmIoMonitor.so,52,15,,not found
libqapmSqliteMonitor.so,52,14,,not found
libDingRtc.so,52,21,,not found
libsysoptimizer.so,52,24,,not found
libxmshell.so,52,1,,not found
libYoAd.so,52,2,,not found
libICBodyFatAlgorithms.so,52,24,,not found
libezwatch.so,52,17,,not found
libqcCodec.so,52,11,,not found
libyuv_my.so,52,8,,not found
libhtoken.so,52,17,,not found
libhssl-2.1.so,52,17,,not found
libhcrypt-2.4.so,52,17,,not found
libskfapi.so,52,17,,not found
libhcoord.so,52,17,,not found
libhbCommand-jni.so,52,9,,not found
libmlface.so,52,7,,not found
libVECoreImpl.so,52,21,,not found
libavresample.so,52,12,https://github.com/FFmpeg/FFmpeg/blob/10506de9ad1fb050737ef79cf4853742b793c37d/libavresample/utils.c,True
liblynxtrace.so,52,18,https://github.com/lynx-family/lynx/blob/dc91e0363541acd607f637321890ceb463c4f9a7/core/renderer/utils/lynx_env.cc,not sure
libAMapSDK_MAP_v9_0_0.so,52,5,https://github.com/amapapi/Android_3D_Demo,not sure
libhls-download.so,51,13,,not found
libPhoLoginCore.so,51,2,,not found
libsecret.so,51,22,,not found
libgecko_encrypt.so,51,10,,not found
libAVAPIs.so,51,15,,not found
libjvmtiapm.so,51,1,,not found
libAliFaceAlignmentModule.so,51,3,,not found
libsmi_certsdk.so,51,9,,not found
libsmi_sdk.so,51,9,,not found
liblogaly_log.so,51,15,,not found
libNativeNoiseSup.so,51,7,,not found
libNXYBank_WQ.so,51,10,,not found
libmpg123.so,51,10,https://www.mpg123.de/download/mpg123-1.32.9.tar.bz2,True
libAIKIT.so,51,27,,not found
libAMapSDK_MAP_v8_0_1.so,51,3,https://github.com/amapapi/Android_3D_Demo,not sure
libBaiduMapSDK_base_v4_0_0.so,51,3,,not found
librtcengine_so.so,50,7,,not found
libapm.so,50,15,,not found
libreact_codegen_rngesturehandler_codegen.so,50,30,https://github.com/software-mansion/react-native-gesture-handler,true
libTPThirdParties-master.so,50,12,,not found
libnetsdk.so,50,24,,not found
libOSETSDKProtected.so,50,22,,not found
libcardioRecognizer_tegra2.so,50,9,,not found
libcardioRecognizer.so,50,9,,not found
libnerdapi.so,50,9,,not found
libmapbiz.so,50,11,,not found
libplog.so,50,7,,not found
libanr-trace.so,50,6,,not found
libmsskf.so,50,9,,not found
libsmf_api.so,50,9,,not found
libBaiduMapSDK_map_for_navi_v7_6_3.so,50,9,,not found
libBaiduMapSDK_map_v4_0_0.so,50,4,,not found
libjcore234.so,50,3,https://github.com/jpush/android-push-example,not sure
libtxmapsdk.so,50,11,,not found
libyauth.so,49,2,,not found
libjl_speex.so,49,4,,not found
libencryption.so,49,16,,not found
libocr.so,49,12,,not found
libEnDeCodeUtil.so,49,9,,not found
libaggcore.so,49,7,,not found
libjato.so,49,29,,not found
libriverlogger.so,49,19,,not found
libhci-common.so,49,15,,not found
libhci-sys.so,49,20,,not found
libAliEffectModule.so,49,3,,not found
libfin-yuvutil.so,49,9,,not found
libAMapSDK_MAP_v10_1_302.so,49,3,https://github.com/amapapi/Android_3D_Demo,not sure
libBaiduMapSDK_util_v4_0_0.so,49,4,,not found
libpns-2.14.18-LogOnlineStandardCuumRelease_alijtca_plus.so,49,4,,not found
libvloud_so.so,48,8,,not found
libst_speex.so,48,3,,not found
libcbuf.so,48,3,,not found
libjl_opus.so,48,3,https://github.com/xiph/opus,not sure
libmswebrtc.so,48,19,https://webrtc.googlesource.com/src/,not sure
libVoAACEncoder.so,48,10,,not found
libhoks.so,48,9,,not found
libkrypton.so,48,24,,not found
libgodzilla-sysopt.so,48,19,,not found
libprglite.3.0.so,48,11,,not found
libtiffsaver.so,48,10,,not found
libsdk_patcher_jni.so,48,7,,not found
libhci-asr.so,48,21,,not found
libezlinkapp.so,48,8,,not found
libezlinksdk.so,48,7,,not found
libSwipeLockCryptor.so,48,14,,not found
libgdx-freetype.so,48,11,https://github.com/libgdx/libgdx/blob/c941e9bc85450d9939a7dc3598a2ff35ba6d60a2/extensions/gdx-freetype/src/com/badlogic/gdx/graphics/g2d/freetype/FreeType.java,True
libhdiffpatch.so,48,4,https://github.com/sisong/HDiffPatch/blob/3b9dca715ca492873bf2c49e22e5d5b7d2a78620/libHDiffPatch/HPatch/patch.c,not sure
lib_RongRTC_so.so,48,13,https://github.com/rongcloud/rongcloud-im-flutter-sdk,not sure
libbdpush_V3_8.so,48,11,https://github.com/Baidu-AIP/speech-demo,not sure
libcom_rc_base.so,47,10,,not found
libglobal.cmvn.so,47,4,,not found
libconfigsdk.so,47,23,,not found
libjninetsdk.so,47,23,,not found
libpassport_core.so,47,6,,not found
libVpuMoreCardPic6.3.3.so,47,23,,not found
libnative-junion-lib.so,47,13,,not found
libcardioDecider.so,47,7,,not found
libEffectsCore.so,47,6,,not found
libxmopendatacrypto.so,47,4,,not found
libAMapSDK_MAP_v7_8_0.so,47,3,https://github.com/amapapi/Android_3D_Demo,not sure
libplvnative.so,47,3,,not found
libpns-2.14.6-LogOnlineNouiCuumRelease_alijtca_plus.so,47,2,,not found
libpns-LogOnlineStandardRelease-2.12.4-SNAPSHOT_alijtca_plus.so,47,3,,not found
libaacplus.so,46,5,,not found
libMagicJni.so,46,21,,not found
libmpos.so,46,5,,not found
libomas.so,46,1,,not found
liblyad.so,46,3,,not found
libnpth_unw.so,46,7,,not found
libopencore_aac.so,46,3,,not found
libtiffconverter.so,46,9,,not found
libtifffactory.so,46,9,,not found
libkernelu4_7z_uc.so,46,25,,not found
libmessageCryptoKit.so,46,10,,not found
libjpegturbo_android.so,46,1,https://github.com/libjpeg-turbo/libjpeg-turbo,not sure
libpngquant_android.so,46,1,,not found
libtbs.libtbs_c++.so.so,46,9,,not found
libcsii_SMTelecomModule_v1_0.so,46,15,,not found
libspeexdsp.so,46,13,https://github.com/xiph/speexdsp/blob/7a158783df74efe7c2d1c6ee8363c1e695c71226/libspeexdsp/mdf.c,True
libxhook.so,46,26,https://github.com/iqiyi/xHook/blob/391d0c4103626bf39d54a1d9c7a10965c82ff8d2/libxhook/jni/xhook.c,True
libBaiduMapSDK_map_v7_5_5.so,46,4,,not found
libauth_number_product-2.12.3-log-online-standard-release_alijtca_plus.so,46,5,,not found
libpns-2.12.9-LogOnlineStandardRelease_alijtca_plus.so,46,3,,not found
libtbs.libTbsPatch.so.so,46,16,https://github.com/TencentBrowsingService/TBS_SDK,not sure
libtbs.libcommon_basemodule_jni.so.so,46,13,https://github.com/TencentBrowsingService/TBS_SDK,not sure
libtbs.libmtticu.so.so,46,13,https://github.com/TencentBrowsingService/TBS_SDK,not sure
libtbs.libresources.so.so,46,1,https://github.com/TencentBrowsingService/TBS_SDK,not sure
libtbs.libtbs_v8.so.so,46,15,https://github.com/TencentBrowsingService/TBS_SDK,not sure
libtbs.libtbsqimei.so.so,46,4,https://github.com/TencentBrowsingService/TBS_SDK,not sure
libtbs.libwebviewchromium.so.so,46,1,https://github.com/TencentBrowsingService/TBS_SDK,not sure
libtbs.libzh_cn.so.so,46,1,https://github.com/TencentBrowsingService/TBS_SDK,not sure
libtbs.miniqb.conf.so,46,7,https://github.com/TencentBrowsingService/TBS_SDK,not sure
libtbs.miniqb_dex.jar.so,46,7,https://github.com/TencentBrowsingService/TBS_SDK,not sure
libtbs.miniqbres.apk.so,46,2,https://github.com/TencentBrowsingService/TBS_SDK,not sure
libtbs.video_impl_dex.jar.so,46,7,https://github.com/TencentBrowsingService/TBS_SDK,not sure
libtbs.videores.apk.so,46,2,https://github.com/TencentBrowsingService/TBS_SDK,not sure
libsaasboot-lib.so,45,6,,not found
libbrtccore_so.so,45,5,,not found
libhisec.so,45,2,,not found
libRTCFFmpeg.so,45,4,https://github.com/FFmpeg/FFmpeg,not sure
libAndroidVinKernal.so,45,15,,not found
libscanner.so,45,16,,not found
libcn_hzjizhun_admin_base.so,45,9,,not found
libanimax.so,45,19,,not found
libAntiDebug.so,45,5,,not found
libpexapng.so,45,6,,not found
libsqlc-native-driver.so,45,12,,not found
libinterfacecontrol.so,45,25,,not found
libEnDeCodeUtilV2.so,45,6,,not found
libVECoreFFmpeg.so,45,10,https://github.com/FFmpeg/FFmpeg,not sure
libbctoolbox.so,45,20,https://github.com/BelledonneCommunications/bctoolbox/blob/556a46fc77ee27d22554bb7d1b01ed93e1bf5c21/src/parser.c,True
libdwebp.so,45,8,https://github.com/webmproject/libwebp/blob/7073d86ced421fee654eeb84c5255ed88e1ebffa/imageio/wicdec.c,True
libfaac.so,45,20,https://github.com/knik0/faac/blob/01df1d892712d1f6aba5e0f6a55673f8d31dbb8a/libfaac/frame.c,True
libfaad.so,45,13,https://github.com/knik0/faad2/blob/521d105979795b887ea11e1f36565e97a8fbfc53/frontend/main.c,True
liblynx_krypton.so,45,17,https://github.com/lynx-family/lynx/blob/dc91e0363541acd607f637321890ceb463c4f9a7/core/renderer/utils/lynx_env.cc,not sure
libmad.so,45,4,https://downloads.sourceforge.net/project/mad/libmad/0.15.1b/libmad-0.15.1b.tar.gz,True
libortp.so,45,20,https://github.com/BelledonneCommunications/ortp/blob/921abef1f96bd65907b05599b361bd484d7b563b/src/nack.c,True
libtflite-android.so,45,15,https://github.com/tensorflow/tensorflow/blob/2cd0c5b52c738eaf05fe18866b9da090fa3fea87/tensorflow/lite/core/interpreter.cc,not sure
libAMapSDK_NAVI_v9_8_3.so,45,5,https://github.com/amapapi/Android_3D_Demo,not sure
libjcore125.so,45,3,https://github.com/jpush/android-push-example,not sure
libjcore212.so,45,3,https://github.com/jpush/android-push-example,not sure
libpns-2.14.10-LogOnlineStandardCuumRelease_alijtca_plus.so,45,2,,not found
libsgnocaptchaso-6.5.8.so,45,1,https://github.com/sgInnora/alipay-securityguard-analysis,not sure
libenvid-ashield-sdk.so,44,2,,not found
libscore.so,44,2,,not found
libxwebfullpack.so,44,4,,not found
libworker.so,44,12,,not found
libttquic.so,44,10,,not found
libsecuritykeypad_jni.so,44,5,,not found
libfg.so,44,4,,not found
libskity.so,44,15,,not found
libart_sym.so,44,11,,not found
libcactus.so,44,4,,not found
libdata-reporter.so,44,13,,not found
libshella-4.5.4.1.so,44,1,,not found
liblitr-jni.so,44,11,,not found
libhci-tts.so,44,17,,not found
libjtx-speex.so,44,16,,not found
libjtx-opus.so,44,15,https://github.com/xiph/opus,not sure
libchromium_android_linker.so,44,6,,not found
libjade2_LF8bOvWP4.so,44,4,,not found
libjdQRcode.so,44,16,,not found
libSsDuck.so,44,9,,not found
libtxcrypto.so,44,14,,not found
libAudioRecorder.so,44,3,,not found
libEnDeCodeUtilV3.so,44,5,,not found
libhippy.so,44,24,https://github.com/Tencent/Hippy/blob/b0a8f6761a83eaccc9cbde1662a1a8e463995140/framework/android/src/main/cpp/src/entry.cc,True
liblinphone.so,44,19,https://github.com/BelledonneCommunications/liblinphone/blob/9896e6c9bcc12019a227af3a123d7bb781bae383/src/sal/op.cpp,True
libmupdf.so,44,15,https://github.com/ArtifexSoftware/mupdf/blob/b93c688904edeacc2fb7f8c39d2e8cbba2bbe72f/source/fitz/document.c,True
libpjsua2.so,44,22,https://github.com/pjsip/pjproject/blob/98f3145e5f74e94bbeeb98ffc130d998477d731c/pjsip/src/pjsua2/json.cpp,True
libBaiduMapSDK_map_v7_5_2.so,44,5,,not found
libagora-rtm-sdk.so,44,7,https://github.com/AgoraIO/API-Examples,not sure
libtbs.tbs_plugin_filereader.zip.so,44,1,https://github.com/TencentBrowsingService/TBS_SDK,not sure
libmp3recorder-lib.so,43,9,,not found
libalivcffmpeg_player.so,43,4,https://github.com/FFmpeg/FFmpeg,not sure
libzkfv_ts_tj.so,43,6,,not found
libCommon.so,43,16,,not found
libSparta.so,43,11,,not found
libMLClassifier.so,43,13,,not found
libmp4v2.so,43,18,,not found
libtdbugreport.so,43,13,,not found
libnative-junion-common.so,43,12,,not found
libsig_native.so,43,6,,not found
libprofiler.so,43,5,,not found
libnpth_fd_tracker.so,43,4,,not found
libzywd.so,43,13,,not found
libmediadatacryto.so,43,6,,not found
libnativefilter.so,43,10,,not found
libsg.so,43,3,,not found
libADPCM.so,43,10,,not found
libgl.so,43,2,,not found
libreact_codegen_KFDRNTurbosSpec.so,43,1,,not found
libreact_codegen_hhdrnpackage.so,43,1,,not found
libJDJRRISKQRCODE.so,43,11,,not found
libys_vqe_android.so,43,5,,not found
libavlm.so,43,10,,not found
libavlasys.so,43,10,,not found
libthingsmart_opencv_business.so,43,5,https://github.com/opencv/opencv,not sure
libdigitalink.so,43,5,,not found
libpytorch_vision_jni.so,43,7,https://github.com/pytorch/pytorch/blob/19256a69e0d509cf7f2e311c789930fd15b8cb15/android/pytorch_android_torchvision/src/main/cpp/pytorch_vision_jni.cpp,True
libvorbis.so,43,21,https://github.com/xiph/vorbis/blob/1b75110b5a2754ba1931d82dd83cb822b266a21d/lib/psy.c,True
libBaiduMapSDK_base_v6_4_0.so,43,5,,not found
libbdpush_V2_9.so,43,5,https://github.com/Baidu-AIP/speech-demo,not sure
libgetuiext2.so,43,7,https://github.com/GetuiLaboratory/react-native-getui,not sure
libturingga.so,43,10,,not found
libwblog.so,42,9,,not found
libwblog-lib.so,42,9,,not found
libttpreload.so,42,8,,not found
libksyplayer.so,42,11,,not found
libashieldAdapter.so,42,1,,not found
libvoiceRecog.so,42,11,,not found
libnpth_repair.so,42,4,,not found
libnpth_vm_monitor.so,42,6,,not found
libapms_ndk_anr.so,42,11,,not found
liblib-opencc-android.so,42,2,,not found
libAliDatabaseES.so,42,7,,not found
libnscsdk.so,42,3,,not found
libICBleProtocol.so,42,16,,not found
libsmitengine.so,42,2,,not found
libJMEncryptBox.so,42,7,,not found
libhpplayam.so,42,8,,not found
libcn.win_trust.cronet.86.0.4240.198.so,42,17,,not found
libmix_bssl.so,42,16,,not found
libwtpd.so,42,2,,not found
libmobi.so,42,5,,not found
libAMapSDK_MAP_v7_5_0.so,42,3,https://github.com/amapapi/Android_3D_Demo,not sure
libpldroidplayer.so,42,11,https://github.com/pili-engineering/PLDroidShortVideo,not sure
libsgmainso-5.6.240604.so,42,2,https://github.com/sgInnora/alipay-securityguard-analysis,not sure
libsgmiddletierso-5.6.240604.so,42,2,https://github.com/sgInnora/alipay-securityguard-analysis,not sure
libsgsecuritybodyso-5.6.240604.so,42,2,https://github.com/sgInnora/alipay-securityguard-analysis,not sure
libbdplayer.so,41,19,,not found
libmedia_kit_native_event_loop.so,41,1,,not found
libbyteaudio.so,41,13,,not found
libbiometric.so,41,16,,not found
libbase64encoder_v1_4.so,41,6,,not found
libbdcloud_rtc.so,41,17,,not found
libsuperlog.so,41,6,,not found
libtelescope_hook.so,41,6,,not found
libtelescope_leak_analyzer.so,41,6,,not found
libSpeexAec.so,41,3,,not found
libVoiceSeparation.so,41,7,,not found
libserval_svg.so,41,4,,not found
libnpth_fp_unw.so,41,2,,not found
libVhallLiveApi.so,41,10,,not found
libVhallDispatchSwitch.so,41,9,,not found
libvhffmpeg.so,41,6,https://github.com/FFmpeg/FFmpeg,not sure
libICLogger.so,41,4,,not found
libperformance.so,41,2,,not found
libpatchMerge.so,41,3,,not found
libreact_nativemodule_defaults.so,41,1,https://github.com/facebook/react-native/blob/HEAD/packages/react-native/ReactCommon/react/nativemodule/defaults/DefaultTurboModules.cpp,True
libreact_nativemodule_dom.so,41,1,https://github.com/facebook/react-native/blob/HEAD/packages/react-native/ReactCommon/react/nativemodule/dom/NativeDOM.cpp,True
libreact_nativemodule_featureflags.so,41,1,https://github.com/facebook/react-native/blob/HEAD/packages/react-native/ReactCommon/react/nativemodule/featureflags/NativeReactNativeFeatureFlags.cpp,True
libreact_nativemodule_microtasks.so,41,1,https://github.com/facebook/react-native/blob/HEAD/packages/react-native/ReactCommon/react/nativemodule/microtasks/NativeMicrotasks.cpp,True
libreact_performance_timeline.so,41,1,https://github.com/facebook/react-native/blob/HEAD/packages/react-native/ReactCommon/react/performance/timeline/PerformanceObserver.cpp,True
libreact_render_consistency.so,41,1,https://github.com/facebook/react-native/blob/HEAD/packages/react-native/ReactCommon/react/renderer/consistency/ShadowTreeRevisionConsistencyManager.cpp,True
libreact_render_observers_events.so,41,1,https://github.com/facebook/react-native/blob/HEAD/packages/react-native/ReactCommon/react/renderer/observers/events/EventPerformanceLogger.cpp,True
libreact_render_uimanager_consistency.so,41,1,https://github.com/facebook/react-native/blob/HEAD/packages/react-native/ReactCommon/react/renderer/uimanager/consistency/LazyShadowTreeRevisionConsistencyManager.cpp,True
librnworklets.so,41,18,https://github.com/margelo/react-native-worklets-core/blob/0ea116fbc747456667d6e7f93786188fc32e1559/android/cpp-adapter.cpp,True
libBaiduMapSDK_base_v5_2_1.so,41,4,,not found
libBaiduMapSDK_map_v6_4_0.so,41,5,,not found
libjiagu_sdk_locationsdkgd_supportProtected.so,41,3,,not found
libingeek-security-engine.so,40,23,,not found
libsys_misc.so,40,15,,not found
libnpth_unwind.so,40,3,,not found
libiotapiclient.so,40,6,,not found
liblvmedia.so,40,10,,not found
libiotcommon.so,40,6,,not found
libqndroid_beauty.so,40,3,,not found
libtechain.so,40,3,,not found
librelax.so,40,13,,not found
libandroidndkgif.so,40,11,,not found
libEncrypt.so,40,9,,not found
libtecodec.so,40,4,,not found
libofflinecrypto.so,40,8,,not found
libAliVCIM.so,40,12,,not found
libAndroidCard.so,40,16,,not found
libmindspore-lite-face.so,40,2,https://github.com/mindspore-ai/mindspore,not sure
libpaddle_lite_jni.so,40,16,https://github.com/PaddlePaddle/Paddle-Lite/blob/8c07d68f8508b722b903f366dc6a84efb2e086ef/lite/api/android/jni/native/tensor_jni.cc,True
libNERtcAudio3D.so,40,7,https://github.com/netease-kit/NECallKit,not sure
libjcore126.so,40,6,https://github.com/jpush/android-push-example,not sure
libtbs.libmemory.so.so,40,14,https://github.com/TencentBrowsingService/TBS_SDK,not sure
libyuv-sample.so,39,5,,not found
libvlionndk.so,39,8,,not found
libnative_crash.so,39,14,,not found
libQt.so,39,7,,not found
libwlt2bmp.so,39,7,,not found
libjdcrash.so,39,3,,not found
libDecryptorJni.so,39,6,,not found
libjdcrash_dumper.so,39,3,,not found
libAliCVKit.so,39,12,,not found
libali_native_aaid.so,39,2,,not found
libMMASignature.so,39,13,,not found
libnpth_ref_monitor.so,39,3,,not found
libbyteVC2dec.so,39,15,,not found
libAPSE_1.1.5.so,39,6,,not found
libpublickey.so,39,1,,not found
libio-canary.so,39,11,,not found
libAegisCore.so,39,0,,not found
liblivenessdetection_v2.4.3.1.so,39,21,,not found
libcysec.so,39,4,,not found
libhisign_lic.so,39,12,,not found
libmnnhandgesturedetection.so,39,2,,not found
libminiapp_quickjs.so,39,2,,not found
libuv.so,39,13,https://github.com/libuv/libuv/blob/eb497c582f5c0887add4d4658c7801e4ef412e10/src/idna.c,True
libAMapSDK_NAVI_v10_1_600.so,39,3,https://github.com/amapapi/Android_3D_Demo,not sure
libTdxAndroidCore.so,39,18,,not found
libjcore322.so,39,3,https://github.com/jpush/android-push-example,not sure
liblocSDK7d.so,39,3,,not found
libmlkitcommonpipeline.so,39,4,https://github.com/googlesamples/mlkit,not sure
libokhelper.so,38,15,,not found
libbdsoundutils.so,38,13,,not found
libnetworkpredictor.so,38,6,,not found
libabrmodule.so,38,10,,not found
zyencrypt6.so,38,0,,not found
libboost_multidex.so,38,2,,not found
libhilog.so,38,10,,not found
libreact_codegen_RNCWebViewSpec.so,38,21,https://github.com/react-native-webview/react-native-webview,true
libxt2.1_x86.so,38,0,,not found
libxt2.1_a.so,38,0,,not found
libxt2.1_a64.so,38,0,,not found
libxt2.1_x64.so,38,0,,not found
libugsv.so,38,17,,not found
libtrackz.so,38,2,,not found
libwasm.so,38,13,,not found
libcountly_native.so,38,2,,not found
libqndroid_amix.so,38,3,,not found
libipneigh-android.so,38,9,,not found
libvolleydemo.so,38,1,,not found
libhisign_lic_jni.so,38,9,,not found
libnativethreadstackwalker.so,38,4,,not found
libtingReader.so,38,2,,not found
libZYAccDecoder.so,38,2,,not found
libUiControl.so,38,7,,not found
librive-android.so,38,18,https://github.com/rive-app/rive-android/blob/0ed332d0e3b25f85159610a51c13ae56d3e2825b/kotlin/src/main/cpp/src/jni_refs.cpp,True
libAMapSDK_MAP_v6_9_3.so,38,1,https://github.com/amapapi/Android_3D_Demo,not sure
libjcore216.so,38,4,https://github.com/jpush/android-push-example,not sure
libjcore228.so,38,3,https://github.com/jpush/android-push-example,not sure
libjiagu_vip_a64.so,38,0,,not found
libpns-2.12.15-LogOnlineStandardCuxwRelease_alijtca_plus.so,38,2,,not found
libapm-plugin-raw-data.so,37,13,,not found
libApkPatchLibrary.so,37,19,,not found
libRealXBase.so,37,10,,not found
libjdpush-lib.so,37,4,,not found
libbytevc0.so,37,11,,not found
libdelta.so,37,7,,not found
libbdheif.so,37,15,,not found
libTuringYuvUtils.so,37,7,,not found
libsigner.so,37,5,,not found
libusb-lib.so,37,12,,not found
libimage_filter_common.so,37,5,,not found
libimage_filter_gpu.so,37,6,,not found
libxmediaplayerv7.so,37,4,,not found
libdfp-ndk.so,37,8,,not found
libdrawlinezip.so,37,5,,not found
libAnySign.so,37,4,,not found
libAndroidCardInfo.so,37,11,,not found
libunion-jni.so,37,7,,not found
libThingMP3CodecSDK.so,37,5,,not found
libThingAudioFileRecorderSDK.so,37,3,,not found
libfastblur.so,37,3,,not found
libstretch.so,37,5,https://github.com/vislyhq/stretch/blob/6879b9a1cf3c244430bbf8b88bf205c614d72562/bindings/kotlin/stretch/src/main/rust/src/lib.rs,True
libzstd-jni-decompress.so,37,3,https://github.com/luben/zstd-jni/blob/93f3e0f79fc8469a48ba07a0a08ec6b94e6deb6d/src/main/native/jni_bufferdecompress_zstd.c,not sure
libagora_jnd_extension.so,37,11,https://github.com/AgoraIO/API-Examples,not sure
libpns-2.14.17-LogOnlineStandardCuumRelease_alijtca_plus.so,37,3,,not found
libsgmainso-5.5.110.so,37,1,https://github.com/sgInnora/alipay-securityguard-analysis,not sure
libsgsecuritybodyso-5.5.110.so,37,1,https://github.com/sgInnora/alipay-securityguard-analysis,not sure
libtbs.tbs_hercules_plugin.jar.so,37,1,https://github.com/TencentBrowsingService/TBS_SDK,not sure
libemas-hprof-dump.so,36,3,,not found
libpro.so,36,24,,not found
libEPSDK.so,36,4,,not found
libGXAnalyzeCore.so,36,13,,not found
libhexagon_nn_skel.so,36,2,,not found
libpowerimage.so,36,5,,not found
libkeyboardGuard.so,36,7,,not found
libreparo.so,36,10,,not found
libvnnjni.so,36,9,,not found
libvnn_general.so,36,1,,not found
libAudioAdjustmentJniDiffVideo.so,36,4,,not found
libAudioAjustmentDiffVideo.so,36,2,,not found
liblens.so,36,24,,not found
libcore.so,36,24,,not found
libhpplayae.so,36,3,,not found
libSdkHelper_abc.so,36,17,,not found
libunionid.so,36,10,,not found
libmtguard.so,36,19,,not found
libcips.so,36,10,,not found
libQualityAssessment.so,36,6,,not found
libWatermark.so,36,7,,not found
libbusiness_processor.so,36,5,,not found
libsydsmsdk.so,36,6,,not found
libzymobi.so,36,1,,not found
libthirdparty_htmlmaker.so,36,1,,not found
libthirdparty_textselect.so,36,1,,not found
libthirdparty_json.so,36,1,,not found
libthirdparty_png.so,36,1,,not found
libthirdparty_textsql.so,36,1,,not found
libthirdparty_pdfmaker.so,36,1,,not found
libStsEpub.so,36,1,,not found
libthirdparty_safetyfile.so,36,1,,not found
libthirdparty_gif.so,36,1,,not found
libthirdparty_openjpeg.so,36,1,,not found
libthirdparty_zlib.so,36,1,,not found
libstspdflistfc.so,36,1,,not found
libthirdparty_jbig2dec.so,36,1,,not found
libthirdparty_jpeg.so,36,1,,not found
libthirdparty_freetype.so,36,1,https://gitlab.freedesktop.org/freetype/freetype,not sure
libthirdparty_agg.so,36,1,,not found
libLibNative.so,36,2,,not found
libabpartool.so,36,2,,not found
libcamerax_core_opengl_renderer_jni.so,36,1,https://github.com/androidx/androidx/blob/5a78d14b1d24594e5f032ea40537295c71f21a3e/camera/integration-tests/coretestapp/src/main/cpp/opengl_renderer_jni.cpp,not sure
libfluidsynth.so,36,20,https://github.com/FluidSynth/fluidsynth/blob/ae31c51454c4d2bab98c9d8ce65e9a5eafcf741c/src/midi/fluid_seq.c,True
libpine.so,36,11,https://github.com/canyie/pine/blob/216d910f18b18430a5d21c510affb221a9833a55/core/src/main/cpp/pine.cpp,True
libBaiduMapSDK_map_v5_2_1.so,36,5,,not found
libNERtcVideoDenoise.so,36,8,https://github.com/netease-kit/NECallKit,not sure
libTdxAndroid.so,36,16,,not found
libTdxAndroidOemJy.so,36,16,,not found
libbaiduprotect_sec_jni_facect.so,36,7,,not found
libjcore230.so,36,4,https://github.com/jpush/android-push-example,not sure
libjiagu_vip.so,36,6,,not found
libtpnsSecurity.so,35,7,,not found
libvpaassdk.so,35,7,,not found
libwhitebox.so,35,8,,not found
libreact_codegen_rnasyncstorage.so,35,18,https://github.com/react-native-async-storage/async-storage,not sure
libgaia_lib.so,35,23,,not found
libAGFX.so,35,26,,not found
libbsdiff-gzip.so,35,8,,not found
libsnare_2.0.0.so,35,16,,not found
libWSSec.so,35,2,,not found
libflutter_zxing.so,35,18,,not found
libComplexOperate.so,35,6,,not found
libRCAD.so,35,7,,not found
libdeviceid_1.0.so,35,8,,not found
libnllvm1730867279675.so,35,2,,not found
libpluginengine.so,35,11,,not found
libsplitsm2.so,35,7,,not found
libupsm.so,35,6,,not found
libihcommon.so,35,6,,not found
libLZO.so,35,6,https://www.oberhumer.com/opensource/lzo/download/lzo-2.10.tar.gz,not sure
libMNNOpenCV.so,35,17,https://github.com/alibaba/MNN/blob/2c3f5b21a223734e5db7da4ef7b492bc02cafcf5/tools/cv/source/core/core.cpp,True
libMNN_Vulkan.so,35,12,https://github.com/alibaba/MNN/blob/2c3f5b21a223734e5db7da4ef7b492bc02cafcf5/source/backend/vulkan/image/backend/VulkanBackend.cpp,True
libhardcoder.so,35,12,https://github.com/Tencent/Hardcoder/blob/db2d61235182ba612f193901e4ebe968084008b8/libapp2sys/src/main/cpp/com_tencent_mm_hardcoder_HardCoderJNI.cpp,True
librrc_picker.so,35,2,https://github.com/facebook/react-native/blob/2642fe185f9282ef6e39619617671068f9696008/ReactCommon/react/renderer/components/picker/androidpicker/react/renderer/components/androidpicker/AndroidDialogPickerProps.cpp,True
librtmp.so,35,18,https://github.com/mirror/rtmpdump/blob/6f6bb1353fc84f4cc37138baa99f586750028a01/librtmp/rtmp.c,True
libBaiduMapSDK_map_for_bikenavi_v7_5_8.so,35,5,,not found
libNERtcFaceEnhance.so,35,7,https://github.com/netease-kit/NECallKit,not sure
libNERtcSuperResolution.so,35,9,https://github.com/netease-kit/NECallKit,not sure
libsgmiddletierso-5.5.110.so,35,1,https://github.com/sgInnora/alipay-securityguard-analysis,not sure
libtvkqmp.so,35,6,,not found
libeasyopus.so,34,11,https://github.com/xiph/opus,not sure
libproducer.so,34,10,,not found
libanrmonitor.so,34,10,,not found
libteemo_android.so,34,4,,not found
libpaic_asr_new.so,34,3,,not found
libspeexso.so,34,8,,not found
libmnncore.so,34,16,,not found
libidentityutils.so,34,9,,not found
libvnn_stylizing.so,34,1,,not found
libvnn_faceparser.so,34,1,,not found
libpushinit.so,34,2,,not found
liblogging.so,34,14,,not found
libGMCrypto.so,34,4,,not found
libhoko_blur.so,34,7,,not found
libflp-native-v2.so,34,2,,not found
libflp-native-v2p.so,34,3,,not found
libvdr-engine-v2.so,34,2,,not found
libvdr-engine-v2p.so,34,2,,not found
libjsi_0.11.0.250523183108.so,34,3,,not found
libweffmpeg.so,34,2,https://github.com/FFmpeg/FFmpeg,not sure
libbankcard_v1.0.0.so,34,15,,not found
libai-antifake.so,34,10,,not found
libmstype_x.so,34,6,,not found
libaicommon.so,34,9,,not found
libdataccbFl.so,34,12,,not found
libQFormula.so,34,4,,not found
libqformula_jni_shell.so,34,5,,not found
libStarMobileAndroidApi.so,34,18,,not found
libanimated-webp.so,34,11,https://github.com/webmproject/libwebp/blob/7073d86ced421fee654eeb84c5255ed88e1ebffa/src/demux/anim_decode.c,not sure
libwhisper.so,34,3,https://github.com/ggml-org/whisper.cpp/blob/d1be6fde11ac6e0407606b4e42fe72d34add8037/src/whisper.cpp,True
libjiagu_64.so,34,1,,not found
libreact_codegen_reactnativekeyboardcontroller.so,33,18,https://github.com/kirillzyusko/react-native-keyboard-controller,not sure
libmldocrefine.so,33,8,,not found
libHwDocRefine.so,33,6,,not found
libMotu.so,33,0,,not found
libdidi_loc_flp_v3.so,33,9,,not found
libJNICodec.so,33,4,,not found
libjadbd.so,33,5,,not found
libECSocksServer.so,33,3,,not found
libabc.so,33,13,,not found
libSmartConfig.so,33,9,,not found
libFace3D.so,33,9,,not found
libhs.so,33,10,,not found
libKcsdk-2.0.9.so,33,2,,not found
libturbo.so,33,4,,not found
libmimo_1011.so,33,3,,not found
libcjtfccsm.so,33,5,,not found
lib7-Zip-JBinding.so,33,4,,not found
libabcopendexvmp.so,33,16,,not found
libcom_baihemob_ad_base.so,33,10,,not found
libcqyh_adConfig.so,33,5,,not found
libnh.so,33,5,,not found
libmtv8.so,33,14,,not found
libmtguard_3.so,33,13,,not found
libdpobj.so,33,7,,not found
libmtguard_2.so,33,13,,not found
libmtguard_1.so,33,13,,not found
libCGCipherSDK.so,33,4,,not found
libWSSecV.so,33,10,,not found
libvhallrtc_signaling_jni.so,33,9,,not found
libspine_flutter.so,33,19,,not found
libdecoder.so,33,13,,not found
libIOTCAPIsT.so,33,11,,not found
libgraphics-core.so,33,3,,not found
libpitu_tools.so,33,7,,not found
libpitu_device.so,33,6,,not found
libwemeet_base.so,33,13,,not found
libGMNetLib-native-lib.so,33,11,,not found
libAndroidSIDCard.so,33,16,,not found
libccbinteractive_liveness.so,33,4,,not found
libaudio-processor-jni.so,33,4,,not found
libpicwarp.so,33,4,,not found
libEcgAnaly.so,33,3,,not found
libapmapi.so,33,2,,not found
libfftw3.so,33,9,https://github.com/FFTW/fftw3/blob/93ed4c786934aec9946f8dda4b4e3eb08f8be41c/api/execute.c,True
libkoom-thread.so,33,19,https://github.com/KwaiAppTeam/KOOM/blob/df3b8c33f63ab1f23e814c19792314efb653deaf/koom-common/kwai-android-base/src/main/cpp/cmsg.cpp,True
libAMapSDK_NAVI_v9_3_0.so,33,4,https://github.com/amapapi/Android_3D_Demo,not sure
libAVProLocal.so,33,8,,not found
libFmodSound.so,33,5,,not found
libauth_number_product-2.12.3.4-log-online-standard-release_alijtca_plus.so,33,3,,not found
libjcore121.so,33,4,https://github.com/jpush/android-push-example,not sure
libmegLive-fmp.so,33,6,https://github.com/FacePlusPlus/MegviiFacepp-Android-SDK,not sure
libpns-2.12.10-LogOnlineStandardRelease_alijtca_plus.so,33,2,,not found
lib_imcore_msg_ext_gyp.so,32,6,,not found
libJDMobileSec.so,32,3,,not found
libjl_player.so,32,8,,not found
libTIMQuicPlugin.so,32,11,,not found
libjpegkit.so,32,4,,not found
libwg-lib.so,32,1,,not found
glesgm3.so,32,0,,not found
libvnn_face_reenactment.so,32,1,,not found
libvnn_objcount.so,32,1,,not found
libnr.huawei.so,32,2,,not found
libcpu-info.so,32,6,,not found
libgkfs.so,32,10,,not found
libProtoDB.so,32,7,,not found
libtask_vision_jni.so,32,7,,not found
libUtils.so,32,6,,not found
libzmvmpcls.so,32,8,,not found
libxmediaplayer_x.so,32,1,,not found
libCameraFaceJNI.so,32,9,,not found
libsecfdck.so,32,1,,not found
libabcMLog.so,32,6,,not found
libAbcSipCryptor.so,32,6,,not found
libmtc_core.so,32,12,,not found
libmtc_signal.so,32,11,,not found
libmtc_extra.so,32,12,,not found
libmtc_cc.so,32,10,,not found
libmtc_room.so,32,12,,not found
libMagicBeautify.so,32,18,,not found
libares.so,32,14,https://github.com/c-ares/c-ares/blob/f4156c12c8b36f5cb8f8a53658d44b24263c6ad1/src/lib/ares_init.c,True
libcrashpad_handler.so,32,11,https://github.com/chromium/crashpad/blob/677b9e33a269d8ddcf6ad21344e43f6caec4786f/handler/handler_main.cc,True
libduktape.so,32,8,https://github.com/svaarala/duktape/blob/3afa016bbe6eb13418fba6eaca003c660bc4c241/src-input/duk_api_call.c,True
libmediastreamer.so,32,13,https://github.com/BelledonneCommunications/mediastreamer2/blob/62d456a13813f0628326de7038f25c9dbd873b5e/src/base/msfilter.c,not sure
libopenjpeg.so,32,5,https://github.com/uclouvain/openjpeg/blob/8314119b067c0fc77834731168daaebd379fdb12/src/lib/openjp2/openjpeg.c,True
libsherpa-onnx-jni.so,32,20,https://github.com/k2-fsa/sherpa-onnx/blob/99ddefaa92129858b80a71a426903dd4215c83fa/sherpa-onnx/jni/jni.cc,True
libBaiduMapSDK_map_for_navi_v7_6_4.so,32,7,,not found
libMegviiIDCardQuality_1.2.2.so,32,5,https://github.com/FacePlusPlus/MegviiFacepp-Android-SDK,not sure
libjcore242.so,32,4,https://github.com/jpush/android-push-example,not sure
libxhook-emas.so,31,2,,not found
libcrashlytics-anr.so,31,2,,not found
libbyterts.so,31,8,,not found
libecspeex.so,31,3,,not found
libGXAnalyzeAndroid.so,31,11,,not found
libjdg.so,31,21,,not found
libsignal-register.so,31,9,,not found
libarthook.so,31,2,,not found
libcamerakit.so,31,8,,not found
libcamerakit-core.so,31,8,,not found
liboset-pine-lib.so,31,4,,not found
libmannorarmor.so,31,2,,not found
libbdmpg123.so,31,5,,not found
glesgm4.so,31,0,,not found
glesgm2.so,31,0,,not found
glesgm1.so,31,0,,not found
glesgm5.so,31,0,,not found
libvnn_docrect.so,31,1,,not found
libvnn_gesture.so,31,1,,not found
libvnn_objtracking.so,31,1,,not found
libvnn_classifying.so,31,1,,not found
libvnn_pose.so,31,1,,not found
libfinoxlog.so,31,6,,not found
libfacegl.so,31,6,,not found
libmilinkconnection.so,31,4,,not found
libconnectionbase.so,31,4,,not found
libxmediaplayer.so,31,7,,not found
libfaceliveness.so,31,5,,not found
libmtmap.so,31,22,,not found
libabcore-lib.so,31,1,,not found
libcork.so,31,0,,not found
libFacePre_jni.so,31,11,,not found
libace_zplan.so,31,4,,not found
libmyweb_sdk_0.11.0.250523183108.so,31,1,,not found
libalipaywebview_0.11.0.250523183108_7z.so,31,1,,not found
libLCOpenApiClient.so,31,11,,not found
libwemeet_framework.so,31,13,,not found
libwemeet_app_sdk.so,31,16,,not found
libdataccbFa.so,31,11,,not found
libqcloud-avif.so,31,4,https://github.com/AOMediaCodec/libavif,not sure
liblcrash_dump.so,31,6,,not found
liblogaly_crash.so,31,6,,not found
libcn_crypto.so,31,6,,not found
libUniquePosition.so,31,6,,not found
libSetupPayloadParser.so,31,8,,not found
libliquidfundll.so,31,2,,not found
libusec.so,31,2,,not found
libanti-dump.so,31,1,,not found
libanti-frida.so,31,1,,not found
libbh1BodyComposition.so,31,5,,not found
libbhBodyComposition.so,31,8,,not found
libbreakpad.so,31,12,https://github.com/google/breakpad/blob/6598c9c33fc02da7805401f3b0f1a733e6a24071/src/processor/minidump.cc,True
libepic.so,31,11,https://github.com/tiann/epic/blob/c67d0d3e3769c19119465784a579c659dd88c4ce/library/src/main/cpp/art.cpp,True
libminilzo.so,31,6,https://www.oberhumer.com/opensource/lzo/download/lzo-2.10.tar.gz,True
librealmreact.so,31,7,https://github.com/realm/realm-js/blob/fcadf9d2b0c3d6bf6662ecd6810022dd3ddd3837/src/android/jni_utils.cpp,not sure
libAMapSDK_MAP_v7_1_0.so,31,3,https://github.com/amapapi/Android_3D_Demo,not sure
libjcore118.so,31,4,https://github.com/jpush/android-push-example,not sure
libjiagu_x86_64.so,31,0,,not found
libpns-1.2.13-OnlineRelease_alijtca_plus.so,31,2,,not found
libtaldevicesecurity.so,30,7,,not found
libtalaccsecurity.so,30,7,,not found
libaudio-processor.so,30,4,,not found
libspeech-eval-sdk.so,30,7,,not found
libsoe.so,30,7,,not found
libRealX.so,30,6,,not found
libRealXAudio.so,30,6,,not found
libJITSafeModel.so,30,13,,not found
libjdJmaEncryptUtil.so,30,14,,not found
libjdface.so,30,11,,not found
libswanKV.so,30,5,,not found
libqplayer2-core.so,30,9,,not found
libyu-gu-active.so,30,1,,not found
libaes.so,30,12,,not found
libostar.so,30,14,,not found
libc++_fino.so,30,5,,not found
libAesJni.so,30,9,,not found
libnewep.so,30,13,,not found
libmetricx_koom.so,30,14,,not found
liblynxsecurity.so,30,5,,not found
libfisheye.so,30,5,,not found
liblame-mp3-utils.so,30,11,,not found
libmml_framework.so,30,11,,not found
libRDTAPIsT.so,30,10,,not found
libRDTAPIs.so,30,11,,not found
libtheone.so,30,14,,not found
libmsxf-action-live.so,30,13,,not found
libxcast.so,30,16,,not found
libthsSign.so,30,3,,not found
libpalmcodec.so,30,5,,not found
libxnet-android.so,30,11,,not found
libmedia-server.so,30,6,,not found
libiot_video_demo.so,30,12,,not found
libCC000000681D9E1A0000076670884F96.so,30,2,,not found
libfewgrgrgreg.so,30,2,,not found
libsmutil.so,30,7,,not found
libtestFitting.so,30,1,,not found
libBLSmartHomeAPI.so,30,7,,not found
libbreakpad_client.so,30,10,https://github.com/google/breakpad/blob/6598c9c33fc02da7805401f3b0f1a733e6a24071/src/client/linux/handler/exception_handler.cc,True
libcocos.so,30,24,https://github.com/cocos2d/cocos2d-x/blob/7a5282a301a13e467bdcc3466d3cd3883862aadf/cocos/base/CCDirector.cpp,not sure
libpytorch_jni.so,30,10,https://github.com/pytorch/pytorch/blob/19256a69e0d509cf7f2e311c789930fd15b8cb15/android/pytorch_android/src/main/cpp/pytorch_jni_jit.cpp,True
libsndfile.so,30,16,https://github.com/libsndfile/libsndfile/blob/b9103bd48b6c8fb517ae737fe3baee0c718b804c/src/xi.c,True
libsonic.so,30,12,https://github.com/waywardgeek/sonic/blob/b93885dcb70aae50c6f76b0fe4e0868f029a077e/sonic.c,True
libvorbisenc.so,30,10,https://github.com/xiph/vorbis/blob/1b75110b5a2754ba1931d82dd83cb822b266a21d/lib/vorbisenc.c,True
libAMapSDK_MAP_v9_3_1.so,30,3,https://github.com/amapapi/Android_3D_Demo,not sure
libBaiduTraceSDK_v3_2_1.so,30,8,,not found
libMegviiLicenseManager-0.3.0.so,30,8,https://github.com/FacePlusPlus/MegviiFacepp-Android-SDK,not sure
libjiagu_vip_x86.so,30,6,,not found
libpns-2.12.4-SNAPSHOT_alijtca_plus.so,30,4,,not found
libpns-2.12.7.1-LogOnlineStandardRelease_alijtca_plus.so,30,3,,not found
libsangfor-jni.so,30,4,,not found
libsangfor.so,30,4,,not found
libsangforsdk.so,30,15,,not found
libmediaplayer_live.so,29,2,,not found
libtnpn.so,29,6,,not found
libhud_protocol.so,29,5,,not found
libjitsetpackagename.so,29,9,,not found
libjitandroidextcard.so,29,13,,not found
libAndroidSmartVisionOcr.so,29,9,,not found
libyalog.so,29,5,,not found
libAudioRemix.so,29,5,,not found
libhvs.huawei.so,29,2,,not found
libkryptonaurum.so,29,11,,not found
libnslinker.so,29,6,,not found
glessm6.so,29,0,,not found
libheif_jni.so,29,8,,not found
libsimpleconfiglib.so,29,6,,not found
liblmktrack.so,29,5,,not found
libflybird.so,29,17,,not found
libtttext_lite.so,29,7,,not found
libauth.so,29,13,,not found
libvrsoft.so,29,11,,not found
libFunSDK.so,29,13,,not found
libysvqe_mobile.so,29,7,,not found
libmtcnn_jni.so,29,6,,not found
libbelt_ids_jni.so,29,14,,not found
libxnn_invoker.so,29,8,,not found
libYTCLGLUploader.so,29,2,,not found
libxnn_core.so,29,8,,not found
libxnn_media.so,29,7,,not found
libtmboard.so,29,10,,not found
libwmskia.so,29,5,,not found
libegis-x86.so,29,0,,not found
libnllvm1724220060639.so,29,4,,not found
libflylog.so,29,6,,not found
liba1.so,29,6,,not found
libnllvm1624623999.so,29,2,,not found
libzad-lib.so,29,3,,not found
libsignature_balanar.so,29,6,,not found
libcallmodule_balanar.so,29,16,,not found
libsqlc-ndk-native-driver.so,29,5,,not found
libbrotli.so,29,11,https://github.com/google/brotli/blob/392b261debb0f478811ddacb98b118da36b06158/c/tools/brotli.c,True
libcjson.so,29,11,https://github.com/DaveGamble/cJSON/blob/6d9f2443ab071f86e5d9b43025a40929ec41c46c/cJSON.c,True
libessentia.so,29,3,https://github.com/MTG/essentia/blob/53625f67d46865d25a49f09baae4b4dde9ffdfed/src/essentia/essentia.cpp,True
libjsoncpp.so,29,9,https://github.com/open-source-parsers/jsoncpp/blob/3347a4b86bb914cb565f0cbda19c06e109513300/src/lib_json/json_value.cpp,True
liblua.so,29,4,https://github.com/lua/lua/blob/0b29f408433e92953cc72b1d3e06c7ac8139e439/lapi.c,True
libBaiduMapSDK_base_v5_1_0.so,29,4,,not found
libBaiduMapSDK_map_for_bikenavi_v7_5_5.so,29,2,,not found
libBaiduMapSDK_map_v5_1_0.so,29,4,,not found
libDXCaptcha-1.7.2.so,29,2,,not found
libauth_number_product-2.12.1-log-online-standard-release_alijtca_plus.so,29,2,,not found
libjiagu_vip_x64.so,29,0,,not found
libttvesdk.so,29,21,,not found
libgtmp3lame.so,28,3,,not found
libtk_jingle_peerconnection_so.so,28,5,,not found
libaudioMixer.so,28,5,,not found
libjmagick-7.so,28,2,,not found
libwffmpeg.so,28,5,https://github.com/FFmpeg/FFmpeg,not sure
libwb_nativebuffer.so,28,4,,not found
libsecurec.so,28,10,,not found
libjxffmpegrun.so,28,7,https://github.com/FFmpeg/FFmpeg,not sure
libbdtls.so,28,8,,not found
libsafakeyboard.so,28,4,,not found
libuniappx.so,28,4,,not found
libBankCardInfo.so,28,3,,not found
libm2o_jni.so,28,14,,not found
libisecgm.so,28,2,,not found
libImgoHelp.so,28,7,,not found
libImgoFfmpeg4.so,28,8,https://github.com/FFmpeg/FFmpeg,not sure
libImgoexs.so,28,8,,not found
liblesender.so,28,2,,not found
libcipher.so,28,15,,not found
libbytevc1enc.so,28,8,,not found
libjse.so,28,6,,not found
libvenus.so,28,9,,not found
libdataccbEsafe.so,28,10,,not found
libCLHaze.so,28,2,,not found
libursandroidunity.so,28,5,,not found
libvoipChannel.so,28,10,,not found
libilink_network.so,28,9,,not found
liblabdeviceinfo.so,28,9,,not found
libappsafekbcrypto.so,28,5,,not found
libjoin_meeting_module.so,28,11,,not found
libmember_module.so,28,12,,not found
libtm_sdk_module.so,28,12,,not found
libaudio_module.so,28,11,,not found
libinvite_module.so,28,11,,not found
libbreakout_room_module.so,28,11,,not found
libmeeting_live_module.so,28,11,,not found
librecord_module.so,28,13,,not found
libchat_module.so,28,11,,not found
libsettings_module.so,28,13,,not found
libsim_interpret_module.so,28,11,,not found
libscreen_share_module.so,28,12,,not found
libvideo_module.so,28,12,,not found
libmsxf-mnn-ocr.so,28,12,,not found
libfs-pnc-crypto.so,28,5,,not found
libjussl.so,28,7,,not found
libBcEngine.so,28,11,,not found
libdidi_secure.so,28,4,,not found
libxyvp.so,28,4,,not found
libnet_tool.so,28,5,,not found
libVECoreInfer.so,28,7,,not found
libVEFaceDetect.so,28,3,,not found
libiotvoicechanger.so,28,5,,not found
libiot-soundtouch.so,28,4,,not found
libsl.so,28,3,,not found
libJavaScriptCore.so,28,4,https://github.com/WebKit/WebKit/blob/HEAD/Source/JavaScriptCore/API/JSContextRef.cpp,True
libcrypto.1.0.0.so,28,2,https://github.com/openssl/openssl/blob/OpenSSL_1_0_2u/crypto/evp/evp_enc.c,True
libgpupixel.so,28,15,https://github.com/pixpark/gpupixel/blob/ef552bf8ce2d0d41fa9b979bfb5c7cf79374ca88/src/sink/sink.cc,True
libAMapSDK_MAP_v10_0_800.so,28,4,https://github.com/amapapi/Android_3D_Demo,not sure
libAMapSDK_MAP_v6_5_0.so,28,2,https://github.com/amapapi/Android_3D_Demo,not sure
libAMapSDK_MAP_v6_9_2.so,28,1,https://github.com/amapapi/Android_3D_Demo,not sure
libAMapSDK_MAP_v7_2_0.so,28,4,https://github.com/amapapi/Android_3D_Demo,not sure
libarpresto_api.so,28,10,https://github.com/google-ar/arcore-android-sdk,not sure
libjcore300.so,28,5,https://github.com/jpush/android-push-example,not sure
libmetasecbiz_ml.so,28,2,,not found
libreact-native-mmkv.so,27,16,,not found
libsign.so,27,13,,not found
libkwai-unwind.so,27,13,,not found
libMtaNativeCrash_v2.so,27,4,,not found
libXxzlNetSecCore.so,27,4,,not found
libxxzlproto.so,27,2,,not found
libtnkqmp.so,27,1,,not found
libtnkbeaconid.so,27,2,,not found
libblkv.so,27,7,,not found
libqapmjvmti.so,27,7,,not found
libqapmMemoryDump.so,27,7,,not found
libzkwltdecode.so,27,7,,not found
libfacebeauty.so,27,9,,not found
libfacedetmnn.so,27,4,,not found
libwolfssl.so,27,9,,not found
libtensorflow_inference.so,27,8,,not found
libmonet.so,27,12,,not found
libavutil-56.so,27,10,,not found
libswresample-3.so,27,10,,not found
libinterstellar.so,27,3,,not found
libvctfo.so,27,3,,not found
libvorbisfile.so,27,10,,not found
libFLAC.so,27,10,,not found
libFlowReporter.so,27,6,,not found
libnative.so,27,14,,not found
libhodor.so,27,21,,not found
libMBarScannerV2.so,27,9,,not found
libmap-render.so,27,21,,not found
libmetricx_nativetools.so,27,7,,not found
liblogx.so,27,9,,not found
libssl.1.0.2.so,27,2,,not found
libcrypto.1.0.2.so,27,2,,not found
libTXSHA1.so,27,8,,not found
libxweb_hpatchz.so,27,5,,not found
libTxtOverlay.so,27,6,,not found
libsenseid_ids.so,27,13,,not found
liblinkid.so,27,4,,not found
libgradishwrapper.so,27,5,,not found
libexecgame.so,27,5,,not found
libcaption_module.so,27,10,,not found
libweb_share_module.so,27,10,,not found
libnllvm1624013121.so,27,3,,not found
libBTConfigUtil.so,27,4,,not found
libijksdl_hxl.so,27,5,,not found
libijkffmpeg_hxl.so,27,5,https://github.com/FFmpeg/FFmpeg,not sure
libijkplayer_hxl.so,27,5,,not found
libSsyuv.so,27,2,,not found
libWhiteBoxSecurity.so,27,4,,not found
libhuffman.so,27,4,,not found
libBRAudioToolbox.so,27,7,,not found
libmtcrypt.so,27,5,,not found
libchrome_zlib.cr.so,27,6,,not found
libanalytics.so,27,4,,not found
libssl.1.0.0.so,27,2,https://github.com/openssl/openssl/blob/OpenSSL_1_0_2u/ssl/ssl_lib.c,True
libAMapSDK_MAP_v10_1_500.so,27,3,https://github.com/amapapi/Android_3D_Demo,not sure
libBaiduMapSDK_base_v4_5_2.so,27,5,,not found
libBaiduMapSDK_base_v7_6_7.so,27,1,,not found
libBaiduMapSDK_map_v4_5_2.so,27,7,,not found
libencode.so,26,5,,not found
libwchat.so,26,8,,not found
libdeviceinfo.so,26,9,,not found
libsamplerate.so,26,4,,not found
libBavClient.so,26,7,,not found
lib_imcore_group_ext_gyp.so,26,5,,not found
lib_imcore_sns_ext_gyp.so,26,5,,not found
libhide-api-bypass.so,26,5,,not found
libnative-crash.so,26,5,,not found
libcrashpad_client.so,26,8,,not found
libAes.so,26,4,,not found
libNatCorder.so,26,11,,not found
libft_native_exp_lib.so,26,4,,not found
libft_native_dump_mgr.so,26,4,,not found
libsqliteX.so,26,17,,not found
libmindspore-lite-audioeditor.so,26,3,https://github.com/mindspore-ai/mindspore,not sure
libavformat-58.so,26,9,,not found
libavcodec-58.so,26,9,,not found
libtitan.so,26,11,,not found
libz.so,26,12,,not found
libqhsdk-crash.so,26,5,,not found
libmrt.so,26,15,,not found
libblasV8.so,26,1,,not found
libProtoDB2.so,26,10,,not found
libunicorn.so,26,19,,not found
libv8.mt.so,26,14,,not found
libmtwebview_plat_support.so,26,5,,not found
libmsCrypto.so,26,4,,not found
libakamaibmp.so,26,7,,not found
libnedat.so,26,2,,not found
libJNIEncrypt.so,26,10,,not found
libdatasdk.so,26,11,,not found
libAVAPIsT.so,26,10,,not found
libturingpri.so,26,6,,not found
libfinauthlivenessv5.so,26,7,,not found
libhyperlpr3.so,26,3,,not found
libMSMNN.so,26,7,,not found
libwemeet_app_components.so,26,11,,not found
libcrash_guard.so,26,9,,not found
libaccount_module.so,26,9,,not found
libImSDK_Meeting.so,26,5,,not found
libjingle_vhpeerconnection_so.so,26,7,,not found
libchipsea_bias_v235.so,26,3,,not found
libEZStreamController.so,26,12,,not found
libhxxlog.so,26,4,,not found
libegis_security.so,26,11,,not found
libTest7.so,26,2,,not found
libkeep-signal.so,26,7,,not found
libz-ng.so,26,6,,not found
libcorona.so,26,5,,not found
libads.so,26,3,,not found
libgameNetwork.so,26,3,,not found
libplugin.zip.so,26,1,,not found
libplugin.openssl.so,26,1,,not found
liblicensing.so,26,3,,not found
libplugin.bit.so,26,1,,not found
libplugin.Bytemap.so,26,1,,not found
libalmixer.so,26,3,,not found
libjnlua5.1.so,26,3,,not found
libyzs_usc.so,26,3,,not found
libAMapSDK_MAP_v6_9_0.so,26,1,https://github.com/amapapi/Android_3D_Demo,not sure
libAMapSDK_NAVI_v9_8_1.so,26,5,https://github.com/amapapi/Android_3D_Demo,not sure
libbbhelper.so,25,16,,not found
libtencent-avif.so,25,6,https://github.com/AOMediaCodec/libavif,not sure
libxsafeEnv.so,25,6,,not found
libcom_wuba_uc_rsa.so,25,9,,not found
libECRsa.so,25,1,,not found
libPatcher.so,25,10,,not found
libAndroidVLCard.so,25,9,,not found
libTencentSMInApm.so,25,4,,not found
libjdface-jni.so,25,10,,not found
libxguardian.so,25,7,,not found
libpax-patch.so,25,3,,not found
libTHPlateID.so,25,10,,not found
libalgorithm-lib.so,25,6,,not found
libflexbox.so,25,14,,not found
libglib-2.0.so,25,10,,not found
libxt3.1_a.so,25,0,,not found
libxt3.1_a64.so,25,0,,not found
libmediapipe_jni.so,25,15,,not found
libaegon.so,25,17,,not found
libfastcv.so,25,12,,not found
libnoise.so,25,7,,not found
libWTF.so,25,3,,not found
libCommonSDK.so,25,11,,not found
libvoipComm.so,25,9,,not found
libilink2.so,25,7,,not found
libilink_protobuf.so,25,6,https://github.com/protocolbuffers/protobuf,not sure
libfakedyn.so,25,3,,not found
libfakedyn_x86.so,25,3,,not found
libhistorical_meetings_module.so,25,9,,not found
libmedia_process_module.so,25,8,,not found
libappbox_module.so,25,10,,not found
libgmssl.so,25,13,,not found
libxdsd_dev.so,25,11,,not found
libEncryptLib.so,25,13,,not found
libPkcs.so,25,7,,not found
libgism.so,25,2,,not found
libARKernelInterface.so,25,15,,not found
libmttypes.so,25,6,,not found
libmmtools.so,25,13,,not found
libmtplayer.so,25,6,,not found
libffmpegfilter.so,25,6,https://github.com/FFmpeg/FFmpeg,not sure
libandroid.so,25,6,,not found
libbaseutil.so,25,6,,not found
libicuuc.cr.so,25,5,https://github.com/unicode-org/icu,not sure
libssid_verify_jni.so,25,5,,not found
libbh2BodyComposition.so,25,5,,not found
libAMapSDK_NAVI_v10_0_600.so,25,2,https://github.com/amapapi/Android_3D_Demo,not sure
libZegoConnection.so,25,6,https://github.com/zegoim/zego-express-example-faceunity,not sure
libbdpush_V3_5.so,25,6,https://github.com/Baidu-AIP/speech-demo,not sure
libjcore260.so,25,3,https://github.com/jpush/android-push-example,not sure
libjiagu_sdk_fgsProtected.so,25,8,,not found
libmegface.ocr.identify_v5.4.1.so,25,3,https://github.com/FacePlusPlus/MegviiFacepp-Android-SDK,not sure
libhci_sys_jni.so,24,12,,not found
libhci_sys.so,24,12,,not found
libhci_curl.so,24,9,,not found
libavformat-amplituda.so,24,3,,not found
libamplituda-native-lib.so,24,3,,not found
libavcodec-amplituda.so,24,3,,not found
libavutil-amplituda.so,24,3,,not found
libswresample-amplituda.so,24,3,,not found
libwb_sec.so,24,4,,not found
libwebsockets.so,24,8,,not found
libreact_codegen_RNCViewPager.so,24,13,https://github.com/callstack/react-native-pager-view,not sure
libstub000.so,24,13,,not found
libHPSClientSDK.so,24,7,,not found
libHPSClient.so,24,7,,not found
libdarknet.so,24,5,,not found
libphccommon-lib.so,24,3,,not found
libUnityARCore.so,24,13,,not found
libNatRender.so,24,4,,not found
libmsaaudio.so,24,9,,not found
libliteca.so,24,5,,not found
libliveplayer.so,24,7,,not found
libkryptonaudioeffect.so,24,8,,not found
libgmodule-2.0.so,24,8,,not found
libgio-2.0.so,24,9,,not found
libgthread-2.0.so,24,8,,not found
libgobject-2.0.so,24,9,,not found
libxt3.1_x86.so,24,0,,not found
libxt3.1_x64.so,24,0,,not found
libeffect_proxy.so,24,15,,not found
libexpo-sqlite.so,24,10,,not found
libwxaopenruntimejni.so,24,4,,not found
libvenus-v.so,24,10,,not found
libswsoft_engine.so,24,8,,not found
libWebViewCore_3.22.2.66.230817192043_7z_uc.so,24,1,,not found
librsa_bridge.so,24,4,,not found
librs.stackblur.so,24,6,,not found
libvad_jni.so,24,8,,not found
libmmwebrtc.so,24,6,https://webrtc.googlesource.com/src/,not sure
libkxqpzmvmpinf.so,24,8,,not found
libprivatedata.so,24,7,,not found
libxmediaplayerv8.so,24,2,,not found
libdzhjni.so,24,5,,not found
libdzhconnection.so,24,6,,not found
libhxsecurity.so,24,4,,not found
libnllvm1624117532.so,24,3,,not found
libppthelper.so,24,6,,not found
libwbsm4.so,24,6,,not found
libfidocerca.so,24,8,,not found
libvadnn.so,24,4,,not found
libMagickWand-7.so,24,2,,not found
libArmArchNewEncrypt.so,24,1,,not found
libusb-1.0.so,24,7,,not found
libconcealjni.so,24,5,,not found
libpng.so,24,14,https://github.com/pnggroup/libpng/blob/18ea3e9404a09f42d92f952a4c0d1dd3d688182a/png.c,True
libAMapSDK_MAP_v7_4_0.so,24,6,https://github.com/amapapi/Android_3D_Demo,not sure
libAMapSDK_NAVI_v7_4_0.so,24,3,https://github.com/amapapi/Android_3D_Demo,not sure
libAMapSDK_NAVI_v8_0_0.so,24,2,https://github.com/amapapi/Android_3D_Demo,not sure
libBaiduMapSDK_base_v6_0_0.so,24,3,,not found
libjcore255.so,24,1,https://github.com/jpush/android-push-example,not sure
libpns-2.12.17-LogOnlineStandardCuxwRelease_alijtca_plus.so,24,3,,not found
libpns-2.14.13-LogOnlineStandardCuumRelease_alijtca_plus.so,24,3,,not found
libpns-2.14.2-LogOnlineNouiCuumRelease_alijtca_plus.so,24,1,,not found
libpsplayer.so,23,13,,not found
libpssdl.so,23,13,,not found
libpsffmpeg.so,23,10,https://github.com/FFmpeg/FFmpeg,not sure
libfvp_plugin.so,23,8,,not found
libmdk.so,23,7,,not found
libgdimage.so,23,2,,not found
libLivenessModule.so,23,7,,not found
libmixer.so,23,4,,not found
libtxcommonlib.so,23,2,,not found
libFormatConversionSDK.so,23,6,,not found
libVinParseEngine.so,23,5,,not found
libSoftAPConfig.so,23,11,,not found
libgdinamapv4sdk752ex.so,23,4,,not found
libvideo-util.so,23,8,,not found
libgdinamapv4sdk752.so,23,4,,not found
libmedia-lib.so,23,8,,not found
libijktool.so,23,5,,not found
libmediadecoder-lib.so,23,8,,not found
libmedia_metadataretriever.so,23,8,,not found
libDnsChecker.so,23,5,,not found
libepaper.so,23,7,,not found
libreact_codegen_RNLinearGradientSpec.so,23,15,https://github.com/react-native-linear-gradient/react-native-linear-gradient,true
libapkpatch.so,23,9,,not found
libkey.so,23,11,,not found
libw.so,23,12,,not found
libqnquic.so,23,2,,not found
libturingau.so,23,8,,not found
liblinkvisual.so,23,11,,not found
libcpucl.so,23,8,,not found
libonetex.so,23,8,,not found
libpatch.so,23,9,,not found
librs.boxblur.so,23,5,,not found
libursandroidcore.so,23,2,,not found
libvoipVideoCodec.so,23,8,,not found
libXNet.so,23,6,,not found
libvoipCodec.so,23,8,,not found
libwechatvoicesilk.so,23,6,,not found
libconfService.so,23,8,,not found
libWeVision.so,23,8,,not found
libvivo_account_sdk.so,23,2,,not found
libc_secshared.so,23,10,,not found
liblinphonetester.so,23,9,,not found
libbctoolbox-tester.so,23,9,,not found
libjpge.so,23,6,,not found
libJniBitmapOperator.so,23,6,,not found
libjpgd.so,23,6,,not found
libJniYuvOperator.so,23,6,,not found
libssid_spark_jni.so,23,9,,not found
libtmecardjni.so,23,3,,not found
libartvc_jingle_peerconnection_so.so,23,8,,not found
libtdxguomi.so,23,9,,not found
libSinoCryptoLib.so,23,6,,not found
libSinoCryptoLib4j.so,23,6,,not found
libmoai-sqlite.so,23,5,,not found
libaicodec.so,23,12,,not found
libnativeff.so,23,8,,not found
libMTARMPM.so,23,5,,not found
libmindspore-lite-fp16-face.so,23,2,https://github.com/mindspore-ai/mindspore,not sure
libmindspore-lite-optimize-face.so,23,2,https://github.com/mindspore-ai/mindspore,not sure
libScreenRecorder.so,23,8,,not found
libManis.so,23,11,,not found
libxylinkAIEngine.so,23,9,,not found
libwemeet_sdk.so,23,11,,not found
libwemeet_plugins.so,23,7,,not found
libwemeet_module_api.so,23,8,,not found
libAMapSDK_MAP_v9_3_0.so,23,5,https://github.com/amapapi/Android_3D_Demo,not sure
libBaiduMapSDK_map_v6_0_0.so,23,4,,not found
libjcore116.so,23,1,https://github.com/jpush/android-push-example,not sure
libjcore222.so,23,1,https://github.com/jpush/android-push-example,not sure
libjcore272.so,23,1,https://github.com/jpush/android-push-example,not sure
libjiagu_sdk_openSDKProtected.so,23,8,,not found
libeval_core.so,22,8,,not found
libplayerlicense.so,22,11,,not found
libcbframework_init.so,22,6,,not found
librealm_dart.so,22,6,,not found
libRiskStub100.so,22,4,,not found
libunty.so,22,2,,not found
librabjni_V2_4_0.so,22,4,,not found
libyuvOperator.so,22,8,,not found
libjpegTransformer.so,22,8,,not found
libinteractive_liveness_fortified.so,22,2,,not found
libdexvmp1632994834.so,22,1,,not found
libduidns.so,22,3,,not found
libduiutils.so,22,12,,not found
libnativelog.so,22,6,,not found
libfluidsynth-assetloader.so,22,9,,not found
libvtn_mic1.so,22,6,,not found
libnativebitmap.so,22,9,,not found
libTNN.so,22,12,,not found
libBurstLinker.so,22,9,,not found
libnad-lib.so,22,4,,not found
libnative-qiming-common.so,22,5,,not found
libnative-qiming-lib.so,22,5,,not found
libxo.so,22,3,,not found
libbd_pass_face_sdk.so,22,8,,not found
libqcrash.so,22,2,,not found
libjazz.so,22,13,,not found
libaeslib.so,22,6,,not found
libmtnncore.so,22,7,,not found
libmxjm.so,22,10,,not found
libvmjm.so,22,13,,not found
libhaima_rtc_so.so,22,9,,not found
libtransform-liveness-lib.so,22,9,,not found
libwatson.so,22,4,,not found
libzkfv_fj.so,22,3,,not found
liblsplant.so,22,5,,not found
libharfbuzz.so,22,2,https://github.com/harfbuzz/harfbuzz,not sure
libwlog.so,22,9,,not found
libprotocol.so,22,10,,not found
libocr_scan.so,22,3,,not found
libIMMMASignature.so,22,5,,not found
libP2PTunnelAPIsT.so,22,8,,not found
libgamelog_delegate.so,22,4,,not found
librtmp2cpp.so,22,2,,not found
libhubble_core.so,22,4,,not found
libymm_log.so,22,3,,not found
libwlqq_security_new.so,22,4,,not found
libmsandroidcamera2.so,22,8,,not found
libalipaywebview_0.11.0.250421143957.so,22,5,,not found
libjsi_0.11.0.250421143957.so,22,5,,not found
libmyweb_sdk_0.11.0.250421143957.so,22,1,,not found
libnrtc_engine.so,22,6,,not found
librc.so,22,9,,not found
libBSBiaAlg.so,22,3,,not found
libservicewall.so,22,9,,not found
libweituo.so,22,8,,not found
libisec.so,22,8,,not found
libDecoderV3B.so,22,2,,not found
libAudioJni.so,22,2,,not found
libNativeLibUsb.so,22,2,,not found
libRATokenKernel.so,22,8,,not found
libxdgmssl.so,22,5,,not found
libnllvm1663145504.so,22,4,,not found
libmtc_mpcall.so,22,5,,not found
libafaudiotoolbox.so,22,6,,not found
libNativeCrashHandler.so,22,5,,not found
libexecv3.so,22,2,,not found
libsfwatchface.so,22,2,,not found
libarm.so,22,0,,not found
libgzysegment.so,22,7,,not found
libfile_lock.so,22,6,,not found
libfftools.so,22,1,,not found
libcronet.88.0.4324.181.so,22,5,,not found
libplugin.movie.so,22,1,,not found
libalicomphonenumberauthsdk-nolog-online-channel_alijtca_plus.so,22,1,,not found
libluggage-zlib-ng.so,22,4,,not found
libWCDB.so,22,12,https://github.com/Tencent/wcdb/blob/17ebdcbb0a6d610432ea0106718a40676506b0a3/src/cpp/core/Table.cpp,True
libBaiduMapSDK_map_v7_6_7.so,22,1,,not found
libMegviiLicenseManager-jni-0.3.1.so,22,6,https://github.com/FacePlusPlus/MegviiLicMgr-Android-SDK/blob/2440f0cd21ba148e8d49fa5581253a51e0582476/MGLicenseManagerSDK/LicenseManagerSDK/src/main/cpp/megvii_licensemanager_jni.cpp,True
libagora-mccex-service-sdk.so,22,4,https://github.com/AgoraIO/API-Examples,not sure
libjcore119.so,22,4,https://github.com/jpush/android-push-example,not sure
libjcore127.so,22,3,https://github.com/jpush/android-push-example,not sure
libjcore282.so,22,4,https://github.com/jpush/android-push-example,not sure
libjtopus.so,21,9,https://github.com/xiph/opus,not sure
libchat-native-lib.so,21,11,,not found
libcocklogic.so,21,2,,not found
libfairymob-lib.so,21,5,,not found
libreact_codegen_lottiereactnative.so,21,14,https://github.com/lottie-react-native/lottie-react-native,true
libreact_codegen_pagerview.so,21,12,https://github.com/callstack/react-native-pager-view,true
libopencv.so,21,5,https://github.com/opencv/opencv,not sure
libxzSec.so,21,2,,not found
librtsaControl.so,21,6,,not found
libMediaTransport.so,21,5,,not found
libjcb.so,21,9,,not found
libapmlooper.so,21,5,,not found
libapmbase.so,21,4,,not found
libaurautils.so,21,2,,not found
libaura.so,21,2,,not found
libjl_frm_codec.so,21,3,,not found
libusb1.0.so,21,11,,not found
libhv.so,21,6,,not found
libbootupdateid-lib.so,21,3,,not found
libbvcparser.so,21,5,,not found
libChineseConverter.so,21,4,,not found
libbmf_hydra_lite.so,21,8,,not found
libmgtvp2p.so,21,4,,not found
libweex_framework.so,21,17,,not found
libsodiumjni.so,21,10,https://github.com/jedisct1/libsodium,not sure
libwalle_base.so,21,14,,not found
libmetricx_monitor.so,21,11,,not found
libshella-4.5.3.23.so,21,1,,not found
libmaplibre.so,21,7,,not found
libTTMachineCore.so,21,2,,not found
libalicomphonenumberauthsdk-log-online-release_alijtca_plus.so,21,8,,not found
test.so,21,4,,not found
libP2PTunnelAPIs.so,21,8,,not found
libdart2cpp.so,21,4,,not found
libwxVcodec1.so,21,3,,not found
libmm_gl_disp.so,21,6,,not found
libmmmediasdk.so,21,4,,not found
libidcardquality_v1.0.4.so,21,10,,not found
libnrtc_network.so,21,5,,not found
libTjHwBiaAlgAC4003.so,21,3,,not found
libtranscode.so,21,8,,not found
libhce-push.so,21,5,,not found
libauthcrypto_new.so,21,2,,not found
libmobishield.so,21,3,,not found
libcosign.so,21,8,,not found
libdataccbFas.so,21,6,,not found
libSdkHelper_ccbFas.so,21,6,,not found
libblecomm-lib.so,21,8,,not found
libcgat-lib.so,21,6,,not found
libasguarder.so,21,10,,not found
libgodimage-jni.so,21,1,,not found
libMTAiInterface.so,21,13,,not found
libmygvoice.so,21,4,,not found
libGVoiceUtils.so,21,2,,not found
libhwdec.so,21,11,,not found
libchipsea_bias_v236.so,21,2,,not found
libhandsup_module.so,21,6,,not found
libsafety_module.so,21,6,,not found
libbh3BodyComposition.so,21,5,,not found
libbh4BodyComposition.so,21,3,,not found
libAMapSDK_MAP_v9_6_2.so,21,4,https://github.com/amapapi/Android_3D_Demo,not sure
libBaiduMapSDK_map_for_navi_v7_6_1.so,21,6,,not found
libauth_number_product-2.12.1-nolog-online-standard-channel_alijtca_plus.so,21,4,,not found
libpns-2.12.9-NologOnlineStandardRelease_alijtca_plus.so,21,2,,not found
libstidocr_quality_jni.so,21,6,https://github.com/SoftSugar-Inc/effects-android,not sure
libjtspeex.so,20,10,,not found
libeval_license.so,20,4,,not found
libns.so,20,7,,not found
libVuplexWebViewAndroid.so,20,6,,not found
libkoom-native.so,20,10,,not found
libwhite-box.so,20,6,,not found
libecc256.so,20,3,,not found
libzlib.so,20,11,,not found
libvideoencode.so,20,5,,not found
libmp4-lib.so,20,4,,not found
libvideodecode.so,20,5,,not found
libwplayer.so,20,5,,not found
libwsdl.so,20,5,,not found
libPrivateSSL.so,20,3,,not found
libPrivateCrypto.so,20,3,,not found
libCtaLib.so,20,10,,not found
libanw.21.so,20,6,,not found
libiProtectPAB.so,20,6,,not found
libmmocr.so,20,3,,not found
libswscale-5.so,20,6,,not found
libhardware_buffer.so,20,1,,not found
libcloudPhoneMark.so,20,2,,not found
libnvs-webp.so,20,3,https://chromium.googlesource.com/webm/libwebp/,not sure
libcrash_dump.so,20,14,,not found
libtt_cnpa_sdk.so,20,6,,not found
libjxad.so,20,6,,not found
libhaotian.so,20,6,,not found
libmatrix-pthreadhook.so,20,12,,not found
libgaiaxjs.so,20,6,,not found
libmquic.so,20,6,,not found
libmetrics_traffic.so,20,10,,not found
libjdmp.so,20,11,,not found
libtbnativec.so,20,2,,not found
libttheif_enc.so,20,4,,not found
libdaemon.so,20,3,,not found
libmmbKey.so,20,3,,not found
libcwAuth.so,20,4,,not found
libjplayer.so,20,9,,not found
libTelinkCrypto.so,20,5,,not found
libWeEffect.so,20,6,,not found
libyaqcore_gdtadv.so,20,6,,not found
libyaqstub_gdtadv.so,20,11,,not found
libgeos.so,20,4,,not found
libentryex.so,20,2,,not found
libijmDataDecryption.so,20,2,,not found
libaWxSqlite.so,20,6,,not found
libhwm_sdk_ext.so,20,13,,not found
liblive-face.so,20,4,,not found
libMstpLanmsg.so,20,6,,not found
libMstpMessage.so,20,6,,not found
libMstpCommon.so,20,6,,not found
libhsyymediahandle.so,20,2,,not found
libhsyyrtmp.so,20,2,,not found
libarsceneview_jni.so,20,4,,not found
libcommondevInfo.so,20,2,,not found
libcocos2dcpp.so,20,10,,not found
libxposed_check.so,20,10,,not found
libilink_xlog.so,20,3,,not found
libMagickCore-7.so,20,2,,not found
libhttpelf.so,20,4,,not found
libmtmvcore.so,20,12,,not found
libVEKeyword.so,20,4,,not found
libmemso-1.3.so,20,6,,not found
libavbase-1.1.so,20,5,,not found
libyuvwrapper.so,20,5,,not found
libmtrteffectcore.so,20,11,,not found
libx265.so,20,8,https://bitbucket.org/multicoreware/x265_git/,not sure
libvote_module.so,20,5,,not found
libquickbase64.so,20,9,,not found
libmatrix-memorydump.so,20,1,,not found
libUtil.so,20,2,,not found
libxmtls.so,20,3,,not found
libSha1.so,20,2,,not found
libraphael.so,20,3,,not found
libAMapSDK_NAVI_v10_1_302.so,20,3,https://github.com/amapapi/Android_3D_Demo,not sure
libBaiduMapSDK_base_v6_2_0.so,20,3,,not found
libBaiduMapSDK_map_for_navi_v7_5_9.so,20,3,,not found
libMegviiIDCardQuality_1.3.0.so,20,4,https://github.com/FacePlusPlus/MegviiFacepp-Android-SDK,not sure
libjcore110.so,20,4,https://github.com/jpush/android-push-example,not sure
libjcore123.so,20,3,https://github.com/jpush/android-push-example,not sure
libsgsecuritybodyso-5.5.28.so,20,1,https://github.com/sgInnora/alipay-securityguard-analysis,not sure
libaudioengine.so,19,11,,not found
libijkffmpeg4x.so,19,7,https://github.com/FFmpeg/FFmpeg,not sure
libreact_codegen_RNSentrySpec.so,19,9,https://github.com/getsentry/sentry-react-native,true
librum-native-core.so,19,6,,not found
libkiwicrash.so,19,2,,not found
libkiwi_dumper.so,19,2,,not found
libads-rtsa.so,19,3,,not found
librtsa.so,19,3,,not found
libwbvideoAesEncrypt.so,19,2,,not found
libaesEncrypt.so,19,3,,not found
librtmAESEncrypt.so,19,2,,not found
libnapi_v8.so,19,11,,not found
libPNXClientAuthJNI.so,19,4,,not found
libcrash_analysis.so,19,2,,not found
libwbsk_crypto_tool.so,19,9,,not found
libsignature.so,19,10,,not found
librecog.so,19,7,,not found
libsodium.so,19,10,https://github.com/jedisct1/libsodium,not sure
libdetection_based_tracker.so,19,5,,not found
libmv3_platform.so,19,6,,not found
libmv3_common.so,19,10,,not found
libmidi.so,19,7,,not found
libcvt.so,19,2,,not found
bpGm1.so,19,0,,not found
bpGm2.so,19,0,,not found
libpique.so,19,2,,not found
libsigmund_tilde.so,19,2,,not found
libbob_tilde.so,19,2,,not found
liblrshift_tilde.so,19,2,,not found
libbonk_tilde.so,19,2,,not found
libstdout.so,19,2,,not found
libfiddle_tilde.so,19,2,,not found
libloop_tilde.so,19,2,,not found
libatime.so,19,14,,not found
libNvConvertNW.so,19,2,,not found
libbytemonitor.so,19,6,,not found
libbytebench.so,19,10,,not found
libmatrix-hookcommon.so,19,11,,not found
libmatrix-memoryhook.so,19,11,,not found
libXcdnEngine.so,19,11,,not found
libapplog_rust.so,19,9,,not found
libmarsnative.so,19,12,,not found
libfcanvas_qk_jsi.so,19,14,,not found
libAliNNPython.so,19,11,,not found
libblecipher.so,19,5,,not found
libflutter_avif.so,19,3,https://github.com/AOMediaCodec/libavif,not sure
libropaencrypt.so,19,3,,not found
libhidden_watermark_lib.so,19,3,,not found
libzstd-jni.so,19,6,https://github.com/luben/zstd-jni,not sure
libmedia_core.so,19,7,,not found
libdexinterpret.so,19,2,,not found
libviewer.so,19,9,,not found
libtranscore.so,19,10,,not found
libshetj_mp3lame.so,19,6,,not found
libwechatvoicereco.so,19,1,,not found
libwechatlv.so,19,4,,not found
libvoipMain.so,19,4,,not found
libwemedia.so,19,2,,not found
libcontrol.so,19,9,,not found
libturingtianyu.so,19,7,,not found
libgeiri.so,19,9,,not found
libgeiri-v.so,19,9,,not found
libhyphenate_av_recorder.so,19,4,,not found
libsnappydb-native.so,19,2,https://github.com/google/snappy,not sure
libiRTCEngine.so,19,12,,not found
libxrtc.so,19,12,,not found
libCSLM_FT.demo.so,19,7,,not found
libCSLM_JS.demo.so,19,6,,not found
libSecAlgorithm.so,19,4,,not found
libThingAudioProcessSDK.so,19,4,,not found
libcomposelib.so,19,10,,not found
libmvgif.so,19,5,,not found
libwhisper_v8fp16_va.so,19,1,,not found
libnative-libph.so,19,3,,not found
libbbcast.so,19,3,,not found
libvivo_account_wave.so,19,4,,not found
libproxy_module.so,19,4,,not found
libLechangeSDK.so,19,12,,not found
libwework_framework.so,19,9,,not found
libOfflineDatabaseSDK.so,19,5,,not found
libCommand.so,19,3,,not found
libAILinkBle-lib.so,19,5,,not found
libBaiduMapSDK_base_v5_4_1.so,19,5,,not found
libBaiduMapSDK_map_v5_4_1.so,19,5,,not found
libBaiduMapSDK_map_v6_2_0.so,19,3,,not found
libZegoEffects.so,19,9,https://github.com/zegoim/zego-express-example-faceunity,not sure
libjcore201.so,19,3,https://github.com/jpush/android-push-example,not sure
libjcore238.so,19,2,https://github.com/jpush/android-push-example,not sure
libpns-2.12.6.3-LogOnlineStandardRelease_alijtca_plus.so,19,2,,not found
libpns-9.7.2-LogOnlineV9CuumRelease_alijtca_plus.so,19,2,,not found
libwebrtc_apms.so,18,7,https://webrtc.googlesource.com/src/,not sure
libst_opus.so,18,1,https://github.com/xiph/opus,not sure
libNitroIap.so,18,8,,not found
libopenblas.so,18,6,,not found
libhermesvm.so,18,3,https://github.com/facebook/hermes,not sure
libadsglrender.so,18,3,,not found
libnativerender.so,18,3,,not found
libaudionoise.so,18,4,,not found
libwbMp4Encrypt.so,18,2,,not found
libpreverify1.so,18,1,,not found
libdemolish.so,18,1,,not found
libdemolishdata.so,18,1,,not found
libAliyunRace.so,18,4,,not found
librtbt800.so,18,4,,not found
libwtbt800.so,18,4,,not found
libnlsCppSdk.so,18,2,,not found
libavframework.so,18,10,,not found
libbass.so,18,2,,not found
libentryexstd.so,18,3,,not found
libsungps.so,18,4,,not found
libshella-4.5.3.9.so,18,1,,not found
libmotion.so,18,3,,not found
segmentFrame1.so,18,0,,not found
glesgm83.so,18,0,,not found
libAVProMovieCaptureNative.so,18,8,,not found
libjdns_sd.so,18,7,,not found
libjdns_sd_embedded.so,18,8,,not found
libsox.so,18,6,,not found
libWasabiJni.so,18,8,,not found
libnovelencrypt.so,18,3,,not found
libpdnativeopensl.so,18,1,,not found
libpdnative.so,18,1,,not found
libchoice.so,18,1,,not found
libpd.so,18,1,,not found
libnpth_tools.so,18,13,,not found
libffmpeg_jni.so,18,7,https://github.com/FFmpeg/FFmpeg,not sure
libtav.so,18,11,,not found
libad.so,18,1,,not found
libCKResourceJni.so,18,6,,not found
libalgorithm.so,18,7,,not found
libmnnpybridge.so,18,9,,not found
libVPM.so,18,7,,not found
libIjkffmpeg_haima.so,18,4,https://github.com/FFmpeg/FFmpeg,not sure
libIjkplayer_haima.so,18,4,,not found
libIjksdl_haima.so,18,3,,not found
libJniSignHelper.so,18,1,,not found
libpexheif.so,18,7,,not found
liblynxbase.so,18,5,,not found
liblynx_markdown.so,18,7,,not found
libsgavmpso-5.4.40.so,18,1,,not found
libsmcaptcha.so,18,5,,not found
libtask_audio_jni.so,18,7,,not found
libPluginOpus.so,18,6,https://github.com/xiph/opus,not sure
librlottie-image-loader.so,18,3,,not found
libjlz4.so,18,3,,not found
libjlottie.so,18,3,,not found
librlottie.so,18,3,,not found
libbd_unifylicense_vis_ocr.so,18,4,,not found
libsecurity-lib.so,18,8,,not found
libusb_transport.so,18,5,,not found
libreliant.so,18,4,,not found
libdepth_net_transport.so,18,4,,not found
libpanorama_vr.so,18,8,,not found
libjsctooling.so,18,5,,not found
libctripenc.so,18,5,,not found
libopensdkcrypto.so,18,4,,not found
libantgraphic.so,18,10,,not found
libliteappwxworkhelper.so,18,3,,not found
libwxajs.so,18,3,,not found
libSenHe_BodyFat.so,18,5,,not found
libmmr_sdk_platform_cpp.so,18,12,,not found
liblive-beauty.so,18,4,,not found
libhexin.so,18,6,,not found
libmsxf-face-recognition.so,18,7,,not found
libDexHelper_sdk.so,18,4,,not found
libfft_eid_read_card_V2_0.so,18,6,,not found
libtmjni.so,18,5,,not found
liblogbeat.so,18,5,,not found
libStdCI990Comm.so,18,4,,not found
libyqtdssapp.so,18,4,,not found
libVenusUn7z.so,18,4,,not found
libsuper_native_extensions.so,18,11,,not found
libcishusafe.so,18,2,,not found
libundistort.so,18,5,,not found
libmvarextension.so,18,11,,not found
libmtee.so,18,10,,not found
libMTFilterKernel.so,18,5,,not found
libphoto_engine.so,18,3,,not found
librest_module.so,18,3,,not found
libxcast_ext.so,18,3,,not found
libshella-4.6.2.1.so,18,1,,not found
liblg-cam-jni.so,18,1,,not found
lib108168wxa.so,18,2,,not found
libww-apm.so,18,3,,not found
libVideoEnhance.so,18,4,,not found
libwxpbxlog.so,18,2,,not found
libvoipService.so,18,3,,not found
libweworkvoicesilk.so,18,1,,not found
libtcd_sender.so,18,2,,not found
libvoipGLRender.so,18,1,,not found
libwxpbnetwork.so,18,2,,not found
libwechatnormsg_stl.so,18,2,,not found
libAudioDumper.so,18,3,,not found
librooms_meeting_module.so,18,4,,not found
libhello-libs.so,18,5,,not found
libbmp_rle.so,18,1,,not found
libmlinteractiveliveness.so,18,2,,not found
libsec-weather-2345.so,18,2,,not found
libBaiduMapSDK_map_for_bikenavi_v7_2_0.so,18,4,,not found
libagora_fpa_sdk.so,18,3,https://github.com/AgoraIO/API-Examples,not sure
libagora_fpa_service.so,18,3,https://github.com/AgoraIO/API-Examples,not sure
libjcore240.so,18,1,https://github.com/jpush/android-push-example,not sure
libpns-2.13.13-LogOnlineStandardCuumRelease_alijtca_plus.so,18,2,,not found
libpns-2.13.14-LogOnlineStandardCuumRelease_alijtca_plus.so,18,2,,not found
libass.so,17,5,,not found
libtnet-2.1.20.1-agoo.so,17,3,,not found
libJniUtil.so,17,5,,not found
libebgaiplatformmp3lame.so,17,2,,not found
libebg_ai_platform_speex_new.so,17,2,,not found
libevent2.so,17,2,https://github.com/libevent/libevent,not sure
libintl.so,17,7,,not found
libTuyaSmartLink.so,17,7,,not found
libgmsslproxy.so,17,3,,not found
libVLCardScan.so,17,9,,not found
libjdopus.so,17,5,https://github.com/xiph/opus,not sure
libpfmcroute.so,17,3,,not found
libAesArithmetic_V1_1.so,17,5,,not found
libswan-native-lib.so,17,4,,not found
libAndroidPlate.so,17,6,,not found
libbspatch-lib.so,17,7,,not found
libpaddle_light_api_shared_visocr.so,17,5,,not found
libtobEncrypt.so,17,4,,not found
libmars-face-kit.so,17,3,,not found
libarchive-jni.so,17,3,,not found
libjsr.so,17,9,,not found
libjsr_v8.so,17,10,,not found
libswresample-2.so,17,5,,not found
libavcodec-57.so,17,5,,not found
libavutil-55.so,17,5,,not found
libavformat-57.so,17,5,,not found
libffmpeg-cmd.so,17,11,https://github.com/FFmpeg/FFmpeg,not sure
libtma_blowing_sound_detection.so,17,3,,not found
libuuid.so,17,6,,not found
libffcommand.so,17,8,,not found
libdaemon_api20.so,17,4,,not found
libfcanvas_v8_jsi.so,17,12,,not found
libPayRequestCrypt.so,17,3,,not found
libmtcodeReaderjni.so,17,3,,not found
libmatrix_mem_util.so,17,6,,not found
libnative_log.so,17,2,,not found
libclientsdk.so,17,6,,not found
libmediasoupclient_so.so,17,8,,not found
liblkjingle_peerconnection_so.so,17,5,,not found
libantkv.so,17,8,,not found
libloggingdevice.so,17,13,,not found
libxt4.0.0_x86.so,17,0,,not found
libxt4.0.0_x64.so,17,0,,not found
libxt4.0.0_a.so,17,0,,not found
libxt4.0.0_a64.so,17,0,,not found
libcrash.so,17,2,,not found
libTUTKGlobalAPIsT.so,17,6,,not found
libTUTKGlobalAPIs.so,17,7,,not found
libikbspatch.so,17,8,,not found
libskyline.so,17,4,,not found
libsafex.so,17,3,,not found
libWhitBoxSecurity.so,17,2,,not found
libmediautil_v6.so,17,0,,not found
libInfosecSM.so,17,3,,not found
libantgraphic_binding_jsi.so,17,9,,not found
libvcom_mediasdk.so,17,9,,not found
libNXYBank_FT.so,17,1,,not found
libjslite.so,17,4,,not found
libc_utils_lib.so,17,9,,not found
libMegFacePPMulti-jni-1.0.so,17,5,,not found
libtensorflowlite_gpu_delegate.so,17,9,,not found
libzyblame.so,17,3,,not found
libdpsdk.so,17,5,,not found
libpartition_alloc.cr.so,17,3,,not found
libabsl.cr.so,17,3,,not found
libc++_chrome.cr.so,17,3,,not found
libAudioUtil.so,17,1,,not found
libGLWrapper.so,17,1,,not found
libxwebpluginxfilespdfreader.so,17,1,,not found
libxwebpluginxfilesofficereader.so,17,5,,not found
libxwebpluginxfilestxtreader.so,17,1,,not found
libWWKDevice.so,17,4,,not found
liblocal_proxy.so,17,5,,not found
libYT3DAvatar.so,17,2,,not found
libzoom_util.so,17,9,,not found
libzlt.so,17,9,,not found
libcrypto_sb.so,17,8,,not found
libssl_sb.so,17,8,,not found
libcmmlib.so,17,9,,not found
libzoom_tp.so,17,9,,not found
libviper.so,17,9,,not found
libssb_sdk.so,17,9,,not found
libcptshare.so,17,9,,not found
libnydus.so,17,9,,not found
libzVideoApp.so,17,9,,not found
libmcm.so,17,9,,not found
libzWebService.so,17,9,,not found
libzData.so,17,9,,not found
libvstc2_jni.so,17,3,,not found
libyhModule.so,17,1,,not found
libBaiduMapSDK_base_v4_5_0.so,17,3,,not found
libBaiduMapSDK_base_v7_0_0.so,17,3,,not found
libBaiduMapSDK_map_for_bikenavi_v7_5_0.so,17,3,,not found
libBaiduMapSDK_map_for_navi_v7_6_6.so,17,2,,not found
libMegFacePPMulti.so,17,5,https://github.com/FacePlusPlus/MegviiFacepp-Android-SDK,not sure
libZegoExpressVideoCopyrightedMusicPlugin.so,17,10,https://github.com/zegoim/zego-express-example-faceunity,not sure
libauth_number_product-2.12.0.1-log-online-standard-release_alijtca_plus.so,17,3,,not found
libbdpush_V2_7.so,17,4,https://github.com/Baidu-AIP/speech-demo,not sure
libmegface_full.so,17,5,https://github.com/FacePlusPlus/MegviiFacepp-Android-SDK,not sure
libpns-2.12.17.2-LogOnlineStandardCuxwRelease_alijtca_plus.so,17,2,,not found
libstidocr_frame.so,17,4,https://github.com/SoftSugar-Inc/effects-android,not sure
libtbb.so,16,7,,not found
libAudioDecoder.so,16,5,,not found
libmxlogger.so,16,3,,not found
lib2D72A071.so,16,3,,not found
libSdt.so,16,6,,not found
libxml2.so,16,8,https://gitlab.gnome.org/GNOME/libxml2,not sure
libsqlite3x.so,16,7,,not found
libsafeEnv.so,16,4,,not found
libjnimain.so,16,7,,not found
libumeng_error_catch.so,16,4,,not found
libalisecuritysdk.so,16,4,,not found
libwtbt144.so,16,1,,not found
libjdvad.so,16,5,,not found
libworklittle.so,16,2,,not found
libnpspatch.so,16,3,,not found
libwebpdemux.so,16,9,https://chromium.googlesource.com/webm/libwebp/,not sure
libwebpmux.so,16,9,https://chromium.googlesource.com/webm/libwebp/,not sure
libwrtc_so.so,16,6,,not found
libaliresample.so,16,4,,not found
libxunwind.so,16,6,,not found
libFireEye-rqd.so,16,9,,not found
libmv3_swvideoreader.so,16,9,,not found
libmv3_glrenderer.so,16,9,,not found
libmv3_sourceparser.so,16,9,,not found
libmv3_androidreader.so,16,9,,not found
libmv3_playerbase.so,16,9,,not found
libmv3_mpplat.so,16,8,,not found
libnetworkbase.so,16,3,,not found
libumeng_opustool.so,16,2,https://github.com/xiph/opus,not sure
gmesgm8.so,16,0,,not found
libmindspore-lite.so,16,2,https://github.com/mindspore-ai/mindspore,not sure
libffi.so,16,7,,not found
libinstpatch-1.0.so,16,6,,not found
libbdptask.so,16,3,,not found
libksse.so,16,12,,not found
libgodzilla.so,16,11,,not found
libexception-handler.so,16,12,,not found
libkwsgmain.so,16,9,,not found
libplt-unwind.so,16,12,,not found
libinvoke-super.so,16,2,,not found
libasp.so,16,4,,not found
libanativehelper.so,16,3,,not found
libcommon.so,16,8,,not found
libAemonPlayer.so,16,13,,not found
libwtecdh.so,16,4,,not found
libkryptoneffect.so,16,4,,not found
libnative_classloader.so,16,3,,not found
libaac-encoder.so,16,4,,not found
libdaemon_api21.so,16,3,,not found
libanrcanarycompat.so,16,9,,not found
libmscjni.so,16,9,,not found
libmscexecutor.so,16,8,,not found
libheif-jni.so,16,4,,not found
libSdkHelper_ccbEsafe-x86.so,16,0,,not found
libmiio.so,16,7,,not found
libjdcanvas.so,16,6,,not found
libandroid-tests-support-code.so,16,4,,not found
libserphone.so,16,7,,not found
libtaopai-jni.so,16,11,,not found
libosfix.so,16,6,,not found
libwcdb2.so,16,5,,not found
libcwAuthSdk.so,16,4,,not found
libnmmvm.so,16,13,,not found
libZIM.so,16,7,,not found
librlottie2gif.so,16,2,,not found
libfock.so,16,4,,not found
libdsl.so,16,6,,not found
libdslalien.so,16,6,,not found
libDPRTSPSDK.so,16,6,,not found
libeapilrender.so,16,8,,not found
libalicomphonenumberauthsdk-log-online-standard-release_alijtca_plus.so,16,5,,not found
libImgoMediaPlayer_5.5.3.so,16,1,,not found
libtutk_ffmpeg.so,16,4,https://github.com/FFmpeg/FFmpeg,not sure
libtutk_media.so,16,7,,not found
libJDLinklib.so,16,5,,not found
libbsdjni.so,16,3,,not found
libcrncore_modules.so,16,8,,not found
libctz.so,16,9,,not found
libSCAP.so,16,9,,not found
libfs-native.so,16,4,,not found
libmmr_media.so,16,11,,not found
libJYVIVO.so,16,4,,not found
libnsslao.so,16,5,,not found
libxlACO.so,16,4,,not found
libdsslao.so,16,5,,not found
libidcardquality_v1.0.4.1.so,16,10,,not found
libgcanvas_runtime_jsi.so,16,6,,not found
liburlcheck.so,16,2,,not found
libxavutil.so,16,8,,not found
libnllvm1755524409775.so,16,2,,not found
libcfcaSign.so,16,5,,not found
libdxm_wsp_v1_1.so,16,3,,not found
libhx-assets-calculate.so,16,5,,not found
libepub.so,16,9,,not found
libirondash_engine_context_native.so,16,7,,not found
libcon-lib.so,16,2,,not found
libbdlivelib.so,16,2,,not found
libwtf.so,16,4,,not found
libsandhook.so,16,3,,not found
libNodeMediaClient.so,16,7,,not found
libmtmcollector.so,16,5,,not found
libjpeg-mini.so,16,2,,not found
libaidetectionplugin.so,16,10,,not found
libidata.so,16,2,,not found
libiflyads_oaid.so,16,2,,not found
libNetworkAPI.so,16,6,,not found
libreader.so,16,3,,not found
libGFSecurityCore.so,16,2,,not found
libump3lame.so,16,5,,not found
libhellojni.so,16,2,,not found
libilink_live_lite.so,16,1,,not found
libweworklocal_framework.so,16,7,,not found
libviper_neon.so,16,9,,not found
libmcm_neon.so,16,9,,not found
libSeetaFaceDetector600.so,16,5,,not found
libSeetaAuthorize.so,16,5,,not found
libOneAuth.so,16,6,,not found
libsleep.so,16,2,,not found
libweather-2345.so,16,1,,not found
libhermes-compile.so,16,9,https://github.com/facebook/hermes/blob/HEAD/API/hermes/hermes.cpp,not sure
libBaiduMapSDK_base_v6_1_0.so,16,3,,not found
libBaiduMapSDK_map_for_navi_v7_4_2.so,16,3,,not found
libBaiduMapSDK_map_v6_1_0.so,16,3,,not found
libBaiduTraceSDK_v3_1_11.so,16,2,,not found
libDXCaptcha-1.7.0.so,16,1,,not found
libjcore117.so,16,4,https://github.com/jpush/android-push-example,not sure
libjcore331.so,16,2,https://github.com/jpush/android-push-example,not sure
libpns-2.12.11.2-LogOnlineStandardRelease_alijtca_plus.so,16,2,,not found
libsgmainso-5.5.28.so,16,1,https://github.com/sgInnora/alipay-securityguard-analysis,not sure
libwxactive.so,15,2,,not found
libhaidiidb.so,15,2,,not found
libhdapplib.so,15,12,,not found
libhdlib.so,15,12,,not found
libaiplatform-standard-opus.so,15,2,https://github.com/xiph/opus,not sure
libAiplatformOpusJNI.so,15,3,https://github.com/xiph/opus,not sure
libdfmlp.so,15,5,,not found
librdk.so,15,7,,not found
libDiffDecoder.so,15,1,,not found
libapk0000.so,15,9,,not found
libemvjni.so,15,5,,not found
libprivate-p-master.so,15,4,,not found
libSdkHelper_live.so,15,5,,not found
libYTAGReflectLiveCheck.so,15,7,,not found
libtmachine.so,15,4,,not found
libuploadnetwork.so,15,3,,not found
libai.so,15,7,,not found
libklink.so,15,13,,not found
libklsf.so,15,6,,not found
libkoom-jemalloc.so,15,10,,not found
libktrace.so,15,8,,not found
libplt-hack.so,15,12,,not found
libksaudioprocesslib.so,15,10,,not found
libnpth_wrapper.so,15,4,,not found
libbase64encoder_v2_0.so,15,3,,not found
libap_sec_store.so,15,3,,not found
libst_gif.so,15,2,,not found
libjl_gif.so,15,2,,not found
libwasai_platform.so,15,7,,not found
libmmr-common.so,15,8,,not found
libwakeup.so,15,9,,not found
libmnncv.so,15,8,,not found
libsheo.so,15,6,,not found
libanimax_napi.so,15,3,,not found
libxlxbridge.so,15,1,,not found
libffmpeg-neon.so,15,7,https://github.com/FFmpeg/FFmpeg,not sure
libkeystore.so,15,3,,not found
libcronet.76.0.3809.111.so,15,2,,not found
libxylog.so,15,7,,not found
libmi_crash_test.so,15,4,,not found
libmicrash.so,15,4,,not found
libmicrash_dumper.so,15,4,,not found
libcrypto_1_1.so,15,8,,not found
liblivestreaming.so,15,3,,not found
liblocalserver.so,15,9,,not found
libbd_fsg_rim_v1_3.so,15,4,,not found
libwebrtc-audio-processing-2.so,15,3,https://webrtc.googlesource.com/src/,not sure
libtkdna.so,15,2,,not found
libtraceroute_lb.so,15,8,,not found
libwxprotocol-lib.so,15,4,,not found
libvvo.j.so,15,3,,not found
libvscanner.so,15,3,,not found
libvao.0.so,15,3,,not found
libvvo.9.so,15,3,,not found
libvvo.0.so,15,3,,not found
libvplayer.so,15,3,,not found
libcronet.95.0.4638.50.so,15,4,,not found
libBDPrecreate_V1_1.so,15,4,,not found
libDrivingPermit.so,15,7,,not found
libtensorflowlite_flex_jni.so,15,9,,not found
libInfosecSMC.so,15,3,,not found
libnllvm1640331269.so,15,1,,not found
libLoginComponent.so,15,7,,not found
libYuvOsd.so,15,3,,not found
libhuffmanCompression-lib.so,15,4,,not found
libantcanvas.so,15,7,,not found
libiwasm.so,15,4,,not found
libfft_eid_read_card_V3_0.so,15,6,,not found
libxdkj_gm.so,15,6,,not found
libyuvx.so,15,10,,not found
libcibsm.so,15,3,,not found
libkcpclient.so,15,9,,not found
libHKESip.so,15,4,,not found
libRSAPartition.so,15,3,,not found
libSM2Partition.so,15,4,,not found
libbd_yuv.so,15,3,,not found
libbd_wsp_v1_1.so,15,3,,not found
libcodec.so,15,4,,not found
libsubtitle.so,15,7,,not found
libflow_ctrl.so,15,4,,not found
libAVEngineCore.so,15,7,,not found
libAudioEngineCore.so,15,7,,not found
libTangClient.so,15,7,,not found
libARSPM.so,15,4,,not found
libVAVComposition.so,15,8,,not found
libmonodroid.so,15,7,,not found
libpngquantandroid.so,15,7,,not found
libamrconvert.so,15,1,,not found
libnextstar_jni.so,15,4,,not found
libpdfsdk.so,15,6,,not found
libreact_codegen_rncameraroll.so,15,6,https://github.com/react-native-cameraroll/react-native-cameraroll,true
libJniRsaBase64Lib.so,15,3,,not found
libtolua.so,15,7,,not found
libIHPCipher.so,15,3,,not found
libAREngineInterop.so,15,5,,not found
liblmshell.so,15,1,,not found
libplay.so,15,8,,not found
libQmrzLockSdk.so,15,5,,not found
libperiod_meeting_module.so,15,1,,not found
libpere.so,15,1,,not found
libzoom.so,15,8,,not found
libzVideoUI.so,15,8,,not found
libzLoader.so,15,8,,not found
libannotate.so,15,8,,not found
libzoom_pdfium.so,15,8,,not found
libzChatUI.so,15,8,,not found
libSeetaFaceLandmarker600.so,15,5,,not found
libsnore.so,15,1,,not found
libiTokenOTP.so,15,1,,not found
libGmDeviceId.so,15,1,,not found
libcsiitext.so,15,1,,not found
libLameMp3.so,15,5,https://github.com/naman14/TAndroidLame/blob/59616bf8f046623df23f58ecba4301e30a4baa4c/androidlame/src/main/jni/libmp3lame/lame.c,not sure
libpng16.so,15,10,https://github.com/pnggroup/libpng/blob/18ea3e9404a09f42d92f952a4c0d1dd3d688182a/pngread.c,True
libAMapSDK_MAP_v6_8_0.so,15,2,https://github.com/amapapi/Android_3D_Demo,not sure
libAMapSDK_MAP_v6_9_4.so,15,2,https://github.com/amapapi/Android_3D_Demo,not sure
libBaiduMapSDK_map_v4_5_0.so,15,3,,not found
libBaiduMapSDK_search_v4_0_0.so,15,3,,not found
libBaiduTraceSDK_v3_2_2.so,15,2,,not found
libDXRisk-5.7.7.so,15,2,,not found
libDXRiskComm-5.7.7.so,15,2,,not found
libagora-karaoke-ai.so,15,7,https://github.com/AgoraIO/API-Examples,not sure
libagora_audio_processing.so,15,6,https://github.com/AgoraIO/API-Examples,not sure
libjcore302.so,15,3,https://github.com/jpush/android-push-example,not sure
libpldroid_decoder.so,15,3,https://github.com/pili-engineering/PLDroidShortVideo,not sure
libpns-1.2.12-OnlineRelease_alijtca_plus.so,15,2,,not found
libpns-9.6.2.1-LogOnlineV9CuumRelease_alijtca_plus.so,15,2,,not found
libsgmainso-6.6.230703.so,15,1,https://github.com/sgInnora/alipay-securityguard-analysis,not sure
libsgmiscso-6.5.9.so,15,1,https://github.com/sgInnora/alipay-securityguard-analysis,not sure
libsgsecuritybodyso-6.6.230703.so,15,1,https://github.com/sgInnora/alipay-securityguard-analysis,not sure
libgsframework.so,14,2,,not found
libnativegdx.so,14,8,,not found
libkaldi-native-fbank-core.so,14,8,,not found
libsherpa-onnx-c-api.so,14,7,,not found
libglble.so,14,4,,not found
libComUtil.so,14,9,,not found
libEglCore.so,14,6,,not found
libflp-vdr-trans-v2p.so,14,4,,not found
libingeek-carkey.so,14,7,,not found
libhapsdk_so.so,14,9,,not found
libwebpdecoder.so,14,8,https://chromium.googlesource.com/webm/libwebp/,not sure
libyolov5.so,14,7,,not found
libYTPoseDetect.so,14,5,,not found
libeptand_jni.so,14,4,,not found
libserialport.so,14,4,,not found
libedge-infer.so,14,6,,not found
libACRCloudUniversalEngine.so,14,7,,not found
libfireeye-memory.so,14,8,,not found
libNLEEditorJni.so,14,10,,not found
libpatrons.so,14,1,,not found
libpcre.so,14,4,,not found
libquiche.so,14,4,,not found
libdigest.so,14,9,,not found
libmgffmpeg.so,14,8,https://github.com/FFmpeg/FFmpeg,not sure
libflutter_soloud_plugin.so,14,10,,not found
libSXVideoSDK.so,14,4,,not found
libcrsqlite.so,14,1,,not found
libabymg.so,14,10,,not found
libswan-arch.so,14,9,,not found
libOcrLite.so,14,7,,not found
libaudio_fingerprint_sdk.so,14,3,,not found
libbdbadger.so,14,6,,not found
libcoversong_sdk.so,14,3,,not found
libenv-check.so,14,7,,not found
libbugsnag-ndk.so,14,6,,not found
libvoicechange.so,14,6,,not found
libvegamearm64-v8a.so,14,1,,not found
libmatrix_hprof_analyzer.so,14,3,,not found
libtaopai_data_core.so,14,6,,not found
libbyte_coffee.so,14,3,,not found
libsonicjson.so,14,2,,not found
libflock-lib.so,14,3,,not found
libAndroidPitayaProxy.so,14,6,,not found
libbitmapmonitor.so,14,6,,not found
libf2.so,14,9,,not found
libkpvd-android.so,14,8,,not found
libxybspatch.so,14,8,,not found
libandroid-phone-wallet-antui.so,14,8,,not found
libandroid-phone-mobilesdk-framework.so,14,9,,not found
libBankCardRecogeOCR.so,14,3,,not found
libSDKLog.so,14,5,,not found
libYUVTools.so,14,7,,not found
libalinetworkdiagnosis.so,14,7,,not found
libsavminfph.so,14,1,,not found
libprotect-sdk.so,14,3,,not found
libipcamera.so,14,4,,not found
libmemory-base.so,14,3,,not found
libmobsec.so,14,7,,not found
libhcrash_dumper.so,14,5,,not found
libhcrash.so,14,5,,not found
libmsponge.so,14,3,,not found
libfork-dump.so,14,4,,not found
libMonkeyKing.so,14,4,,not found
libyljzface.so,14,2,,not found
libyogacore.so,14,8,,not found
libwebpJNI.so,14,1,https://chromium.googlesource.com/webm/libwebp/,not sure
libkyb.so,14,4,,not found
librnmmkv.so,14,8,,not found
libapm_crash.so,14,5,,not found
libmlog.so,14,6,,not found
libttvideouploader.so,14,10,,not found
libWebViewCore_3.22.2.71.231122121339_7z_uc.so,14,1,,not found
libmaps-mobile.so,14,4,,not found
libcardocr.so,14,5,,not found
libicrecog.so,14,7,,not found
libathena.so,14,6,,not found
libai-gmssl.so,14,2,,not found
libturingpro.so,14,4,,not found
libandroid-phone-securitycommon-aliupgrade.so,14,9,,not found
libtendyron_akey_io.so,14,8,,not found
libzwmonitor.so,14,2,,not found
libnllvm1673407073628.so,14,8,,not found
libweituo_sdk.so,14,5,,not found
libhevo_parser.so,14,4,,not found
libfinclipcore.so,14,3,,not found
libIdCardRecogeOCR.so,14,6,,not found
libnllvm1623827671.so,14,3,,not found
libmightyKit.so,14,2,,not found
libxcrash_dumper_e.so,14,2,,not found
libmttmo.so,14,1,,not found
libimage.so,14,6,,not found
libmonosgen-2.0.so,14,6,,not found
libface.so,14,6,,not found
libarffmpeg.so,14,9,https://github.com/FFmpeg/FFmpeg,not sure
libmyapplication.so,14,6,,not found
liblicense.so,14,7,,not found
libzybaisdk.so,14,4,,not found
libzybaisdkjni-lib.so,14,4,,not found
libtxrtmpsdk.so,14,4,,not found
libEllaBookViewer.so,14,5,,not found
libYSDK.so,14,2,,not found
libydkqmp.so,14,2,,not found
libhadeslib.so,14,2,,not found
libydkbeaconid.so,14,2,,not found
libasavatar.so,14,8,,not found
libasmtccommon.so,14,8,,not found
libglues.so,14,4,,not found
libutils.so,14,8,,not found
librealmc.so,14,5,,not found
libsound_touch.so,14,2,,not found
libmaesdk.so,14,4,,not found
libwolfssljni.so,14,4,,not found
libweworksec.so,14,1,,not found
libSeetaFaceDetector600_java.so,14,5,,not found
libVSFisheye.so,14,3,,not found
libmi_decoder.so,14,3,,not found
libimebra_lib.so,14,1,,not found
libKCTCommand.so,14,3,,not found
libhichain_sdk_jni.so,14,7,,not found
libcrypto_shared.so,14,7,,not found
libDspConfig.so,14,3,,not found
libTCPSContactlessCard.so,14,1,,not found
libServerInterface.so,14,6,,not found
libIVIEWSP2P.so,14,3,,not found
libIVIEWSAVAPIs.so,14,6,,not found
libDeepGuard.so,14,4,,not found
libdataSignLib.so,14,2,,not found
libAMapSDK_NAVI_v7_8_0.so,14,3,https://github.com/amapapi/Android_3D_Demo,not sure
libAMapSDK_NAVI_v9_5_0.so,14,4,https://github.com/amapapi/Android_3D_Demo,not sure
libBaiduMapSDK_base_v4_3_1.so,14,2,,not found
libBaiduMapSDK_map_for_navi_v7_6_2.so,14,4,,not found
libBugly-opengame.so,14,2,https://github.com/BuglyDevTeam/Bugly-Android-Demo,not sure
libjcore224.so,14,4,https://github.com/jpush/android-push-example,not sure
libjcore423.so,14,4,https://github.com/jpush/android-push-example,not sure
libMultipleImagePicker.so,13,4,,not found
libencrypt2.so,13,6,,not found
libkcrash_dumper.so,13,2,,not found
libkcrash.so,13,2,,not found
libAREngineCpp.so,13,5,,not found
librecording_env_detection.so,13,5,,not found
libdqr.so,13,2,,not found
libbridge.so,13,8,,not found
liblesl.so,13,2,,not found
libhardinfo.so,13,2,,not found
libisstts.so,13,2,,not found
libissauth.so,13,2,,not found
libcloudsignature-lib.so,13,2,,not found
lib7z.so,13,3,,not found
libSdkHelper_core.so,13,5,,not found
libicuuc_jsc.so,13,2,https://github.com/unicode-org/icu,not sure
libicudata_jsc.so,13,2,https://github.com/unicode-org/icu,not sure
libdkf.so,13,6,,not found
libcrypto_sdk.so,13,5,,not found
lib34ce4774-bf92-488b-915bec79ac6b626c.so,13,4,,not found
libdkf_java.so,13,6,,not found
libMtaNativeCrash.so,13,2,,not found
libYTFaceTracker.so,13,3,,not found
libwltdecode.so,13,3,,not found
libquickjs-android-wrapper.so,13,7,,not found
libtmesec.so,13,8,,not found
libmv3_jni_4.0.so,13,6,,not found
libNLEMediaJni.so,13,9,,not found
libMZSignature.so,13,4,,not found
libscafflib.so,13,13,,not found
libface_detect_rename.so,13,1,,not found
libpcreposix.so,13,4,,not found
libLibyuvUtils.so,13,6,https://chromium.googlesource.com/libyuv/libyuv/,not sure
libmgmetadataretriever.so,13,7,,not found
libmgsoundtouch.so,13,7,https://codeberg.org/soundtouch/soundtouch,not sure
libmgmediaplayer.so,13,7,,not found
libmgsdl.so,13,7,,not found
libSecurity-lib.so,13,4,,not found
libfs-native-lib.so,13,4,,not found
libffmpegcmd.so,13,7,https://github.com/FFmpeg/FFmpeg,not sure
libjsr_qjs.so,13,9,,not found
libHolmes-039ebef-1.4.9.3.so,13,2,,not found
libprotect.so,13,6,,not found
libmctocurl.so,13,8,,not found
libqtpclient.so,13,10,,not found
libcupid.so,13,10,,not found
libp2p.so,13,5,,not found
libkwaiheif.so,13,10,,not found
libxp2p.so,13,9,,not found
libckguard.so,13,6,,not found
libgxquickjs.so,13,3,,not found
libdecode1001654931d0.so,13,2,,not found
libkmalloc.so,13,7,,not found
libsoloader.so,13,2,,not found
libminiupnpc.so,13,3,,not found
libWXCloudCore.so,13,2,,not found
libCXXCommonKit.so,13,3,,not found
libbhx_cxx.so,13,7,,not found
libmsccsslib.so,13,7,,not found
libprinter_serial_port.so,13,3,,not found
libsm_encrypt.so,13,3,,not found
libmrnmodule-jni.so,13,4,,not found
libccc_library_honor_jni.so,13,5,,not found
libh3-java.so,13,4,,not found
libbugsnag-plugin-android-anr.so,13,4,,not found
libbugsnag-root-detection.so,13,4,,not found
libsdk_core.so,13,2,,not found
libfrpc.so,13,2,,not found
libpush_ka.so,13,2,,not found
librelaxui.so,13,3,,not found
libsys-platform.so,13,2,,not found
libavif.so,13,8,https://github.com/AOMediaCodec/libavif,not sure
lib37CF018B.so,13,3,,not found
libgmesdk.so,13,7,,not found
libwbmediadownloader.so,13,7,,not found
libmmcrypto.so,13,4,,not found
libepay-crypto.so,13,2,,not found
libcpp-share-id.so,13,3,,not found
libsec-lib.so,13,2,,not found
libbyteplusrtc.so,13,3,,not found
libAWT_Generator.so,13,4,,not found
libaicare-lib.so,13,6,,not found
libjl_eq.so,13,4,,not found
libRtpOUdpStream.so,13,6,,not found
libwebrtc_ns.so,13,6,https://webrtc.googlesource.com/src/,not sure
libnbsdc2.1.0.so,13,2,,not found
libqhffmpeg.so,13,6,https://github.com/FFmpeg/FFmpeg,not sure
libupdate-jni-1.0.1.2003.so,13,4,,not found
libBLEasyConfig.so,13,4,,not found
libevent-2.1.so,13,5,https://github.com/libevent/libevent,not sure
libcares.so,13,7,,not found
libevent_extra-2.1.so,13,5,https://github.com/libevent/libevent,not sure
libevent_core-2.1.so,13,5,https://github.com/libevent/libevent,not sure
liblsquic.so,13,6,,not found
libcsgfaceEx.so,13,2,,not found
libscmain.so,13,6,,not found
libgpu_delegate_plugin.so,13,3,,not found
libcsgface.ocr.identify.so,13,3,,not found
libRtspStream.so,13,6,,not found
libHlsStream.so,13,6,,not found
libDHHTTPStream.so,13,6,,not found
libantgraphic_skia.so,13,6,,not found
libbigNews.so,13,3,,not found
libvvb2060.so,13,6,,not found
libnetsecsdk-4.1.2.so,13,4,,not found
libnlscppsdk.so,13,3,,not found
libandroid-phone-mobilecommon-dynamicrelease.so,13,7,,not found
libandroid-phone-rome-pushsdk.so,13,8,,not found
libcom-mpaas-control-license.so,13,7,,not found
libcn_tee3_avd_so.so,13,7,,not found
liblhsdjni.so,13,2,,not found
lib-Encrypt.so,13,2,,not found
libWebViewCore_7z_uc.so,13,2,,not found
libjwe.so,13,3,,not found
libTaDriver.so,13,4,,not found
libretro.so,13,2,,not found
libssid_silent_jni.so,13,6,,not found
libvmservice_snapshot.so,13,4,,not found
libempty.so,13,4,,not found
libio-preload.so,13,2,,not found
libovp_body_tracking.so,13,4,,not found
librmonitor_fd_stack.so,13,5,,not found
librmonitor_memory_dump.so,13,5,,not found
librmonitor_core.so,13,5,,not found
librmonitor_natmem.so,13,5,,not found
libtobEmbedPagEncrypt.so,13,5,,not found
libse.so,13,4,,not found
libjni_yuv_encode.so,13,2,,not found
libgenius_graphics.so,13,4,,not found
libmtimageloader.so,13,5,,not found
libHZ_StitchVR_CORE.so,13,7,,not found
libapeg.so,13,4,,not found
libasl.so,13,7,,not found
libHZCamera.so,13,5,,not found
libarypto.so,13,7,,not found
libOne.so,13,9,,not found
libsmart_connection_jni.so,13,2,,not found
libubixwmAliAgainstId.so,13,2,,not found
libicvss.so,13,6,,not found
libWebAec.so,13,4,,not found
librcclt.so,13,3,,not found
libh264-encode.so,13,4,,not found
libTanGeMp4.so,13,3,,not found
libagc.so,13,4,,not found
libTGVideoCore.so,13,7,,not found
libjid.so,13,4,,not found
libundistort_image_utilsJni.so,13,2,,not found
libjniplay.so,13,7,,not found
libsqliteSec.so,13,1,,not found
libzmNotiEcies.so,13,7,,not found
libtup_cfg.so,13,10,,not found
libModuleAPIJni.so,13,7,,not found
libSeetaFaceLandmarker600_java.so,13,4,,not found
libtoothScore-lib.so,13,3,,not found
libbhBodyComposition120.so,13,1,,not found
libimmo-lib.so,13,1,,not found
liboes.so,13,8,,not found
libBLNetwork.so,13,4,,not found
libAMapSDK_NAVI_v10_0_900.so,13,2,https://github.com/amapapi/Android_3D_Demo,not sure
libAMapSDK_NAVI_v7_6_0.so,13,3,https://github.com/amapapi/Android_3D_Demo,not sure
libBaiduMapSDK_base_v7_1_0.so,13,4,,not found
libBaiduMapSDK_base_v7_5_6.so,13,2,,not found
libBaiduMapSDK_cloud_v4_0_0.so,13,3,,not found
libijiami_release01.so,13,2,,not found
libsgmainso-5.5.49.so,13,1,https://github.com/sgInnora/alipay-securityguard-analysis,not sure
libsgmiddletierso-5.5.50.so,13,1,https://github.com/sgInnora/alipay-securityguard-analysis,not sure
libsgsecuritybodyso-5.5.57.so,13,1,https://github.com/sgInnora/alipay-securityguard-analysis,not sure
libtbs.libMttPerfService.so.so,13,0,https://github.com/TencentBrowsingService/TBS_SDK,not sure
libauth_verity.so,12,2,,not found
libmediaflow4x.so,12,3,,not found
libantplayer-netcache.so,12,3,,not found
libantplayer-2.0-4x.so,12,3,,not found
libantplayerinf-2.0-4x.so,12,3,,not found
libmfplayer4x.so,12,3,,not found
libmfpusher4x.so,12,3,,not found
libiwallca.so,12,5,,not found
libPlayCtrl_L.so,12,5,,not found
libcywall_wrapper.so,12,6,,not found
libissmvw.so,12,2,,not found
libisssr.so,12,2,,not found
libisschipauth.so,12,2,,not found
libissse.so,12,2,,not found
libcom_wuba_aes_ExecV4_0_1.so,12,4,,not found
libturbonet.so,12,9,,not found
libsnowboy-detect-android.so,12,5,,not found
libtuyammkv.so,12,5,,not found
libreact_codegen_rnflashlist.so,12,9,https://github.com/Shopify/flash-list,not sure
libijksoundtouch.so,12,5,https://codeberg.org/soundtouch/soundtouch,not sure
libtbt.so,12,1,,not found
libhbxfisheye.so,12,7,,not found
libjdcard.so,12,6,,not found
libsweeper.so,12,2,,not found
libAndroidCpuUsage.so,12,3,,not found
libaudio.so,12,7,,not found
libplugin_interface.so,12,4,,not found
libsoundchat.so,12,4,,not found
libremote_desktop.so,12,4,,not found
libbaihe.so,12,8,,not found
libhandle.so,12,8,,not found
libreact_codegen_ReactSlider.so,12,7,https://github.com/callstack/react-native-slider,not sure
libbassmidi.so,12,3,,not found
libcrypto_kg.so,12,7,,not found
libj.so,12,12,,not found
libjengine.so,12,10,,not found
libwlmedia-2.0.0.so,12,2,,not found
libwlmediautil-2.0.0.so,12,2,,not found
libsoundtouch-2.2.so,12,2,https://codeberg.org/soundtouch/soundtouch,not sure
libgodzilla-memsponge.so,12,8,,not found
libqrscan.so,12,7,,not found
libaudiobase.so,12,8,,not found
libhuawei_jni.so,12,7,,not found
libpcdn_acc.so,12,6,,not found
libqnetimagematting.so,12,1,,not found
libcharset.so,12,4,,not found
libqmstatistic.so,12,4,,not found
libWRtcAudio.so,12,4,,not found
libnative-ranfeng-common.so,12,7,,not found
libnative-ranfeng-lib.so,12,7,,not found
libapsaras.so,12,5,,not found
libcriusbase.so,12,5,,not found
libcrius.so,12,5,,not found
libswscale-4.so,12,4,,not found
libobjectbox.so,12,4,,not found
liblame-lib.so,12,8,,not found
libfgsProtected.so,12,3,,not found
libCube.so,12,9,,not found
libmcto_media_player.so,12,9,,not found
libmctoffmpeg.so,12,6,https://github.com/FFmpeg/FFmpeg,not sure
libjl_bluetooth.so,12,6,,not found
libykit.so,12,10,,not found
libSNPE.so,12,8,,not found
libardatabasic.so,12,4,,not found
librobust.so,12,4,,not found
libSharpPDec.so,12,7,,not found
libblur-lib.so,12,3,,not found
libeasyyuv.so,12,6,,not found
libtdvm.so,12,4,,not found
libMuiseCore.so,12,10,,not found
libv8jse.so,12,7,,not found
liblocation_engine.so,12,9,,not found
libZJEncrypt.so,12,8,,not found
libplock-lib.so,12,3,,not found
libmach-pro.so,12,12,,not found
libdecode100380.so,12,8,,not found
libjpush217.so,12,2,,not found
libredsocks.so,12,3,,not found
libSqliteLint-lib.so,12,3,,not found
libcronet.141.0.7340.3.so,12,1,,not found
libclay.so,12,5,,not found
libjarvis-stacktrace.so,12,2,,not found
libbytennllm.so,12,3,,not found
libjarvis-trace.so,12,4,,not found
libwppatch.so,12,2,,not found
libhelios_bm.so,12,2,,not found
libdisktracing.so,12,2,,not found
libjarvis-binder.so,12,2,,not found
libtun2socks.so,12,6,,not found
libencoder.so,12,8,,not found
libreflect_helper.so,12,6,,not found
libyylog.so,12,9,,not found
libanti.so,12,3,,not found
libecdnvod_jni.so,12,5,,not found
libMCPlayer.so,12,6,,not found
libydetssdk.so,12,2,,not found
libmdlog.so,12,2,,not found
libNgModules.so,12,3,,not found
libncipher.so,12,1,,not found
libsafeenv.so,12,1,,not found
libim-utils.so,12,1,,not found
libnativetools.so,12,1,,not found
libmlutil.so,12,1,,not found
libECMedia.so,12,6,,not found
libopustool.so,12,6,https://github.com/xiph/opus,not sure
libbusiness.so,12,6,,not found
libappJni.so,12,2,,not found
libforecast.so,12,5,,not found
libJY_VVSDK.so,12,4,,not found
libJYJpgUtil.so,12,4,,not found
libJY_DT60.so,12,4,,not found
libmbsec.so,12,8,,not found
libnc.so,12,6,,not found
libiswen.so,12,3,,not found
libctrip_websocket.so,12,7,,not found
libnqelib.so,12,4,,not found
libad_mark.so,12,2,,not found
libjni-bndsdk.so,12,3,,not found
libaw_net_client.so,12,3,,not found
libndkCamera.so,12,2,,not found
libsherpa-ncnn-jni.so,12,7,,not found
libttopenssl.so,12,5,,not found
libsmkernel_111f.so,12,3,,not found
libschedule_meeting_module.so,12,9,,not found
libmisc_module.so,12,9,,not found
libquestion_answer_module.so,12,9,,not found
libhci_asr.so,12,8,,not found
libhci_asr_jni.so,12,8,,not found
libhci_asr_cloud_recog.so,12,8,,not found
libpasdk-jni.so,12,6,,not found
libnative-v8bridge.so,12,7,,not found
libnative-cube.so,12,7,,not found
libantTraffic.so,12,7,,not found
libauthcrypto.so,12,3,,not found
libscmsdk.so,12,6,,not found
libzstd-jni-1.5.7-4.so,12,2,https://github.com/luben/zstd-jni,not sure
libcoverage.so,12,2,,not found
libst_finance.so,12,5,,not found
libopusTool.so,12,5,https://github.com/xiph/opus,not sure
libGmCryptoKit-native-lib.so,12,4,,not found
libmetaiv_zrtc.so,12,6,,not found
libamapv304ex.so,12,5,,not found
libamapv304.so,12,5,,not found
libwms_idcard_quality.so,12,2,,not found
libovp_body_action_counter.so,12,3,,not found
libovp_body_action_score.so,12,3,,not found
libviapi.so,12,2,,not found
libsqlite3_jni.so,12,4,https://github.com/sqlite/sqlite,not sure
libInnoSo.so,12,3,,not found
libuniclog.so,12,5,,not found
libexceptionhandle.so,12,4,,not found
libenhance.so,12,6,,not found
libmtlabrecord.so,12,2,,not found
libmobvoidsp.so,12,3,,not found
libarvbmg.so,12,8,,not found
libNativeFormats_V3.so,12,4,,not found
libDeflatingDecompressor_V3.so,12,4,,not found
libLineBreak_V2.so,12,4,,not found
libsCHL.so,12,6,,not found
libkwlRestream.so,12,3,,not found
libindex.so,12,4,,not found
libYQOfflineSDK.so,12,2,,not found
libaudio_tool.so,12,2,,not found
libYQOfflineSpeech.so,12,1,,not found
libBaseNative.so,12,3,,not found
libmp3lameUtil.so,12,1,,not found
libncmcore.so,12,1,,not found
libsmp.so,12,3,,not found
libtrans.so,12,3,,not found
libmp3lame_3.99.5.so,12,1,,not found
libengine_jni.so,12,9,,not found
libJNI_ImageBlur.so,12,3,,not found
libTenLineJni.so,12,5,,not found
liblight.so,12,2,,not found
libnative-utils.so,12,5,,not found
libaesWrtcEncrypt.so,12,2,,not found
libzChatApp.so,12,6,,not found
libswrender.so,12,6,,not found
libswsignwrapper.so,12,7,,not found
libswofdapi.so,12,7,,not found
libswpdf.so,12,7,,not found
libVeryFitMulti.so,12,4,,not found
libnaviClient.so,12,3,,not found
libvalue.so,12,6,,not found
libsmartlock.so,12,2,,not found
libbasemedia.so,12,6,,not found
libJavaToC.so,12,3,,not found
libIVIEWSLANUDP.so,12,4,,not found
libScriptLoader.so,12,2,,not found
libmmap_cache_file_manager.so,12,3,,not found
libdeathtrap.so,12,1,,not found
libSoftbankSafeCheck.so,12,2,,not found
libPNG.so,12,3,https://github.com/pnggroup/libpng/blob/18ea3e9404a09f42d92f952a4c0d1dd3d688182a/pngread.c,not sure
libAMapSDK_NAVI_v10_0_923.so,12,2,https://github.com/amapapi/Android_3D_Demo,not sure
libBaiduMapSDK_base_v5_4_4.so,12,2,,not found
libBaiduMapSDK_bikenavi_v5_2_1.so,12,2,,not found
libBaiduMapSDK_map_for_bikenavi_v5_2_1.so,12,2,,not found
libBaiduMapSDK_map_for_navi_v7_4_0.so,12,3,,not found
libBaiduMapSDK_map_for_navi_v7_6_0.so,12,2,,not found
libauth_number_product-2.12.3.4-nolog-online-standard-channel_alijtca_plus.so,12,2,,not found
libbaiduprotect_sdk-09719e3ab8a3b39b2b9ff568503d9c289404afc6.so,12,2,,not found
libbaiduprotect_sdk-9512a9421d0531999ced77469bdb49234984db7d.so,12,3,,not found
libbaiduprotect_sdk-bb60a44f4c8ced47cbab4089e2f0b32382d0b642.so,12,4,,not found
libcloudwalk_video.so,12,3,,not found
libjcore278.so,12,2,https://github.com/jpush/android-push-example,not sure
libjcore335.so,12,2,https://github.com/jpush/android-push-example,not sure
libpns-2.13.2.1-NologOnlineDirectCuumRelease_alijtca_plus.so,12,3,,not found
libpns-9.7.13-LogOnlineV9CuumRelease_alijtca_plus.so,12,1,,not found
libsgmiddletierso-6.6.230703.so,12,1,https://github.com/sgInnora/alipay-securityguard-analysis,not sure
libcut_video.so,11,6,,not found
libxslog.so,11,3,,not found
libclientcore.so,11,7,,not found
libhdnclib.so,11,3,,not found
libhdcklib.so,11,4,,not found
libhdhublib.so,11,5,,not found
libdictcnfont.so,11,2,,not found
libdictcndb.so,11,2,,not found
libdictcnaudio.so,11,2,,not found
libsherpa-onnx-cxx-api.so,11,5,,not found
libarkui_android.so,11,8,,not found
libcrypto_openssl.so,11,7,https://github.com/openssl/openssl,not sure
libxeon_bsdiff.so,11,5,,not found
libDecryptAPI.so,11,4,,not found
libscffmpeg.so,11,3,https://github.com/FFmpeg/FFmpeg,not sure
libscmedia-core.so,11,3,,not found
libscmedia-player.so,11,2,,not found
libapmcrash_dumper.so,11,2,,not found
libqapmNet.so,11,3,,not found
libtld.so,11,6,,not found
lib00000000-76f4-4df6-921f85449f498bc1.so,11,2,,not found
libb46325e6-5c90-8252-2eada8e32e5180d6.so,11,2,,not found
lib00000000-3af1-4abf-88488b232914cd7f.so,11,2,,not found
libtvee.so,11,5,,not found
libtveec_jni.so,11,5,,not found
lib0799a943-84a2-dead-0e3f8c88ad72507f.so,11,2,,not found
libtveec.so,11,6,,not found
libtkcore_client.so,11,5,,not found
libGenX.so,11,7,,not found
libRapidOcr.so,11,3,,not found
libkeys.so,11,3,,not found
libcarkey.so,11,6,,not found
libSdkHelper_ccbFl-x86.so,11,0,,not found
libtusdk-library.so,11,6,,not found
libcrypto_1.1.1d.so,11,2,,not found
libssl_1.1.1d.so,11,2,,not found
libocrgve.so,11,4,,not found
libcurl_kg.so,11,6,https://github.com/curl/curl,not sure
libmediabase.so,11,8,,not found
libssl_kg.so,11,6,,not found
libs.so,11,6,,not found
liblynxservice.so,11,4,,not found
libtttext.so,11,5,,not found
libTTHtmlParser.so,11,5,,not found
libxyvodsdk.so,11,10,,not found
libnative-peq.so,11,3,,not found
libnative-anc.so,11,2,,not found
libdnautils.so,11,3,,not found
libflac.so,11,10,,not found
libxkit_base_ffi.so,11,2,,not found
libudrm.so,11,3,,not found
libKey.so,11,6,,not found
libfilewatcher.so,11,10,,not found
libtalos_bridge.so,11,8,,not found
libksuploaderjni.so,11,10,,not found
libkwaiplayer.so,11,7,,not found
liblivenet6.so,11,8,,not found
libcss-layout-manager.so,11,2,,not found
libdesdecrypt.so,11,6,,not found
libcalculator.so,11,6,,not found
libest.so,11,4,,not found
libckeygeneratorV2.so,11,5,,not found
libpixel.so,11,5,,not found
libfilamat-jni.so,11,5,,not found
liblive.so,11,5,,not found
libaudioprocess.so,11,8,,not found
libutils_ext.so,11,1,,not found
libart_method_ext.so,11,1,,not found
libflexlayout.so,11,6,,not found
libdescodejni.so,11,2,,not found
libhandwriting.so,11,5,,not found
libe_c.so,11,2,,not found
libquicpro.so,11,8,,not found
libvegamearmeabi-v7a.so,11,0,,not found
libmp3lame2.so,11,2,,not found
libpixelai.so,11,7,,not found
libsqlite-jni.so,11,4,,not found
libcmtreport.so,11,6,,not found
libsysmonitor.so,11,2,,not found
libcastproxy.so,11,2,,not found
libsniper_record.so,11,1,,not found
libundead_native_ability_q.so,11,1,,not found
libfileprotect.so,11,1,,not found
libkrypton_sar.so,11,4,,not found
libliveplayer2.so,11,4,,not found
libsysoptimizer_early.so,11,3,,not found
libskity-graphics.so,11,3,,not found
libzootopia.so,11,1,,not found
libsnapdragon_services_adk.qti.so,11,1,,not found
libxplay-yuv-utils.so,11,1,,not found
libsnapdragon_services_qape.qti.so,11,1,,not found
libnativebuffer.so,11,1,,not found
libchannel.so,11,1,,not found
libreflect.so,11,1,,not found
libsysoptimizer_qape.so,11,1,,not found
libmethod_discover.so,11,1,,not found
libnetecho.so,11,1,,not found
libjarvis-experience-metric.so,11,1,,not found
libfastmalloc.so,11,1,,not found
libCurve25519Donna.so,11,1,,not found
libsweep_tools.so,11,1,,not found
libturing_live.so,11,2,,not found
libkryptonrtc.so,11,3,,not found
libfwatchdog.so,11,1,,not found
libstoragehandlerlib.so,11,1,,not found
libbytennllm-jni.so,11,3,,not found
libevil-core.so,11,1,,not found
libjstack.so,11,1,,not found
libmemorydegradation.so,11,1,,not found
libsgsgmiddletierso-5.4.15.so,11,1,,not found
libdecode100260.so,11,6,,not found
libmediaplayer.so,11,6,,not found
libproxy.so,11,5,,not found
libnetmobsec-4.4.6.so,11,4,,not found
libyuvutils.so,11,7,,not found
libcoded.so,11,5,,not found
libpow.so,11,2,,not found
liblzma.so,11,3,,not found
libzstd-jni-1.5.7-6.so,11,3,https://github.com/luben/zstd-jni,not sure
libnetdiagnose.so,11,4,,not found
libxhslonglink.so,11,6,,not found
libfalconlooks.so,11,8,,not found
libFalconFaceDynamic.so,11,7,,not found
libmeasure.so,11,6,,not found
libAEFaceAlive_jni.so,11,5,,not found
libssl_1_1.so,11,7,,not found
libd-lib.so,11,4,,not found
libGizWifiDaemon.so,11,5,,not found
libv8.engine.so,11,7,,not found
libikcveffects.so,11,5,,not found
libNeptuneEG.so,11,5,,not found
libcwFaceDetectSdk.so,11,4,,not found
libestimate_interface.so,11,2,,not found
libxplayer.so,11,6,,not found
libdecode100198.so,11,1,,not found
libsud.so,11,4,,not found
libhummer-qjs.so,11,1,,not found
libseed_data.db.so,11,0,,not found
libligoffmpeg.so,11,1,https://github.com/FFmpeg/FFmpeg,not sure
libhdifflib.so,11,2,,not found
libvvediojni.so,11,2,,not found
libsranalysis.so,11,3,,not found
libpcdn.so,11,2,,not found
libspeechsdk.so,11,10,,not found
libnllvm1662622401.so,11,1,,not found
libyuv_android.so,11,6,,not found
libpluginAliDenoise.so,11,2,,not found
libsherpa-ncnn-core.so,11,6,,not found
libyunceng.so,11,2,,not found
libfmodstudio.so,11,7,,not found
libProcessImg.so,11,4,,not found
libcompany_contacts_module.so,11,8,,not found
libmeeting_room_module.so,11,8,,not found
libquick_meeting_module.so,11,8,,not found
libtms_file_delta.so,11,8,,not found
libdocs_module.so,11,8,,not found
libtms_zipper.so,11,8,,not found
libprt_serial_port.so,11,3,,not found
libimagemagick.so,11,2,,not found
libBLEKey.so,11,5,,not found
libfacestate.so,11,2,,not found
libocrcard.so,11,4,,not found
libmediahwcodec_rk30_4.2.so,11,2,,not found
libcsiivp_cv.so,11,6,,not found
libcsii_SM2TelecomModule_v1_0.so,11,2,,not found
libdecode100776.so,11,5,,not found
libwebank_encrypt.so,11,4,,not found
libaceface.so,11,3,,not found
libcom-mpaas-mpaasadapter-commonbiz.so,11,7,,not found
libandroid-phone-wallet-nebula.so,11,7,,not found
libandroid-phone-wallet-scanexport.so,11,7,,not found
libmerged-bundles-res-41.so,11,7,,not found
libwbsm4p.so,11,3,,not found
libscfp.so,11,5,,not found
libPFPassGuard.so,11,5,,not found
libcsalgorithm.so,11,6,,not found
libBodyFatScaleAlg.so,11,6,,not found
libtnn_wrapper.so,11,5,,not found
libvfvideotoolbox.so,11,3,,not found
libVideoToolBox.so,11,3,,not found
libSjCoxSelf.so,11,3,,not found
libTiSDK.so,11,5,,not found
libzeusv8.so,11,7,,not found
libtest.so,11,5,,not found
libmeta_rtc_engine.so,11,5,,not found
libswappy.so,11,4,,not found
libmd5.so,11,4,,not found
libPixelFree.so,11,5,,not found
libVECoreEffect.so,11,4,,not found
libawfacesdk.so,11,1,,not found
libjpeg_awturbo.so,11,1,,not found
libaw_jni_softenbeauty.so,11,1,,not found
libaw_facedetect.so,11,1,,not found
libaw_jni_face_detect.so,11,1,,not found
libaw_soften.so,11,1,,not found
libaw_skinmask.so,11,1,,not found
libaw_body_reshape.so,11,1,,not found
libMNN_GL.so,11,1,,not found
libMNN_OpenCL.so,11,1,,not found
libaw_jni_facebeauty.so,11,1,,not found
libaw_facebeauty.so,11,1,,not found
libapp-native.so,11,7,,not found
libSkiaSharp.so,11,5,,not found
libmtImageKit.so,11,7,,not found
libsmawatchface.so,11,5,,not found
libdav1d.so,11,5,https://code.videolan.org/videolan/dav1d,not sure
libBLIrdaConLib.so,11,6,,not found
libykiot.so,11,5,,not found
libmediastreamer_base.so,11,6,,not found
libmediastreamer_voip.so,11,6,,not found
libsobel_recognition.so,11,2,,not found
libantgraphic_binding.so,11,5,,not found
libjpush220.so,11,3,,not found
libEncryptMsg.so,11,2,,not found
libihumangop.so,11,4,,not found
libpglarmor.so,11,4,,not found
libt2.so,11,3,,not found
libNativeImageProcessor.so,11,6,,not found
libTxtFormatter.so,11,3,,not found
libLiteCoreJNI.so,11,4,,not found
libsvideo_alivcffmpeg.so,11,3,https://github.com/FFmpeg/FFmpeg,not sure
libshella-4.5.1.8.so,11,1,,not found
libMyWebSocket.so,11,1,,not found
libcryptTools.so,11,4,,not found
libstunclient-lib.so,11,4,,not found
libpdfium_wrap.so,11,7,,not found
libzKBCrypto.so,11,7,,not found
libXD.so,11,8,,not found
libmsopenh264.so,11,7,https://github.com/cisco/openh264,not sure
libSdkHelper_ccbgo.so,11,2,,not found
libconfig_ble.so,11,3,,not found
libopencv_highgui.so,11,4,https://github.com/opencv/opencv/blob/73a26a423163d0284a41e997717b00933978b256/modules/highgui/src/window.cpp,True
libopencv_java.so,11,3,https://github.com/opencv/opencv/blob/2.4.13.7/modules/java/generator/src/cpp/Mat.cpp,True
libAMapSDK_MAP_v7_2_1.so,11,2,https://github.com/amapapi/Android_3D_Demo,not sure
libBaiduMapSDK_base_v4_1_1.so,11,2,,not found
libBaiduMapSDK_map_for_bikenavi_v7_6_4.so,11,4,,not found
libBaiduMapSDK_map_v7_1_0.so,11,3,,not found
libhiai_ir_build_aipp.so,11,4,https://github.com/946166920/hiai_ddk/blob/42142161fb414a8d53973b0d5ccbd0de7872d5d9/src/framework/model_builder/ir/aipp/infershape/aipp_infershape_util.cpp,True
libjcore111.so,11,2,https://github.com/jpush/android-push-example,not sure
libpns-2.13.4-NologOnlineNouiCuumRelease_alijtca_plus.so,11,2,,not found
libpns-2.14.4-LogOnlineStandardCuumRelease_alijtca_plus.so,11,3,,not found
libsgmainso-5.4.12811345.so,11,1,https://github.com/sgInnora/alipay-securityguard-analysis,not sure
libsgmainso-6.6.250102.so,11,1,https://github.com/sgInnora/alipay-securityguard-analysis,not sure
libsgsecuritybodyso-5.4.12811345.so,11,1,https://github.com/sgInnora/alipay-securityguard-analysis,not sure
libsgsecuritybodyso-6.6.250102.so,11,1,https://github.com/sgInnora/alipay-securityguard-analysis,not sure
libhci_tts_cloud_synth.so,10,4,,not found
libhci_tts_jni.so,10,4,,not found
libhci_tts.so,10,4,,not found
libtiku.so,10,1,,not found
libtruman_engine.so,10,7,,not found
libavrecoder.so,10,5,,not found
libimageutil.so,10,5,,not found
libijksdl_zg.so,10,2,,not found
libijkffmpeg_zg.so,10,2,https://github.com/FFmpeg/FFmpeg,not sure
liboffcn_whiteboard.so,10,2,,not found
libijkplayer_zg.so,10,3,,not found
libthemis_jni.so,10,3,,not found
libtpnsWatchdog.so,10,1,,not found
libhi.so,10,1,,not found
libplvmediacast.so,10,1,,not found
libShijieRoom.so,10,5,,not found
libmpa_client.so,10,4,,not found
libfacesdk.so,10,2,,not found
libsettingmodel.so,10,1,,not found
libdovplayer.so,10,5,,not found
libwzzbmediaplayer_live.so,10,1,,not found
libdxy-base.so,10,4,,not found
libfastdev_quickjs_runtime.so,10,3,,not found
libplasocrop.so,10,1,,not found
libRTSPClient.so,10,2,,not found
libjni_tool.so,10,6,,not found
libbite_me.so,10,2,,not found
libshared_libz.so,10,3,,not found
libiwallalg.so,10,6,,not found
libinitlinker32.so,10,7,,not found
libhalbox.so,10,1,,not found
libylinker32.so,10,7,,not found
libvmkrnfs.so,10,1,,not found
libinitlinker64.so,10,7,,not found
libvmkrntools.so,10,1,,not found
libvmtools.so,10,1,,not found
libylinker64.so,10,7,,not found
libcruise.so,10,3,,not found
libmedialgo.so,10,5,,not found
libAppSecret.so,10,3,,not found
libMPassAuthenticator.so,10,3,,not found
libetts_domain_data_builder.so,10,1,,not found
libcheckcpu.so,10,5,,not found
libai-entry.so,10,6,,not found
libantifrida.so,10,7,,not found
libsys_misc-x86.so,10,0,,not found
libpaldsec.so,10,3,,not found
libsunmiscan.so,10,5,,not found
libh264.so,10,4,,not found
libportforward.so,10,3,,not found
libfile_transfer.so,10,3,,not found
libfftw3f.so,10,6,,not found
libfundverifyvmp.so,10,3,,not found
libdecode100250.so,10,2,,not found
libdyroid_core.so,10,4,,not found
libfxplayer.so,10,9,,not found
libopencore-amrnb.so,10,4,,not found
libshine.so,10,4,,not found
libtabqmp.so,10,3,,not found
libNLEMediaPublicJni.so,10,7,,not found
libartshadowhook.so,10,4,,not found
libTDataMaster.so,10,7,,not found
libmpm.so,10,4,,not found
libfsp2p.so,10,7,,not found
libndi.so,10,6,,not found
libntkhttp.so,10,6,,not found
libJmp4file.so,10,4,,not found
liboct_client.so,10,5,,not found
libaubio.so,10,3,,not found
libtuner.so,10,9,,not found
libgcopt.so,10,6,,not found
libskwai.so,10,9,,not found
libsp.so,10,1,,not found
libpytorch_jni_lite.so,10,3,,not found
libglnkav.so,10,4,,not found
libmgunion.so,10,4,,not found
libkwai-v8-lite-executor.so,10,8,,not found
libkwai-v8-lite.so,10,6,,not found
libKSTMF.so,10,7,,not found
libmodule_basic.so,10,3,,not found
libmodule_vo.so,10,3,,not found
libcpu-optimize.so,10,3,,not found
libNS.so,10,4,,not found
libAnalyzeData.so,10,3,,not found
libuc_bhook_jni.so,10,5,,not found
libpython3.8.so,10,5,,not found
libmt-engine-jni.so,10,10,,not found
libmap-engine.so,10,10,,not found
libopusogg.so,10,4,https://github.com/xiph/opus,not sure
libsbc.so,10,6,,not found
libmaxent.so,10,3,,not found
libhwp.so,10,4,,not found
libtconscraper.so,10,2,,not found
libreact_codegen_BVLinearGradientSpec.so,10,5,https://github.com/react-native-linear-gradient/react-native-linear-gradient,not sure
libserverkey.so,10,10,,not found
libsslocal.so,10,2,,not found
libmessagesdkwrapper.so,10,6,,not found
libFTSEngine.so,10,2,,not found
libmali_gpu_perf_counter.so,10,1,,not found
libmonitor_ext.so,10,1,,not found
liblynx-imageloader.so,10,4,,not found
libmci.so,10,5,,not found
libtxktvscore.so,10,8,,not found
liblynxdebugrouter.so,10,2,,not found
libcompress.so,10,2,,not found
libfilter.so,10,3,,not found
libmediasdk.so,10,3,,not found
libhubble.so,10,7,,not found
libbach-sdk-jni.so,10,5,,not found
libwb_layout_eng.so,10,4,,not found
libjsbridgev8.so,10,2,,not found
libwbxzlib.so,10,3,,not found
libmjni.so,10,4,,not found
libsharedId.so,10,4,,not found
libmmdns.so,10,8,,not found
libmmssl.so,10,4,,not found
libsmses.so,10,9,,not found
libgamemaster.so,10,5,,not found
libloader32.so,10,6,,not found
libloader64.so,10,6,,not found
libminiencoder.so,10,6,,not found
libExpScanner.so,10,6,,not found
libpythonA.so,10,6,,not found
libBDPythonVM.so,10,8,,not found
libomg.so,10,2,,not found
libhelper.so,10,3,,not found
libnimlib-code.so,10,2,,not found
libqhvc_breakpad.so,10,4,,not found
libopvpnutil.so,10,4,,not found
libassimp.so,10,4,,not found
libaf.so,10,1,,not found
libmobileffmpeg-abidetect.so,10,5,https://github.com/FFmpeg/FFmpeg,not sure
librtc_sdk.so,10,5,,not found
libhll-glog.so,10,2,,not found
libHLLMapCoreView.so,10,5,,not found
libHLLMapRender.so,10,5,,not found
libHLLMapCore.so,10,5,,not found
libHLLMapBase.so,10,5,,not found
libdata.so,10,4,,not found
libctripjsc.so,10,1,,not found
libldgps-invoke.so,10,2,,not found
libxfffmpeg_mediametadataretriever_jni.so,10,1,https://github.com/FFmpeg/FFmpeg,not sure
libtcccswap.so,10,5,,not found
libTCCCSDK.so,10,5,,not found
libdecode100208f8966d.so,10,2,,not found
libSchedulerComponent.so,10,5,,not found
libmffmpeg.so,10,7,https://github.com/FFmpeg/FFmpeg,not sure
libokio.so,10,1,,not found
libhaotiansec.so,10,5,,not found
libacquisition.so,10,1,,not found
libBhBodyCompositionAllBodyTwoLegs50KHz.so,10,2,,not found
libAppGuard.so,10,8,,not found
libpayenc.so,10,3,,not found
libjbigkit.so,10,2,,not found
libmwatermark.so,10,6,,not found
libSgCoreCpt.so,10,2,,not found
libdecrypt.so,10,2,,not found
libfuencryptkeystore.so,10,2,,not found
libst_idcard.so,10,3,,not found
libhs_recorder.so,10,3,,not found
libandroid-phone-mobilecommon-share.so,10,6,,not found
libandroid-phone-sync-syncservice.so,10,6,,not found
libandroid-phone-thirdparty-securityguard.so,10,6,,not found
libsssm4_crypto_tool.so,10,2,,not found
libWaterMark.so,10,0,,not found
libmicbak.so,10,2,,not found
libenvid-sdk.so,10,3,,not found
libnllvm1745746568308.so,10,2,,not found
libAntiDisturb.so,10,2,,not found
libbankcardprocess.1.1.1.so,10,2,,not found
libiProtectGRCB.so,10,1,,not found
libfapm.so,10,7,,not found
libDecryptSMC.so,10,3,,not found
libcherrysec.so,10,6,,not found
libaudio_processing.so,10,3,,not found
libbvc-xcode-tools.so,10,5,,not found
libyuv2.so,10,3,,not found
libNativeExample.so,10,1,,not found
libqculog.so,10,1,,not found
libwebcache-bspatch.so,10,1,,not found
libcpccheat.so,10,1,,not found
libaliCheat.so,10,1,,not found
libtunnel.so,10,6,,not found
libmiracl.so,10,4,,not found
libfa_alivedet.so,10,4,,not found
libfa_liveness_action.so,10,4,,not found
libsignutil.so,10,5,,not found
libKTSDK.so,10,6,,not found
libck.so,10,1,,not found
libroombox_im.so,10,3,,not found
libTangSDK.so,10,4,,not found
libmp3lamexdf.so,10,2,,not found
libAudioUtilityEngine.so,10,2,,not found
libAIModelKit.so,10,2,,not found
libPVGVideoCodec.so,10,3,,not found
libyolox_detector.so,10,1,,not found
libaw_body_detect.so,10,1,,not found
libxamarin-app.so,10,7,,not found
libLQ_BeautySDK.so,10,1,,not found
libBeauty.so,10,1,,not found
libwaes.so,10,5,,not found
libgvr.so,10,3,,not found
libinsbase2.so,10,5,,not found
libnativeplayer.so,10,5,,not found
libapplovin-native-crash-reporter.so,10,4,,not found
libsecLib.so,10,1,,not found
libknockout-img-lib.so,10,5,,not found
libFaceSDK_java.so,10,4,,not found
librnnoise.so,10,5,,not found
libfilemanager.so,10,5,,not found
libppsdk.so,10,5,,not found
libppr.so,10,4,,not found
libremix.so,10,3,,not found
libgpac.so,10,3,,not found
libppsaudio.so,10,5,,not found
libistylepdfengine.so,10,4,,not found
libsenz.so,10,2,,not found
libvmobserver.so,10,2,,not found
libcronet.108.0.5359.79.so,10,2,,not found
libThingOggPackerSDK.so,10,3,,not found
libwhiteBoxJniLib.so,10,5,,not found
libiProtectDCFCS.so,10,3,,not found
libAntiHelp.so,10,5,,not found
libsqlite3.arm64.android.so,10,2,https://github.com/sqlite/sqlite,not sure
libplugin.clipper.so,10,1,,not found
libaaa.so,10,5,,not found
libblelibrary.so,10,3,,not found
lib_jni_dict.so,10,8,,not found
libnp.so,10,8,,not found
libavlengine.so,10,2,,not found
libarts.so,10,2,,not found
libmonobdwgc-2.0.so,10,0,,not found
librgb2yuv.so,10,4,,not found
libinsbase.so,10,6,,not found
libgraphicpath.so,10,6,,not found
libarvopencv4.so,10,3,https://github.com/opencv/opencv,not sure
libturbo-dex.so,10,2,,not found
libmo-im-core.so,10,2,,not found
libreact_codegen_rndocumentpicker.so,10,3,https://github.com/react-native-documents/document-picker,not sure
liblogDecode.so,10,3,,not found
libTHFaceImage.so,10,2,,not found
libmscustomjni.so,10,3,,not found
libwolfcryptjni.so,10,3,,not found
libJY_FaceSDK.so,10,3,,not found
libsslutil.so,10,2,,not found
libarcsoft_image_util.so,10,4,,not found
libZdxlzSkfApi.so,10,4,,not found
libLocationSdk.so,10,3,,not found
libTenniS.so,10,3,,not found
libxylinkAIEngineImpOffVulkan.so,10,5,,not found
libxylinkAIEngineImpOnVulkan.so,10,5,,not found
libecgfilter.so,10,1,,not found
libCPC.so,10,3,,not found
libJanusStressJni.so,10,3,,not found
libTrackProcess.so,10,3,,not found
libDetailSleepJni.so,10,3,,not found
libaudio-dsp-sdk-shared.so,10,3,,not found
libPubKey.so,10,2,,not found
libJnContactlessCard.so,10,2,,not found
libWAJ.so,10,7,,not found
libscm.so,10,1,,not found
libwebrtc_apm.so,10,2,https://webrtc.googlesource.com/src/,not sure
libphoenix.so,10,1,,not found
libSKFAPI.so,10,4,,not found
libvosWrapperEx.so,10,2,,not found
libloadTA.so,10,2,,not found
libchecks.so,10,2,,not found
librtcCommonModule.so,10,3,,not found
libMstpFile.so,10,3,,not found
libopencv_calib3d.so,10,4,https://github.com/opencv/opencv/blob/b0dc474160e389b9c9045da5db49d03ae17c6a6b/modules/calib3d/src/calibration.cpp,True
libopencv_features2d.so,10,4,https://github.com/opencv/opencv/blob/b0dc474160e389b9c9045da5db49d03ae17c6a6b/modules/features2d/src/keypoint.cpp,True
libopencv_flann.so,10,4,https://github.com/opencv/opencv/blob/73a26a423163d0284a41e997717b00933978b256/modules/flann/src/flann.cpp,True
libopencv_video.so,10,4,https://github.com/opencv/opencv/blob/73a26a423163d0284a41e997717b00933978b256/modules/video/src/ecc.cpp,True
libAMapSDK_MAP_v6_4_0.so,10,2,https://github.com/amapapi/Android_3D_Demo,not sure
libAgoraRtmWrapper.so,10,3,https://github.com/AgoraIO/API-Examples,not sure
libBaiduMapSDK_map_for_bikenavi_v7_6_1.so,10,2,,not found
libBaiduMapSDK_map_v7_5_6.so,10,2,,not found
libDXRisk-v6.1.22r.09c5c67b.so,10,1,,not found
libDXRiskComm-v6.1.22r.09c5c67b.so,10,1,,not found
libagora-hy.so,10,4,https://github.com/AgoraIO/API-Examples,not sure
libauth_number_product-2.12.1.2-log-online-standard-release_alijtca_plus.so,10,3,,not found
libbaiduprotect_sdk-6f9409a3e610b7ebcc698cc0970b3c2e9b6eafe8.so,10,2,,not found
libbdpush_V3_9.so,10,4,https://github.com/Baidu-AIP/speech-demo,not sure
libjcore210.so,10,3,https://github.com/jpush/android-push-example,not sure
libjiagu_.so,10,2,,not found
libjiagu_vip_enc.so,10,0,,not found
liblocSDK3.so,10,1,,not found
libpns-2.13.2-LogOnlineStandardCuumChannel_alijtca_plus.so,10,1,,not found
libsgmainso-5.4.187.so,10,1,https://github.com/sgInnora/alipay-securityguard-analysis,not sure
libsgmiddletierso-6.6.250102.so,10,1,https://github.com/sgInnora/alipay-securityguard-analysis,not sure
libapfSecurity.so,9,2,,not found
libxesxlog.so,9,3,,not found
libyuv_omni.so,9,2,,not found
libDenoise.so,9,3,,not found
libcodec_omni.so,9,5,,not found
libhaidiihrc.so,9,2,,not found
libhdhdblib.so,9,2,,not found
libShijiePlayer.so,9,2,,not found
libreact_codegen_WechatSpec.so,9,5,,not found
libdatasource.so,9,2,,not found
libreact_codegen_TrackerSpec.so,9,5,,not found
libreact_codegen_NativeNetworkSpec.so,9,5,,not found
libreact_codegen_AppInfoSpec.so,9,6,,not found
libreact_codegen_AccountInfoSpec.so,9,6,,not found
libreact_codegen_LiveRNApiSpec.so,9,5,,not found
libreact_codegen_NativeIntentSpec.so,9,5,,not found
libdxy-sso-native.so,9,2,,not found
libcpu_usage.so,9,2,,not found
libnet_utils.so,9,4,,not found
libssl_openssl.so,9,4,https://github.com/openssl/openssl,not sure
libweb_webview.so,9,4,,not found
libpromptaction.so,9,5,,not found
liburl.so,9,5,,not found
libdata_preferences.so,9,6,,not found
libcurl_shared.so,9,5,https://github.com/curl/curl,not sure
libnet_http.so,9,5,,not found
libnghttp2_shared.so,9,4,,not found
libJNIEMV.so,9,3,,not found
libdexvmp1631686011.so,9,1,,not found
libcom.jd.lib.settlement.so,9,9,,not found
libcom.jd.lib.productdetail.so,9,9,,not found
libjdcard-jni.so,9,4,,not found
libjdbankcard.so,9,4,,not found
libvpx.so,9,4,https://github.com/webmproject/libvpx,not sure
libbricksframe.so,9,8,,not found
libprivate-p-aps.so,9,3,,not found
libasdi.so,9,5,,not found
libDXWhiteBoxComm-2.2.6.so,9,5,,not found
libSdkHelper_pabr.so,9,4,,not found
libkybsec.so,9,5,,not found
libFUP2AHelper.so,9,3,,not found
libkrnloader.so,9,1,,not found
liblivenessdetection_v2.4.5.so,9,3,,not found
libjeffmony.so,9,6,,not found
libiomx.10.so,9,0,,not found
libanw.18.so,9,0,,not found
libiomx.14.so,9,0,,not found
libiomx.13.so,9,0,,not found
libailog.so,9,3,,not found
libWebViewCore_3.21.0.184.210105191337_7z_uc.so,9,1,,not found
libeef0.so,9,1,,not found
libTMEMars.so,9,2,,not found
libmini_yuv_decoder.so,9,2,,not found
libliveutil.so,9,4,,not found
liba.so,9,6,,not found
libgodzilla-lib.so,9,4,,not found
libdragoncore.so,9,9,,not found
libbootupdatemark.so,9,3,,not found
libhook-check.so,9,2,,not found
libanti_fraud_lib.so,9,2,,not found
libcommon-encryption.so,9,5,,not found
libmultiscreen-jni.so,9,6,,not found
libnllvm1625666481.so,9,2,,not found
libnative-anc-1568.so,9,3,,not found
libirdetodrm.so,9,3,,not found
libalixplayer.so,9,7,,not found
libmgdrm.so,9,4,,not found
libntk.so,9,4,,not found
libwebrtc.so,9,5,https://webrtc.googlesource.com/src/,not sure
libSDL2.so,9,7,,not found
libfixpcrash.so,9,6,,not found
libAntctEncrypt.so,9,4,,not found
libverifyopt.so,9,6,,not found
libthor-native.so,9,5,,not found
libksp2p.so,9,6,,not found
libtensorflow-lite.so,9,3,,not found
libFaceMagic.so,9,8,,not found
libsig_monitor.so,9,1,,not found
libmonalisa.so,9,2,,not found
libhcdnlivenet.so,9,4,,not found
libTPGDecoder.so,9,4,,not found
libCloudytraceBreakpad.so,9,3,,not found
libStentor_Audio.so,9,7,,not found
libksaudioprocesslib-dl.so,9,8,,not found
libPlatformValidatorShared.so,9,5,,not found
libxps_ws.so,9,4,,not found
libCustomerCrypt.so,9,5,,not found
libstarpoxy.so,9,4,,not found
libpwebp-v7a.so,9,3,https://chromium.googlesource.com/webm/libwebp/,not sure
libdownloader.so,9,6,,not found
libavmdlp2p.so,9,4,,not found
libaip-native-auth.so,9,3,,not found
liblogin_encrypt.so,9,7,,not found
libsnow.so,9,5,,not found
libcpu-monitor.so,9,5,,not found
libkmalloc_loader.so,9,4,,not found
libmedia_editor.so,9,5,,not found
libMD5_v1.so,9,1,,not found
libTaoBaoParamUtils.so,9,2,,not found
libwnly.so,9,2,,not found
libCpuFeatures.so,9,2,,not found
libaisound.so,9,5,,not found
libnative_tool.so,9,5,,not found
libInfosec4ICBC.so,9,2,,not found
libsession.so,9,3,,not found
libgmm-jni.so,9,4,,not found
libsgxdataso.version.so,9,1,,not found
libsgxdataso-6.7.250601.46789731.so,9,1,,not found
libsgxdata.so,9,1,,not found
libNitroMmkv.so,9,4,,not found
libBeacon.so,9,3,,not found
libtnet.so,9,9,,not found
libpcrash.so,9,4,,not found
libprobe.so,9,4,,not found
libpdd_secure.so,9,6,,not found
libpcrash_dumper.so,9,5,,not found
libaudioeffectdls.so,9,1,,not found
libgiflib.so,9,4,,not found
libzstd_jni.so,9,5,https://github.com/luben/zstd-jni,not sure
libsscronet-wrapper.so,9,2,,not found
libsscronet-wrapper-helper.so,9,2,,not found
libyrkAjni.so,9,3,,not found
libgmesoundtouch.so,9,3,https://codeberg.org/soundtouch/soundtouch,not sure
libgmefaad2.so,9,3,,not found
libgmelamemp3.so,9,3,,not found
libgmefdkaac.so,9,3,,not found
libbytennwrapper.so,9,3,,not found
libbtch_collection.so,9,7,,not found
libmmsmses.so,9,7,,not found
librifle.so,9,2,,not found
libx264encoder.so,9,4,https://code.videolan.org/videolan/x264,not sure
libmmfile.so,9,5,,not found
libmomo-runtime.so,9,2,,not found
libpoxy.so,9,5,,not found
liblpLite.so,9,6,,not found
libntunisdk.so,9,4,,not found
libAndroidCrashHandler.so,9,5,,not found
libredstrategycenter.so,9,4,,not found
libmmkv2.so,9,6,,not found
libmonitor.so,9,4,,not found
libreddb.so,9,2,,not found
libvlitecore64.so,9,5,,not found
libvlitecore32.so,9,5,,not found
libtts_skeleton.so,9,4,,not found
libmemoryutils.so,9,4,,not found
libcoded_jni.so,9,3,,not found
libmkjni.so,9,2,,not found
libcache.so,9,4,,not found
libsevenz.so,9,2,,not found
libByteAINN.so,9,7,,not found
libAndroidPitayaCore.so,9,7,,not found
libc0c02x.so,9,3,,not found
libwebrtc_vad.so,9,3,https://webrtc.googlesource.com/src/,not sure
libmv3_ffmpegdec_neon.so,9,5,https://github.com/FFmpeg/FFmpeg,not sure
libmv3_raw2mp4.so,9,5,,not found
libmp4mux.so,9,5,,not found
libmp4muxproxy.so,9,6,,not found
libmv3_playerutils.so,9,2,,not found
libDPExpressStream.so,9,5,,not found
libP2PWrapper.so,9,2,,not found
libtcpbuffer.so,9,5,,not found
libImageStitch.so,9,2,,not found
libssl.so.so,9,2,,not found
libcrypto.so.so,9,2,,not found
libmv3_mediarecorder.so,9,6,,not found
libOKHttpNative.so,9,5,,not found
libcloseliP2P.so,9,4,,not found
libslink.so,9,2,,not found
libaudiobuffer.so,9,5,,not found
libcoreservice.so,9,2,,not found
libexpat.so,9,2,,not found
libmv3_rtplayer.so,9,6,,not found
libmv3_audiocodec.so,9,6,,not found
libckeygenerator.so,9,5,,not found
libGNaviRoute.so,9,3,,not found
libvideoeditor.so,9,4,,not found
libGNaviGuide.so,9,3,,not found
libpatch-1.0.1.so,9,2,,not found
libGNaviPos.so,9,2,,not found
libtcpag.so,9,3,,not found
libtranscoder.so,9,5,,not found
libsdl.so,9,5,,not found
libminizip.so,9,2,,not found
libwebviewuc.so,9,7,,not found
libspake2.so,9,3,,not found
libflipper.so,9,4,,not found
libsslnb.so,9,4,,not found
libsqlciphernb.so,9,4,https://github.com/sqlcipher/sqlcipher,not sure
libprotobufnb.so,9,4,https://github.com/protocolbuffers/protobuf,not sure
libnaturalbase_cloud_jni.so,9,4,,not found
libcryptonb.so,9,4,,not found
libetc2mobile_sdk.so,9,2,,not found
libemulator.so,9,4,,not found
libcinsipcore.so,9,5,,not found
libresonanceaudio.so,9,5,,not found
libns108x-lib.so,9,2,,not found
libring_module.so,9,6,,not found
libhash.so,9,4,,not found
libntp_client.so,9,4,,not found
libhxyuvutil.so,9,1,,not found
libmediahwcodec_rk30_4.1.so,9,2,,not found
libantdlog_cpp.so,9,5,,not found
libSAFApi.so,9,3,,not found
libSOFApi.so,9,3,,not found
libSKFApi.so,9,3,,not found
libst_bankcard.so,9,3,,not found
librdpdf.so,9,3,,not found
libandroid_sm_cipher.so,9,5,,not found
libencrypt_network.so,9,4,,not found
libkspark.so,9,3,,not found
libbdrtk.so,9,3,,not found
libemlivenative.so,9,6,,not found
libEmse-lib.so,9,3,,not found
libmedialib.so,9,6,,not found
libESKeyboard.so,9,4,,not found
libzhkv.so,9,3,,not found
libzhim_crypto_tool.so,9,2,,not found
libcommon-sound.so,9,1,,not found
libaudiotoolbox.so,9,4,,not found
libifaaprocessor.so,9,4,,not found
libndk_camera.so,9,4,,not found
libbcgm_rs.so,9,4,,not found
libthosttraderapi.so,9,5,,not found
libthosttraderapi_wrap.so,9,5,,not found
libhmac.so,9,4,,not found
libcrypto_c.so,9,5,,not found
libzeusplat_support.so,9,5,,not found
libcom.baidu.zeus.so,9,5,,not found
libzeuswebviewchromium.so,9,5,,not found
libmml_native.so,9,6,,not found
libaicore.so,9,5,,not found
libc++_shared_xlog.so,9,4,,not found
libQmt.so,9,2,,not found
libgstreamer_android.so,9,4,,not found
libSealEdc.so,9,5,,not found
liborangefilterjni.so,9,5,,not found
libwhisper_vfpv4.so,9,0,,not found
libgimbalsdk.so,9,4,,not found
libfysecurity.so,9,4,,not found
libexif.so,9,3,,not found
libandroid-skia.so,9,5,,not found
libZPhotoEngine.so,9,1,,not found
libcusrep.so,9,1,,not found
libbmpKit.so,9,1,,not found
libali-id-lib.so,9,2,,not found
libgljni.so,9,2,,not found
libHomeMate_Security.so,9,4,,not found
libcooee.so,9,5,,not found
libmrplayer.so,9,5,,not found
libmrav.so,9,4,,not found
libmrble.so,9,4,,not found
libxyreif.so,9,4,,not found
libbreakpad_native.so,9,4,,not found
libgcanvas_runtime.so,9,3,,not found
libtrack_prediction.so,9,4,,not found
libaeyefacedetect.so,9,4,,not found
libvr360.so,9,4,,not found
libhuawei_arengine_unity_helper.so,9,2,,not found
libhuawei_arengine_unity_plugin.so,9,2,,not found
libreact_codegen_RNCGeolocationSpec.so,9,3,,not found
libyoume_voice_engine.so,9,2,,not found
lib_lcs.so,9,3,,not found
libcourse-jni.so,9,2,,not found
libproffmpeg.so,9,5,https://github.com/FFmpeg/FFmpeg,not sure
libAudioCodecer.so,9,4,,not found
libVideoCodecer.so,9,4,,not found
libumetrip.so,9,1,,not found
libshpSec.so,9,1,,not found
libhlw_hr_lib.so,9,1,,not found
libndkcs2300native-lib.so,9,3,,not found
libcyteanalyze.so,9,3,,not found
libmoon.so,9,5,,not found
libreact_codegen_RNImagePickerSpec.so,9,3,https://github.com/react-native-image-picker/react-native-image-picker,not sure
liblibencrypt.so,9,2,,not found
libwlffmpeg.so,9,2,https://github.com/FFmpeg/FFmpeg,not sure
libwlmediautil.so,9,2,,not found
libwlplayer.so,9,2,,not found
libtmessages.42.so,9,3,,not found
libskf.so,9,2,,not found
libSeetaFaceRecognizer600.so,9,3,,not found
libSeetaFaceRecognizer600_java.so,9,3,,not found
libswapiutility.so,9,5,,not found
libswannot.so,9,5,,not found
libswconvert.so,9,5,,not found
libswofddom.so,9,5,,not found
libswsign.so,9,5,,not found
libjniofdapi.so,9,4,,not found
libSecSoft-lib.so,9,3,,not found
libsts-native-lib.so,9,4,,not found
libBugtags.so,9,2,,not found
libDetailSleep.so,9,2,,not found
libNskAlgo.so,9,2,,not found
libtiamaes_key.so,9,4,,not found
libyismcore.so,9,2,,not found
libewalletPascPay.so,9,2,,not found
libFMKernel.so,9,3,,not found
libwltToBmpInterface.so,9,1,,not found
libmxdrawobj.so,9,4,,not found
libG726Android.so,9,3,,not found
libIVIEWSYUV.so,9,3,,not found
libIVIEWSAPM.so,9,3,,not found
libIVIEWSJPEG.so,9,3,,not found
libIVIEWSPSD.so,9,3,,not found
libsecenh.so,9,0,,not found
libsecenh_a64.so,9,0,,not found
libopencv_videoio.so,9,4,https://github.com/opencv/opencv/blob/73a26a423163d0284a41e997717b00933978b256/modules/videoio/src/cap.cpp,True
libAMapSDK_MAP_v6_6_0.so,9,1,https://github.com/amapapi/Android_3D_Demo,not sure
libAgoraMediaPlayer.so,9,3,https://github.com/AgoraIO/API-Examples,not sure
libBaiduMapSDK_map_for_navi_v7_5_0.so,9,3,,not found
libBaiduMapSDK_map_v4_1_1.so,9,2,,not found
libBaiduMapSDK_map_v4_3_1.so,9,1,,not found
libBaiduMapSDK_map_v7_0_0.so,9,3,,not found
libBaiduMapSDK_search_v4_1_1.so,9,1,,not found
libDXCaptcha-1.5.5.so,9,3,,not found
libZegoExpressAudioCopyrightedMusicPlugin.so,9,4,https://github.com/zegoim/zego-express-example-faceunity,not sure
libagora-player-ffmpeg.so,9,3,https://github.com/AgoraIO/API-Examples,not sure
libbaiduprotect_sec_jni.so,9,4,,not found
libjcore270.so,9,2,https://github.com/jpush/android-push-example,not sure
libjiagu_sdk_locationsdkbd_supportProtected.so,9,2,,not found
libmm.so,8,2,,not found
libdoctor.so,8,1,,not found
libanr.so,8,1,,not found
libbays5.so,8,2,,not found
libhidden-api.so,8,1,,not found
libbay-utils.so,8,1,,not found
libiHear8.2.so,8,2,,not found
libiHear9.0.so,8,3,,not found
libhci_tts_local_synth.so,8,4,,not found
libbyteap.so,8,2,,not found
libid_matcher.so,8,2,,not found
libTranslateBoltModel.so,8,2,,not found
libsentence_jni.so,8,2,,not found
libEasyWebCam.so,8,2,,not found
libreact_codegen_video.so,8,5,,not found
libdovplayer7.so,8,1,,not found
libreact_codegen_XZWebViewSpec.so,8,4,,not found
libee59b02d1_v10092_aee.so,8,1,,not found
zyencrypt7.so,8,0,,not found
libdxy-ad.so,8,2,,not found
libdxy-sign.so,8,2,,not found
libpdfrx.so,8,6,,not found
libCryptJni.so,8,7,,not found
libdvr-cloudliving-lib.so,8,4,,not found
libsecurity_cryptoframework.so,8,4,,not found
libnet_connection.so,8,6,,not found
libWubaEmulator.so,8,1,,not found
libJniUtils.so,8,5,,not found
libPackageTransform.so,8,4,,not found
libsoundtouch_vm.so,8,1,https://codeberg.org/soundtouch/soundtouch,not sure
libvmnative-lib.so,8,1,,not found
libcardsdk.so,8,2,,not found
libdesjni.so,8,1,,not found
libfb_jpegturbo.so,8,2,https://github.com/libjpeg-turbo/libjpeg-turbo,not sure
libcryptoutil.so,8,3,,not found
libE5.so,8,3,,not found
libnptsr.so,8,3,,not found
libidReader.so,8,3,,not found
libcom.jd.lib.shareorder.so,8,7,,not found
libffmpeginvoke.so,8,6,https://github.com/FFmpeg/FFmpeg,not sure
libcom.jd.lib.ordercenter.so,8,8,,not found
libylayout.so,8,4,,not found
libcrtc-v8a-neon.so,8,4,,not found
libznmediacore.so,8,6,,not found
libsfpushxlog.so,8,2,,not found
libsfmarsstn.so,8,2,,not found
libphoenix_core.so,8,4,,not found
libtuanjie.so,8,6,,not found
libmediaapi.so,8,3,,not found
libMediaToolJNI.so,8,3,,not found
libanw.13.so,8,0,,not found
libanw.14.so,8,0,,not found
libanw.10.so,8,0,,not found
libsoutil.so,8,4,,not found
libreact_codegen_rnblurview.so,8,6,https://github.com/Kureev/react-native-blur,true
librc_tool.so,8,4,,not found
libfxwebp.so,8,3,https://chromium.googlesource.com/webm/libwebp/,not sure
libfp.so,8,3,,not found
libtmeshield.so,8,5,,not found
libzstd-jni-1.5.2-3.so,8,3,https://github.com/luben/zstd-jni,not sure
libkugouplayer.so,8,8,,not found
libkgkey.so,8,4,,not found
libTmsdk-2.0.8-dual-mfr.so,8,2,,not found
libTPCore-tvideo.so,8,6,,not found
libtokenizer.so,8,2,,not found
libttepubparser.so,8,3,,not found
libTxtParser.so,8,2,,not found
libaudiometrics.so,8,1,,not found
libaudioprocessor.so,8,2,,not found
libTTHighlight.so,8,1,,not found
libmobiparser.so,8,2,,not found
preloadable_libiconv.so,8,2,,not found
libmsacustomizeoaidsec.so,8,4,,not found
libqm-memory.so,8,2,,not found
libopr.so,8,7,,not found
libspeedtest.so,8,5,,not found
libaliplayer.so,8,6,,not found
libnplayer.so,8,4,,not found
libJVSDKP.so,8,4,,not found
libPglmetasec_ml.so,8,2,,not found
libsofaplayer.so,8,5,,not found
libVadCore.so,8,2,,not found
libsdkexec.so,8,1,,not found
libortextensions.so,8,5,,not found
libcrash-dump.so,8,4,,not found
libtalos_yoga.so,8,6,,not found
libsearch-bdtls.so,8,3,,not found
libSocketInfo.so,8,4,,not found
libcoroner.so,8,4,,not found
libzjwmAliAgainstId.so,8,1,,not found
libveplugin.so,8,8,,not found
libkwaiaudio.so,8,8,,not found
libruntime_hack.so,8,3,,not found
libsignLib.so,8,5,,not found
libILASDK.so,8,6,,not found
libec_jpeg_decoder.so,8,2,,not found
libc_final.so,8,4,,not found
libplayer.so,8,5,,not found
libnetbase.so,8,6,,not found
libcpuinfo.so,8,4,,not found
libspine.so,8,4,,not found
libfaceless-plugin.so,8,7,,not found
libksaudioprocessorplugin.so,8,8,,not found
libykit_core_plugin.so,8,7,,not found
libvipfont.so,8,5,,not found
libpano_video_renderer.so,8,5,,not found
libImgRecognition.so,8,3,,not found
libmodule_recg.so,8,3,,not found
libmatrix-traffic.so,8,5,,not found
libnew-kwai-v8-executor.so,8,6,,not found
libmusicplayer.so,8,5,,not found
libavif-jni.so,8,6,https://github.com/AOMediaCodec/libavif,not sure
libsecrets.so,8,2,,not found
librtc.so,8,4,,not found
libifeng_secure.so,8,1,,not found
libjniloader.so,8,3,,not found
libdeepknow-lib.so,8,5,,not found
liblibrary-release_alijtca_plus.so,8,5,,not found
libpaganini.so,8,5,,not found
gm7.so,8,0,,not found
liblibxstr.so,8,2,,not found
libcronet.90.0.4402.0.so,8,7,,not found
libmtcronet.so,8,4,,not found
libSearchCore.so,8,3,,not found
libhwSerial.so,8,1,,not found
libmuduplayer.so,8,2,,not found
libmudusdl.so,8,2,,not found
libmuduffmpeg.so,8,2,https://github.com/FFmpeg/FFmpeg,not sure
libSnpeHtpV69Stub.so,8,5,,not found
libSnpeHtpV73Stub.so,8,5,,not found
libSnpeHtpPrepare.so,8,5,,not found
librace.so,8,7,,not found
libtronkit.so,8,5,,not found
librsavccore.so,8,4,,not found
libanonymous-g.so,8,1,,not found
libcputype.so,8,1,,not found
libmsf.so,8,2,,not found
libMeetyouPatch.so,8,2,,not found
libDataHighway.so,8,3,,not found
libjingle_peerconnection_mci_so.so,8,2,,not found
libszstone.so,8,4,,not found
libducloudpix.so,8,4,,not found
libdusanwa.so,8,4,,not found
libAliyunMNN.so,8,2,,not found
libGameVMP.so,8,3,,not found
libGameVData.so,8,6,,not found
liblynxdevtool_js_bridge.so,8,1,,not found
liblynx_debug.so,8,2,,not found
libbasedevtool.so,8,1,,not found
liblynxdevtool.so,8,1,,not found
libyypatch.so,8,7,,not found
libmooner_core.so,8,3,,not found
libtensorflowlite_gpu_gl.so,8,4,,not found
libaudio-lib.so,8,1,,not found
libKeyStoreJni.so,8,4,,not found
libnleimagejni.so,8,5,,not found
libNLEResourcesDAVJni.so,8,5,,not found
libDavinciResourceJni.so,8,5,,not found
libzk.so,8,3,,not found
libwb_js_engine.so,8,2,,not found
libcosmos-im.so,8,3,,not found
libnpps-jni.so,8,2,,not found
libtinyd.so,8,5,,not found
librocket_boost.so,8,5,,not found
libxyass.so,8,6,,not found
libmlcamera-2.5.so,8,2,,not found
libtwebrtc_so.so,8,6,https://webrtc.googlesource.com/src/,not sure
libPitayaBdComponent.so,8,5,,not found
libpy-numpy.so,8,6,,not found
libALBiometricsCamera2Adapter.so,8,4,,not found
libALBiometricsCameraAdapter.so,8,4,,not found
libuscasr.so,8,5,,not found
libtcmediax.so,8,5,,not found
libTCEffectPlayer.so,8,4,,not found
libap.so,8,3,,not found
libnetutils.so,8,2,,not found
libjson.so,8,4,,not found
libjbcrypto.so,8,3,,not found
libovpnexec.so,8,3,,not found
libopenvpn.so,8,3,,not found
liblinebreak.so,8,7,,not found
libMM7Zip.so,8,5,,not found
libJAVideo.so,8,4,,not found
libP2PSDKClient.so,8,2,,not found
libjnnat.so,8,2,,not found
libarq.so,8,2,,not found
libIOTLink.so,8,2,,not found
libkdp.so,8,2,,not found
libzmvmpcls.sa.so,8,0,,not found
libnative-security.so,8,2,,not found
libEcalendarLib.so,8,4,,not found
libhsUtils.so,8,4,,not found
libHSMbedtls.so,8,4,https://github.com/Mbed-TLS/mbedtls,not sure
libmp4FilePlayer.so,8,4,,not found
libhsMediaLibrary.so,8,4,,not found
libzerolink.so,8,4,,not found
libWebrtcAec.so,8,1,https://webrtc.googlesource.com/src/,not sure
libHSToneUtils.so,8,4,,not found
libHYFisheyePano.so,8,4,,not found
libmideaCodec.so,8,4,,not found
libyuvUtils.so,8,4,,not found
libattrDetached.so,8,4,,not found
libkcp.so,8,5,,not found
libOMX.24.so,8,3,,not found
libdevice.so,8,3,,not found
libqjs_runtime.so,8,2,,not found
libreact_codegen_HrnCoreSpec.so,8,4,,not found
libreact_codegen_HLLTurboModuleSpec.so,8,4,,not found
liblcd.so,8,3,,not found
libllvision_audio.so,8,3,,not found
libYuvUtils_jni.so,8,3,,not found
libllvision_jpeg-turbo1500.so,8,3,https://github.com/libjpeg-turbo/libjpeg-turbo,not sure
libboot.so,8,3,,not found
libyuvto.so,8,3,,not found
libllvision_uvc.so,8,3,,not found
libcommand-proxy.so,8,3,,not found
libsensor.so,8,3,,not found
libllvision_UVCCamera.so,8,3,,not found
libllvision_usb100.so,8,3,,not found
libpeps-lib.so,8,1,,not found
libreact_codegen_crnmodules.so,8,7,,not found
libmbqjs.so,8,3,,not found
libactiondetector.so,8,2,,not found
libFaceAntispoofing.so,8,3,,not found
libvvi.so,8,2,,not found
libviigoplus.so,8,1,,not found
libcardet.so,8,3,,not found
libqcloudtts-offline.so,8,4,,not found
liblocnaviSDK.so,8,1,,not found
libmtqrcode.so,8,3,,not found
liboset-native-lib.so,8,4,,not found
libdexoptfix.so,8,2,,not found
libNetsdkStream.so,8,4,,not found
libLCBusiness.so,8,4,,not found
libopticomn.so,8,3,,not found
libos-compat.so,8,3,,not found
libadmob.so,8,3,,not found
libimageloader.so,8,4,,not found
libtquic_wemeet.so,8,3,,not found
libTPFFmpeg-master.so,8,5,https://github.com/FFmpeg/FFmpeg,not sure
libwemeet_platform.so,8,6,,not found
libnxui_uikit.so,8,6,,not found
libwemeet_abi.so,8,6,,not found
libtms_canary.so,8,6,,not found
libnxui_app.so,8,6,,not found
libappsec.so,8,6,,not found
libpaywave.so,8,3,,not found
libmastercardcn.so,8,3,,not found
libentrypoint.so,8,3,,not found
libEmvCoreNew.so,8,2,,not found
libquics.so,8,3,,not found
libsofttee.so,8,3,,not found
libjnicontactlesskernel.so,8,3,,not found
libsofthsm2.so,8,2,,not found
libclientlib.so,8,3,,not found
libpaypass.so,8,3,,not found
libEncryMidWare.so,8,1,,not found
libcsiiauthorization.so,8,2,,not found
libabd.so,8,2,,not found
libAutoSrvSealUtil.so,8,6,,not found
libxriver-jsi-adapter.so,8,7,,not found
libxriver-core.so,8,7,,not found
libqjs-adapter.so,8,7,,not found
libmywebview-android-sdk.so,8,7,,not found
libbeyond_java.so,8,5,,not found
libxmaudio.so,8,6,,not found
libantcube.so,8,7,,not found
libxnnv8plugin_jsi.so,8,4,,not found
libmyhook.so,8,4,,not found
libdowngrade.so,8,4,,not found
libcredit-decrypt.so,8,3,,not found
libccdn.so,8,5,,not found
libmerged-slink-bundles-res.so,8,7,,not found
libxriver-ccdn-adapter.so,8,7,,not found
libfusionscan100530.so,8,3,,not found
libX.so,8,3,,not found
libdtx_service_manager_proxy.so,8,6,,not found
libiquickjs.so,8,5,,not found
libSoAOPTest.so,8,3,,not found
libautoken.so,8,3,,not found
libmcrash.so,8,3,,not found
libdevice_check.so,8,3,,not found
libmcrash_dumper.so,8,3,,not found
libwvcmUtil.so,8,3,,not found
libmlcrypto.so,8,4,,not found
libYoutuOcrJniApi.so,8,4,,not found
libandroid-phone-wallet-nebulauc.so,8,6,,not found
libiSpeakGrmDNNLite.so,8,4,,not found
libiSpeakDNNLite.so,8,4,,not found
libindicator.so,8,3,,not found
libencrypt_zip.so,8,4,,not found
libpatch_zip_library.so,8,4,,not found
libcnrc.so,8,3,,not found
libErayt.so,8,3,,not found
libsdk_card.so,8,3,,not found
libSPDGMEncrypt.so,8,5,,not found
libnllvm1714382482054.so,8,2,,not found
libprobesdk.so,8,2,,not found
libPaskac.so,8,5,,not found
libKSSecurity.so,8,5,,not found
libjniutils.so,8,2,,not found
libbocMLog.so,8,3,,not found
libbaiducard.so,8,3,,not found
libTdxHqCtrl.so,8,4,,not found
libTdxNativeCore.so,8,4,,not found
libnllvm1623613607.so,8,1,,not found
libcmbcSipCryptor.so,8,4,,not found
libcmbcSmkernel.so,8,3,,not found
libcmbcMLog.so,8,4,,not found
libcom.maa.wspxld.so,8,3,,not found
libjtcrypto.so,8,2,,not found
libfsc_hscomm.so,8,0,,not found
libcherryutil.so,8,4,,not found
libjcplayer.so,8,2,,not found
libmegface-new.so,8,1,,not found
libruntime-optimize.so,8,5,,not found
libksutils.so,8,5,,not found
libbrotlicommon.so,8,4,,not found
libbrotlidec.so,8,4,,not found
libcovode_number.so,8,3,,not found
libcbffmpeg.so,8,4,https://github.com/FFmpeg/FFmpeg,not sure
libbytedt.so,8,5,,not found
libydad.so,8,3,,not found
libksvideoprocessor.so,8,4,,not found
libgstreamer-appcast.so,8,3,,not found
libsilk.so,8,4,,not found
libcpkandroid.so,8,3,,not found
libDecodePwd.so,8,2,,not found
libroomboxmp3transcoder.so,8,1,,not found
libVARuntime64.so,8,8,,not found
libcvJni.so,8,4,,not found
libdai.so,8,4,,not found
libexceptionhandle2.so,8,2,,not found
libpmretouch.so,8,4,,not found
libm3d.so,8,3,,not found
libDJICSDKCommon.so,8,6,,not found
libframefilters.so,8,0,,not found
libceres.so,8,5,,not found
libcoder.so,8,3,,not found
libGLESv2.so,8,5,,not found
libjnigraphics.so,8,5,,not found
librmonitorSqliteMonitor.so,8,4,,not found
librmonitorIoMonitor.so,8,4,,not found
libv8.cr.so,8,3,,not found
libv8_libplatform.cr.so,8,3,,not found
libv8_libbase.cr.so,8,3,,not found
libtutil.so,8,2,,not found
libkksdk.so,8,5,,not found
libsanitycheck.so,8,3,,not found
libanvd.so,8,2,,not found
libistylepdfengine-jni.so,8,5,,not found
libgateway.so,8,5,,not found
libwebrtc_lb.so,8,1,https://webrtc.googlesource.com/src/,not sure
libzmcaplayer.so,8,1,,not found
libQnnHtpV73Stub.so,8,6,,not found
libQnnHtpV68Stub.so,8,6,,not found
libQnnHtpV75Stub.so,8,6,,not found
libQnnHtpPrepare.so,8,6,,not found
libAppGuard-x86.so,8,6,,not found
libQnnHtpV69Stub.so,8,6,,not found
libQnnHtp.so,8,6,,not found
libimagecodec.so,8,4,,not found
libgpuimage.so,8,4,,not found
libjpeg_compress.so,8,2,,not found
libjni_pinyinime.so,8,4,,not found
libgodot_android.so,8,4,,not found
libanti_spam.so,8,3,,not found
libsinvoice.so,8,2,,not found
libthirdparty.so,8,3,,not found
libindex2.0.3.so,8,2,,not found
lib_imcore_ugc_ext_gyp.so,8,1,,not found
libindex2.0.4.so,8,1,,not found
libconverter_jni.so,8,4,,not found
libswappyVk.so,8,1,,not found
libNcnnImageClassifier.so,8,1,,not found
libyqpijkffmpeg.so,8,1,https://github.com/FFmpeg/FFmpeg,not sure
libaugus.so,8,1,,not found
libmatch_usertext.so,8,1,,not found
libyqpijksdl.so,8,2,,not found
libyqpijkplayer.so,8,2,,not found
libNcnnImageChineseClassifier.so,8,1,,not found
libai_image_sdk.so,8,1,,not found
libzybruntime.so,8,1,,not found
libzms_engine_jni.so,8,4,,not found
libroom_entry_guard_core.so,8,2,,not found
libarc_core.so,8,1,,not found
libzms_engine_jni_new.so,8,4,,not found
libcontainermanager.so,8,4,,not found
libtestxxx.so,8,2,,not found
libzybai-lib.so,8,1,,not found
libdashvader_core.so,8,3,,not found
libmusic_score.so,8,1,,not found
libBlinkID.so,8,3,,not found
liblolila.so,8,2,,not found
libSGMapEngineV3.so,8,4,,not found
libSGMapCommon.so,8,4,,not found
libMonoPosixHelper.so,8,0,,not found
libbva.so,8,4,,not found
libaac_encoder.so,8,4,,not found
libavfilter-6.so,8,4,,not found
libopengl-lib.so,8,4,,not found
libcoding-lib.so,8,3,,not found
libcronet.105.0.5146.0.so,8,4,,not found
libtesseract.so,8,3,,not found
libleptonica.so,8,3,,not found
librtm.so,8,4,,not found
libsentry-native.so,8,2,,not found
libvolcenginerts.so,8,1,,not found
libcvfinance_api_liveness_standard.so,8,3,,not found
libTHFaceLive.so,8,1,,not found
libTHFaceQuality.so,8,1,,not found
libfacecheck.so,8,1,,not found
libadaptivecards-native-lib.so,8,3,,not found
libZdxlzSafApi.so,8,3,,not found
libjni_rfid_driver.so,8,3,,not found
libCommand_iwown.so,8,1,,not found
libllvmsilent.so,8,3,,not found
libswlogger.so,8,2,,not found
libswinvoice.so,8,4,,not found
libswcertificate.so,8,4,,not found
libfastpng.so,8,3,,not found
libpdfsdk_jni.so,8,3,,not found
liborigin.so,8,2,,not found
libteea.so,8,2,,not found
libbuffer_pgl.so,8,1,,not found
libfile_lock_pgl.so,8,1,,not found
libslm_m1_crack.so,8,2,,not found
libhadatafactory.so,8,2,,not found
libbh5BodyComposition.so,8,1,,not found
libchecker.so,8,2,,not found
libfabric.so,8,4,,not found
libiHealth.so,8,3,,not found
libezipqw.so,8,2,,not found
libclient.so,8,1,,not found
libRtkMediaCodec.so,8,2,,not found
libGoMoreEdgeKit.so,8,2,,not found
libbodyfatlib-v2.0.3.so,8,1,,not found
libtempalg1_5.so,8,3,,not found
libtempalg1_0.so,8,3,,not found
libtempconnector.so,8,2,,not found
libtempalgorithm.so,8,3,,not found
libyfdopus.so,8,2,https://github.com/xiph/opus,not sure
libfsdither.so,8,2,,not found
libSoundBusChannel.so,8,2,,not found
libeshimin-jni.so,8,4,,not found
libKTAuSeal.so,8,4,,not found
libwavegen.so,8,1,,not found
libtensorflowlite_liveness_jni.so,8,3,,not found
librs.yuv2rgb.so,8,2,,not found
libmxview.so,8,3,,not found
libCommunityCloudStream.so,8,3,,not found
libHdWebRtcJni.so,8,2,https://webrtc.googlesource.com/src/,not sure
libcurve25519.so,8,3,,not found
librecorder.so,8,3,,not found
libBLAccountEncryptAPI.so,8,2,,not found
libCSLM_FT.so,8,2,,not found
libauthjni.so,8,2,,not found
libsecurefileio.so,8,1,,not found
librtcAgoraModule.so,8,3,,not found
libvadevice.so,8,1,,not found
libvautil.so,8,1,,not found
libc++_hsared.so,8,1,,not found
libwsresample.so,8,1,,not found
libvaformat.so,8,1,,not found
libwsscale.so,8,1,,not found
libvafilter.so,8,1,,not found
libvacodec.so,8,1,,not found
libYUV.so,8,4,https://chromium.googlesource.com/libyuv/libyuv/+/refs/heads/main/source/convert.cc,not sure
libtensorflowLite.so,8,4,https://github.com/tensorflow/tensorflow/blob/2cd0c5b52c738eaf05fe18866b9da090fa3fea87/tensorflow/lite/core/interpreter.cc,not sure
libAMapSDK_NAVI_v10_0_720_02.so,8,1,https://github.com/amapapi/Android_3D_Demo,not sure
libAMapSDK_NAVI_v6_9_0.so,8,1,https://github.com/amapapi/Android_3D_Demo,not sure
libAMapSDK_NAVI_v7_1_0.so,8,3,https://github.com/amapapi/Android_3D_Demo,not sure
libAMapSDK_NAVI_v8_0_1.so,8,2,https://github.com/amapapi/Android_3D_Demo,not sure
libAMapSDK_NAVI_v9_7_0.so,8,2,https://github.com/amapapi/Android_3D_Demo,not sure
libBaiduMapSDK_map_for_navi_v7_5_5.so,8,3,,not found
libBaiduMapSDK_map_v5_4_4.so,8,1,,not found
libBaiduMapSDK_radar_v4_0_0.so,8,2,,not found
libBaiduMapSDK_util_v4_1_1.so,8,2,,not found
libDXRisk-v6.1.1r.3c472017.so,8,1,,not found
libDXRisk-v6.1.6r.8f480124.so,8,1,,not found
libDXRiskComm-v6.1.1r.3c472017.so,8,1,,not found
libDXRiskComm-v6.1.6r.8f480124.so,8,1,,not found
libagora-chat-sdk.so,8,3,https://github.com/AgoraIO/API-Examples,not sure
libagora_pvc_extension.so,8,3,https://github.com/AgoraIO/API-Examples,not sure
libauth_number_product-2.12.1.1-log-online-standard-channel_alijtca_plus.so,8,1,,not found
libbugly_transport.so,8,3,https://github.com/BuglyDevTeam/Bugly-Android-Demo,not sure
libbytertc_license_extension.so,8,1,,not found
libhiai_binary_model_runtime.so,8,5,https://github.com/946166920/hiai_ddk,not sure
libijiami_H5SDK.so,8,2,,not found
libjcore112.so,8,2,https://github.com/jpush/android-push-example,not sure
libjcore320.so,8,2,https://github.com/jpush/android-push-example,not sure
libjiagu_sdk_locationsdkbd_androidxProtected.so,8,3,,not found
liblocSDK5.so,8,0,,not found
libsgmainso-5.5.82.so,8,1,https://github.com/sgInnora/alipay-securityguard-analysis,not sure
libsgmiddletierso-5.5.79.so,8,1,https://github.com/sgInnora/alipay-securityguard-analysis,not sure
libsgsecuritybodyso-5.5.92.so,8,1,https://github.com/sgInnora/alipay-securityguard-analysis,not sure
libvmc.so,7,3,,not found
libhci_tts_local_synth_iHear9.so,7,3,,not found
libNitroSound.so,7,3,,not found
libcompdf.so,7,4,,not found
libhdahdb.so,7,4,,not found
libdictParser.so,7,3,,not found
libCore.so,7,4,,not found
libCtaApiWYLib.so,7,2,,not found
libdwrtmp.so,7,3,,not found
lib_kcp_client_sdk.so,7,3,,not found
libxutils.so,7,3,,not found
libsmart_camera.so,7,4,,not found
libHIK_NPCClient.so,7,2,,not found
libmygif.so,7,3,,not found
libfile_photoaccesshelper.so,7,5,,not found
librouter.so,7,5,,not found
libutil_json.so,7,3,,not found
libfile_fs.so,7,5,,not found
libdata_datasharepredicates.so,7,3,,not found
libevents_emitter.so,7,4,,not found
libdisplay.so,7,5,,not found
libarkui_componentsnapshot.so,7,5,,not found
libencryptlib.so,7,3,,not found
libprelinker64.so,7,0,,not found
libprelinker32.so,7,0,,not found
libsdk.so,7,5,,not found
libbzprotect.so,7,2,,not found
libbaize.so,7,2,,not found
libtelpo_serial.so,7,2,,not found
libAliyunRace_jni.so,7,2,,not found
libdataSin.so,7,5,,not found
libSin.so,7,5,,not found
libSdkHelper_Sin.so,7,5,,not found
libnative-dlib.so,7,4,,not found
libcrypto.1.1.1j.so,7,5,,not found
libssl.1.1.1j.so,7,5,,not found
libmpcr.so,7,2,,not found
libverify-lib.so,7,1,,not found
libbmchargenativelib.so,7,4,,not found
libhexagon_nn_skel_v66.so,7,2,,not found
libhexagon_interface.so,7,2,,not found
libhexagon_nn_skel_v65.so,7,2,,not found
libFulite.so,7,4,,not found
libloader.so,7,4,,not found
libvckssl.so,7,3,,not found
libnativevck-lib.so,7,3,,not found
libincallsignkey.so,7,1,,not found
libconfig-sdk.so,7,4,,not found
liblng_config.so,7,4,,not found
libcommon_basemodule_jni.so,7,2,,not found
libtusdk-filter.so,7,4,,not found
libtusdk-pulse.so,7,4,,not found
libCacheKey.so,7,5,,not found
libsmedia-recorder.so,7,4,,not found
libdevapi.so,7,2,,not found
libirdaSerialPort.so,7,2,,not found
libVideoClient.so,7,4,,not found
libvlQuickjs.so,7,4,,not found
libmv3_mp3dec.so,7,3,,not found
libshella-4.5.2.2.so,7,1,,not found
liblamejni.so,7,4,,not found
libmySox.so,7,4,,not found
libFirebaseCppCrashlytics.so,7,5,,not found
libFirebaseCppAnalytics.so,7,5,,not found
libnative-ha.so,7,2,,not found
libnative-anc-158x.so,7,2,,not found
libfvplayer.so,7,4,,not found
libelianjni.so,7,5,,not found
libmono.so,7,0,,not found
libtranslater.so,7,7,,not found
libvMOS3.1.so,7,1,,not found
libwotvsdkcore.so,7,1,,not found
libonnxruntime_extensions4j_jni.so,7,4,,not found
libkdiff.so,7,5,,not found
libdaenerys.so,7,7,,not found
libwesteros.so,7,7,,not found
libxylivesdk.so,7,4,,not found
libmsgcenter.so,7,7,,not found
libmsgcenter_jni.so,7,7,,not found
libmic-core.so,7,7,,not found
libyuv_utils.so,7,4,,not found
libcyber-ffmpeg.so,7,4,https://github.com/FFmpeg/FFmpeg,not sure
libcyber-player.so,7,6,,not found
libyuvjni.so,7,4,,not found
libqhfacesdk.so,7,3,,not found
libaisoften.so,7,4,,not found
libSLKMediaPlayer.so,7,5,,not found
libstreamingsdk_jni.so,7,5,,not found
libffmpeg_pptv.so,7,5,https://github.com/FFmpeg/FFmpeg,not sure
libmg20pbase.so,7,2,,not found
libkhmigu.so,7,1,,not found
libupload.so,7,5,,not found
libWnsLiteNetwork.so,7,7,,not found
libksvideorendersdkjni.so,7,7,,not found
libgorgeous.so,7,7,,not found
libai_fmk_dnnacl.so,7,5,,not found
libtrace.so,7,3,,not found
libbasejni.so,7,6,,not found
libfacedetectcontext.so,7,7,,not found
libgrtn.so,7,2,,not found
libwsrtcsdk.so,7,2,,not found
libmodule_2D.so,7,3,,not found
libmodule_3D.so,7,3,,not found
libpecan.so,7,5,,not found
libdevicepersonasdkjni.so,7,6,,not found
libcpu-infov1.so,7,2,,not found
libmetadata_retriever.so,7,4,,not found
libffrecorder.so,7,4,,not found
libcainfilter.so,7,4,,not found
libvideoplayer.so,7,4,,not found
libmedia_player.so,7,4,,not found
libirdecode.so,7,1,,not found
libwb.so,7,3,,not found
libPluginAliAEC.so,7,2,,not found
liblynx_helium.so,7,2,,not found
libjpush205.so,7,2,,not found
libDeviceAPIQ.so,7,3,,not found
libDeviceAPIM.so,7,3,,not found
libomessco.so,7,1,,not found
libalgo_wrapper.so,7,4,,not found
libcardscanner.so,7,5,,not found
libsspe.so,7,5,,not found
liblasabus.so,7,2,,not found
libreact_codegen_RNPermissionsSpec.so,7,3,https://github.com/zoontek/react-native-permissions,true
libcolorpen.so,7,2,,not found
libjpegcompressjni.so,7,3,,not found
libquickjs-executor-release.so,7,6,,not found
libmet_defender.so,7,4,,not found
libcom.jd.lib.cart.so,7,7,,not found
libg3l_puller_shared.so,7,4,,not found
libcom.jd.lib.icssdk.so,7,6,,not found
libh3aoi.so,7,2,,not found
libba4e.so,7,2,,not found
libcrashsdk2.so,7,2,,not found
libmatrix-artmisc.so,7,5,,not found
liblrc_core.so,7,4,,not found
libSnpeHtpV68Stub.so,7,4,,not found
libSnpeHtpV75Stub.so,7,4,,not found
libartc_engine.so,7,7,,not found
libaudio_engine.so,7,5,,not found
libmotion_compress.so,7,1,,not found
libxbridge.so,7,4,,not found
libencrypt-lib.so,7,3,,not found
libSafeUtils.so,7,4,,not found
libprinter.so,7,3,,not found
libyycrashreport.so,7,6,,not found
libyyshellv2.so,7,7,,not found
libandroiditna.so,7,7,,not found
libnativeanr.so,7,5,,not found
libhydra.so,7,7,,not found
libbigoxlog.so,7,2,,not found
libnet.so,7,3,,not found
libvision_core.so,7,2,,not found
libNLEPresetJni.so,7,4,,not found
libcronet.131.0.6778.103.so,7,3,,not found
liblblur.so,7,7,,not found
libphoton_im_jni.so,7,4,,not found
libluajapi.so,7,5,,not found
libijklivesdl.so,7,7,,not found
libphoton_im.so,7,4,,not found
libmlnbridge.so,7,7,,not found
libevent.so,7,4,https://github.com/libevent/libevent,not sure
librn_lcp.so,7,2,,not found
librtn_common_turbo_module.so,7,2,,not found
libcm_jsexecutor.so,7,2,,not found
libjingle_peerconnection_so_tenc.so,7,4,,not found
libxyheif.so,7,5,,not found
libscalpel.so,7,4,,not found
libcronet.114.0.5735.38.so,7,5,,not found
libnativedump-thread.so,7,3,,not found
libxy_configcenter.so,7,3,,not found
libxy_experiment.so,7,5,,not found
libopen_hook.so,7,4,,not found
libnativedump-base-native.so,7,3,,not found
liblib_native_bridge.so,7,4,,not found
libxysponge_core.so,7,4,,not found
libweiboffmpeg.so,7,4,https://github.com/FFmpeg/FFmpeg,not sure
libplayerextend.so,7,4,,not found
libsmsdk_ld.so,7,1,,not found
libbdauthorization.so,7,2,,not found
libocrgvemaindetect.so,7,2,,not found
libnativeaudio.so,7,3,,not found
libpy-cv-numpycv.so,7,5,,not found
libbreak.so,7,2,,not found
libnative_utils.so,7,6,,not found
libjlaudio.so,7,4,,not found
libvenus2jni.so,7,4,,not found
libmv3_asmespliter.so,7,2,,not found
libipcsdk.so,7,5,,not found
libmcdn0.so,7,2,,not found
libglue.so,7,2,,not found
libmcdn1.so,7,2,,not found
libnetworkbase_v1.3.so,7,6,,not found
libProtobufLite.so,7,6,https://github.com/protocolbuffers/protobuf,not sure
libActivityRecog.so,7,2,,not found
libdetectionAndRecognition.so,7,3,,not found
liblwscJni.so,7,2,,not found
libve04.so,7,2,,not found
libaac.so,7,2,,not found
libsua.so,7,2,,not found
libwifiCheck.so,7,2,,not found
libgmeogg.so,7,3,,not found
libkwaiplayer_aio.so,7,4,,not found
libshella-4.6.4.7.so,7,1,,not found
libmp4recorder.so,7,2,,not found
libde265.so,7,3,,not found
libOMX.18.so,7,0,,not found
libOMX.14.so,7,0,,not found
libOMX.9.so,7,0,,not found
libtutk_yuv.so,7,3,,not found
libtdapisign.so,7,4,,not found
libEGL.so,7,6,,not found
libLiveness.so,7,2,,not found
libtsm-v2.so,7,2,,not found
libHbMedia_shared.so,7,2,,not found
libiperf.so,7,1,,not found
libditing_nativemonitor.so,7,1,,not found
libiperf_android.so,7,1,,not found
libapp_BaiduVIlib.so,7,2,,not found
libopus-lib.so,7,3,https://github.com/xiph/opus,not sure
libscancode.so,7,5,,not found
libcom_ycan_PDFLib.so,7,2,,not found
libtraceroute-lib.so,7,4,,not found
libfast-dump.so,7,3,,not found
libjdbankcard-jni.so,7,3,,not found
libsms_auth_library-1.0.4-log-online-release_alijtca_plus.so,7,2,,not found
libbusiness_module.so,7,5,,not found
libmeeting_dashboard_module.so,7,5,,not found
libexpo-gl.so,7,4,,not found
libijmcrypto.so,7,2,,not found
libsgsgmiddletierso-5.4.13.so,7,1,,not found
librime_jni.so,7,3,,not found
libgpequipment.so,7,4,,not found
libcanvas_component_base.so,7,3,,not found
libtask-record.so,7,6,,not found
libantcubewidget.so,7,6,,not found
libnative-dom.so,7,6,,not found
libexpar_jsi.so,7,3,,not found
libmpaas_teclability.so,7,4,,not found
libAPSE_1.9.41.so,7,4,,not found
libv8jsbridge_jsi.so,7,3,,not found
libBruteLinkerCore.so,7,3,,not found
libblox_jsi.so,7,3,,not found
libantcubekit.so,7,6,,not found
libantappwidget.so,7,6,,not found
libmpaas_cppbase.so,7,4,,not found
libcomponentService.so,7,5,,not found
libBruteLinkerShim.so,7,3,,not found
libBruteLinkerInitializerMain.so,7,3,,not found
libmpaas_teclability_interface.so,7,4,,not found
libcallserver.so,7,4,,not found
libSRRtcEngine.so,7,4,,not found
libhwcodec_ndk.so,7,4,,not found
libwvcm.so,7,2,,not found
libfundSecret.so,7,2,,not found
libNativeNoiseSupLong.so,7,1,,not found
libilbc-codec.so,7,4,,not found
libIpStack.so,7,1,,not found
libandroid-phone-mobilecommon-share_weibo.so,7,3,,not found
libmerged-bundles-res-56.so,7,4,,not found
libLSWifiConfig.so,7,5,,not found
libfacexlive.so,7,2,,not found
libkestrel_core.so,7,2,,not found
libdeps_kestrel_ppl.so,7,2,,not found
libkestrel.so,7,2,,not found
libkestrel_aux.so,7,2,,not found
libWebViewCore_3.22.2.51.220908200129_7z_uc.so,7,1,,not found
libgmssljni.so,7,5,,not found
libSeawayNDK.so,7,4,,not found
libsecondtoken.so,7,3,,not found
libhci_asr_local_ft_recog.so,7,4,,not found
libhci_asr_local_recog.so,7,4,,not found
libcw_beauty.so,7,1,,not found
libconvert-jni.so,7,4,,not found
libfras-jni.so,7,5,,not found
libtopnesa.so,7,2,,not found
libaudiomix.so,7,2,,not found
chaquopy.so,7,3,,not found
libsqlite3_chaquopy.so,7,3,https://github.com/sqlite/sqlite,not sure
libssl_chaquopy.so,7,3,,not found
libchaquopy_java.so,7,3,,not found
libcrypto_chaquopy.so,7,3,,not found
libhprofcrop.so,7,1,,not found
libzhanr.so,7,1,,not found
libzhcpu.so,7,1,,not found
libijkengine-gif4x.so,7,4,,not found
libijkmmengine4x.so,7,4,,not found
libijkeditor4x.so,7,4,,not found
libijkrecorder4x.so,7,4,,not found
libismis.so,7,4,,not found
libOrganismsJNI.so,7,5,,not found
libssidinteractive_liveness.so,7,4,,not found
libNativefp.so,7,2,,not found
libdlib_jni.so,7,4,,not found
libcardscan.so,7,2,,not found
libdvvcd.so,7,3,,not found
libByteAIDT.so,7,6,,not found
libhwui_hack.so,7,3,,not found
libnative_bitmap.so,7,2,,not found
libkscudo.so,7,3,,not found
libnative_bitmap_nougat.so,7,2,,not found
libio-detector.so,7,5,,not found
libETConverter.android.so,7,2,,not found
libEasyARPlayer.so,7,4,,not found
libmp3lame1.so,7,2,,not found
libdatabase_sqlcipher.so,7,0,https://github.com/sqlcipher/sqlcipher,not sure
libijmWhitebox.so,7,4,,not found
libffmpegjni.so,7,4,https://github.com/FFmpeg/FFmpeg,not sure
libmarsulog.so,7,3,,not found
libKKMusicFX.so,7,1,,not found
libface_detector.so,7,3,,not found
libe_sqlite3.so,7,4,,not found
libTranscode.so,7,3,,not found
libeffect_core.so,7,4,,not found
libDJIUpgradeJNI.so,7,5,,not found
libdjisqlcipher.so,7,3,https://github.com/sqlcipher/sqlcipher,not sure
libudt.so,7,4,,not found
librtcm.so,7,3,,not found
libartcm_jni.so,7,3,,not found
libFlyForbid.so,7,4,,not found
libGroudStation.so,7,4,,not found
libDJIUpgradeCore.so,7,5,,not found
libcoreMesh.so,7,4,,not found
libPVGColorFunctions.so,7,2,,not found
libmanis_npu_adapter.so,7,5,,not found
libTLYunSegment.so,7,5,,not found
libv++.so,7,4,,not found
libLuaScriptCore.so,7,5,,not found
libMediaConvert.so,7,3,,not found
libpboNative.so,7,4,,not found
libAHardwareBufferNative.so,7,4,,not found
libmemory-util-library.so,7,2,,not found
libcah13ad.so,7,1,,not found
libnelondk.so,7,2,,not found
libdmr2s8p.so,7,1,,not found
libkuru.so,7,4,,not found
libd74c45c.so,7,1,,not found
libturbojpeg3.so,7,1,https://github.com/libjpeg-turbo/libjpeg-turbo,not sure
libimageutils.so,7,4,,not found
libb612_glnativehelper.so,7,4,,not found
libdevice_auth.so,7,2,,not found
libVoiceBarcode.so,7,2,,not found
libmsquic.so,7,2,,not found
libsoundbird.so,7,4,,not found
libImouLog.so,7,5,,not found
libHsviewClient.so,7,5,,not found
libsupermethodutil.so,7,3,,not found
libwwadc.so,7,4,,not found
libSLCAec.so,7,3,,not found
libWebRtcNS.so,7,3,https://webrtc.googlesource.com/src/,not sure
libHME-Audio.so,7,5,,not found
libHME-Video.so,7,5,,not found
libsCHLT.so,7,3,,not found
libzprotect.so,7,1,,not found
libWebViewCore_3.22.2.30.211011154625_7z_uc.so,7,1,,not found
libIscJcryptApi.so,7,2,,not found
libCryptApi.so,7,2,,not found
libRedSdk.so,7,3,,not found
libAmazonIapV2Bridge.so,7,1,,not found
libsoda.so,7,6,,not found
libnative_safe.so,7,2,,not found
libxsycsclib.so,7,1,,not found
oppo_game_service_201802.so,7,0,,not found
libargon2.so,7,3,,not found
libreact_codegen_rnclipboard.so,7,3,https://github.com/react-native-clipboard/clipboard,true
libpseditor.so,7,2,,not found
libsignUtil.so,7,2,,not found
libNativeUtils.so,7,3,,not found
libocrframeprocessor.so,7,1,,not found
libembrace-native.so,7,3,,not found
libyasee.so,7,1,,not found
libgphoto2_port.so,7,3,,not found
libgphoto2.so,7,3,,not found
libjni_filtershow_filters.so,7,1,,not found
libjni_eglfence.so,7,1,,not found
libreactnativequickcrypto.so,7,3,,not found
libLiteCore.so,7,3,,not found
libsmssdk.so,7,2,,not found
libcroppy.so,7,4,,not found
libnbaiengine.so,7,2,,not found
libhs-bsdifflib.so,7,2,,not found
libjnismartconfig.so,7,3,,not found
libSKF.so,7,3,,not found
libSKFEngine.so,7,3,,not found
libcrypto_stub.so,7,3,,not found
libProxyModule.so,7,3,,not found
libInterFace.so,7,3,,not found
libSKFFileStore.so,7,3,,not found
libPKCS7.so,7,3,,not found
libcrypto_ex.so,7,3,,not found
libssl_ex.so,7,3,,not found
libKLUtils.so,7,3,,not found
libhook.so,7,3,,not found
libupdate-lib.so,7,4,,not found
libJIMToolKit.so,7,1,,not found
libzqcom.so,7,4,,not found
libzSdkCore.so,7,5,,not found
libwsecurity.so,7,3,,not found
libZdxlzSkfTf.so,7,3,,not found
libZdxlzSkfScm.so,7,2,,not found
libSeetaFaceAntiSpoofingX600_java.so,7,2,,not found
libSeetaFaceAntiSpoofingX600.so,7,2,,not found
libiportalcommon.so,7,3,,not found
libswcrypto.so,7,2,,not found
libNeDeepGuard.so,7,2,,not found
libwk-license-native-lib.so,7,2,,not found
libnsfocus.so,7,3,,not found
libdewlt-jni.so,7,1,,not found
libamProtocolJni.so,7,3,,not found
libamProtocolJni_2.2.so,7,3,,not found
libiActiveIMJni.so,7,2,,not found
libcmsn.so,7,3,,not found
libecg-lib.so,7,2,,not found
libDPSStream.so,7,3,,not found
libYTLipReader.so,7,3,,not found
libmssilk.so,7,4,,not found
libhy_api.so,7,1,,not found
libreact_mr2.so,7,1,https://github.com/facebook/react-native,not sure
libreact_ocr.so,7,1,https://github.com/facebook/react-native,not sure
libreact_time.so,7,1,https://github.com/facebook/react-native,not sure
libAMapSDK_MAP_v7_0_0.so,7,1,https://github.com/amapapi/Android_3D_Demo,not sure
libAMapSDK_NAVI_v10_1_111.so,7,1,https://github.com/amapapi/Android_3D_Demo,not sure
libAMapSDK_NAVI_v10_1_500.so,7,2,https://github.com/amapapi/Android_3D_Demo,not sure
libAMapSDK_NAVI_v10_5_2.so,7,2,https://github.com/amapapi/Android_3D_Demo,not sure
libAMapSDK_NAVI_v7_5_0.so,7,1,https://github.com/amapapi/Android_3D_Demo,not sure
libAMapSDK_NAVI_v9_6_0.so,7,3,https://github.com/amapapi/Android_3D_Demo,not sure
libBaiduMapSDK_base_v4_3_0.so,7,1,,not found
libBaiduMapSDK_base_v5_3_0.so,7,2,,not found
libBaiduMapSDK_map_for_bikenavi_v7_4_2.so,7,2,,not found
libBaiduMapSDK_map_for_bikenavi_v7_6_0.so,7,2,,not found
libBaiduMapSDK_map_for_bikenavi_v7_6_2.so,7,2,,not found
libBaiduMapSDK_map_for_navi_v7_5_4.so,7,2,,not found
libBaiduMapSDK_map_v4_3_0.so,7,1,,not found
libBaiduMapSDK_map_v5_3_0.so,7,2,,not found
libBugly-tmsdk.so,7,3,https://github.com/BuglyDevTeam/Bugly-Android-Demo,not sure
libDXRisk-5.7.1.so,7,2,,not found
libDXRiskComm-5.7.1.so,7,2,,not found
libPolyvAudio.so,7,2,https://github.com/polyv/polyv-android-media-player-sdk-demo,not sure
libZegoAVKit.so,7,3,https://github.com/zegoim/zego-express-example-faceunity,not sure
libZegoLiveRoomCopyrightedMusicPlugin.so,7,4,https://github.com/zegoim/zego-express-example-faceunity,not sure
libauth_number_product-2.12.1.4-log-online-standard-release_alijtca_plus.so,7,2,,not found
libbaiduprotect_sdk-d950582c8e368bd2306fdf5da8f08545ff5b68c7.so,7,3,,not found
libjcore257.so,7,1,https://github.com/jpush/android-push-example,not sure
libpns-1.2.6-OnlineRelease_alijtca_plus.so,7,1,,not found
libpns-2.12.13.1-LogOnlineStandardCuxwRelease_alijtca_plus.so,7,2,,not found
libpns-9.7.19-LogOnlineV9CuumRelease_alijtca_plus.so,7,1,,not found
libsgmainso-5.4.191.so,7,1,https://github.com/sgInnora/alipay-securityguard-analysis,not sure
libsgmainso-5.4.193.so,7,1,https://github.com/sgInnora/alipay-securityguard-analysis,not sure
libsgmainso-6.7.251102.so,7,1,https://github.com/sgInnora/alipay-securityguard-analysis,not sure
libsgsecuritybodyso-5.4.109.so,7,1,https://github.com/sgInnora/alipay-securityguard-analysis,not sure
libsgsecuritybodyso-5.4.110.so,7,1,https://github.com/sgInnora/alipay-securityguard-analysis,not sure
libsgsecuritybodyso-5.4.112.so,7,1,https://github.com/sgInnora/alipay-securityguard-analysis,not sure
libtbs.libtbsbeaconid.so.so,7,2,https://github.com/TencentBrowsingService/TBS_SDK,not sure
libDBYSdk.so,6,3,,not found
libdbyAudioUtil.so,6,2,,not found
libijksdlqxc.so,6,1,,not found
libijkplayerqxc.so,6,1,,not found
libijkffmpegqxc.so,6,1,https://github.com/FFmpeg/FFmpeg,not sure
libjingle_qxcpeerconnection_so.so,6,1,,not found
libqxcnative-lib.so,6,1,,not found
libnativelibqz.so,6,2,,not found
libnative-polyv.so,6,2,,not found
liboimcore.so,6,2,,not found
libccmedia.so,6,3,,not found
libcloud_rtc.so,6,3,,not found
libcloud_rtc-jni.so,6,3,,not found
libavengine.so,6,3,,not found
libtechedux-player-sdl.so,6,3,,not found
libtechedux-player-soundtouch.so,6,3,https://codeberg.org/soundtouch/soundtouch,not sure
libplugin_media_message.so,6,3,,not found
libtechedux-player-main.so,6,3,,not found
libaudio-component.so,6,3,,not found
libtechedux-player-ffmpeg.so,6,3,https://github.com/FFmpeg/FFmpeg,not sure
libccwpainter.so,6,3,,not found
libocsdecrypt.so,6,3,,not found
libe48105182_v1049_aee.so,6,3,,not found
libvideoprp.so,6,3,,not found
libFaceLivenessOpen-release_alijtca_plus.so,6,3,,not found
libnotificationmanager.so,6,4,,not found
librequest.so,6,4,,not found
libi18n.so,6,4,,not found
libanimator.so,6,3,,not found
libsoftokn3.so,6,5,,not found
libnss3.so,6,5,,not found
libnssckbi.so,6,5,,not found
libfreebl3.so,6,5,,not found
libGoldSheldClient.so,6,1,,not found
liboqs.so,6,3,,not found
libAESUtils.so,6,2,,not found
libS.so,6,2,,not found
libaudiomessage-jni.so,6,0,,not found
libSrSerialPort.so,6,2,,not found
libemv.so,6,2,,not found
libserialPortReader.so,6,2,,not found
libcom.jd.lib.address.so,6,6,,not found
libdynamic_math.so,6,2,,not found
libjdDynamic.so,6,3,,not found
libcom.jd.lib.search.so,6,6,,not found
libnxp-lib.so,6,2,,not found
libvehicle-native-lib.so,6,2,,not found
libp2a_client.so,6,2,,not found
libapie.so,6,1,,not found
libPcm2AAC.so,6,3,,not found
libAAC2Pcm.so,6,3,,not found
libaffineTransform.so,6,1,,not found
libche300_crypt.so,6,3,,not found
libdecode10017212c680.so,6,2,,not found
libswappywrapper.so,6,5,,not found
liborayinput_agent5.so,6,3,,not found
libMediaSDK.so,6,5,,not found
libmediautil.so,6,2,,not found
libbass_fx.so,6,1,,not found
libreact_codegen_rnskia.so,6,3,https://github.com/Shopify/react-native-skia,true
libLICENSE.so,6,2,,not found
libu51security.so,6,3,,not found
libdevicefingerprint-lib.so,6,1,,not found
libgav1JNI.so,6,2,,not found
libFALurkingDog.so,6,3,,not found
libvlyoga.so,6,4,,not found
libfd_core.so,6,3,,not found
libLencryption.so,6,2,,not found
libstdredi.so,6,2,,not found
libmv3_videorenderer_nw.so,6,3,,not found
libmv3_jni.so,6,3,,not found
librtmp_jni.so,6,2,,not found
libnative-ytlib.so,6,2,,not found
libYTCommonSVP.so,6,2,,not found
libjniswscale.so,6,5,,not found
libjniavutil.so,6,5,,not found
libjniavcodec.so,6,5,,not found
libjniavfilter.so,6,5,,not found
libjniswresample.so,6,5,,not found
libjniavformat.so,6,5,,not found
libgpc.so,6,1,,not found
libchangeVoice.so,6,3,,not found
libttmpaflns.so,6,2,,not found
libqm_adstatistic.so,6,2,,not found
libooo_x_lxng.so,6,2,,not found
libtprt.so,6,4,,not found
libtdmqimei.so,6,3,,not found
libBlueDoveMediaRender.so,6,3,,not found
libmidifile.so,6,1,,not found
libaudiocodec.so,6,3,,not found
libali_tvsharelib.so,6,4,,not found
libhevcdec.so,6,2,,not found
libmgabiname.so,6,1,,not found
libmgproxy.so,6,4,,not found
libjvmp.so,6,3,,not found
libopus_utils.so,6,2,https://github.com/xiph/opus,not sure
libJVSCODEC.so,6,3,,not found
libjvplay.so,6,3,,not found
liboct_mem.so,6,3,,not found
libnetdect.so,6,3,,not found
libholosens_player_sdk.so,6,3,,not found
libJVideoOut.so,6,3,,not found
libopenshare.so,6,2,,not found
libhijson.so,6,4,,not found
libhimalloc.so,6,4,,not found
libhiconnect_jni.so,6,4,,not found
libhiconnect.so,6,4,,not found
libsecurities.so,6,5,,not found
libCrashSight.so,6,4,,not found
libnetwork-sign.so,6,3,,not found
libaaudioplayer.so,6,2,,not found
libmediainfo.so,6,2,,not found
libHuaweiCloudPlayer.so,6,2,,not found
libBdOEMAlgo_V1_0.so,6,2,,not found
libowabl.so,6,2,,not found
libpowerplayer.so,6,5,,not found
libkpwebrtc.so,6,6,https://webrtc.googlesource.com/src/,not sure
libkwai-crypto.so,6,3,,not found
libkwai-curl.so,6,3,,not found
libkwai-ssl.so,6,3,,not found
libaudioplugin.so,6,6,,not found
libggwave.so,6,1,,not found
libVideoPlayer.so,6,1,,not found
libggw-cpp.so,6,1,,not found
libzoom_image_engine.so,6,1,,not found
libdolby_n.so,6,4,,not found
libdolbyottcontrol.so,6,2,,not found
libWatermarkingproce.so,6,1,,not found
libIQAE.so,6,5,,not found
libtag.so,6,3,,not found
libekey_decrypt.so,6,3,,not found
libloudnessInsurer.so,6,5,,not found
libfd_event.so,6,5,,not found
libaudioecho.so,6,2,,not found
libffmpeg.mx.so,6,2,https://github.com/FFmpeg/FFmpeg,not sure
libmp4Record.so,6,2,,not found
libppbox_jni.so,6,4,,not found
libMediaStation.so,6,4,,not found
liblibusbcom.so,6,4,,not found
libdiff.so,6,4,,not found
libqyboxalign.so,6,2,,not found
libmonalisa-v5.so,6,3,,not found
libopqplayer.so,6,3,,not found
libstentorplugin.so,6,6,,not found
libkrtcengine.so,6,5,,not found
libreactmarker.so,6,4,,not found
libcustomplugin.so,6,6,,not found
libykit_module.so,6,5,,not found
libhta.so,6,2,,not found
libykit_plugin.so,6,6,,not found
libQBarMod.so,6,3,,not found
libsearch.so,6,4,,not found
libNewMediaProcessor.so,6,2,,not found
libdva-dex2oat.so,6,3,,not found
libthread_sched.so,6,5,,not found
libchat.so,6,2,,not found
libroom.so,6,2,,not found
libjnispeex.so,6,4,,not found
libmgasn.so,6,3,,not found
libsafe-mode-native-lib.so,6,2,,not found
liboboeplayer.so,6,3,,not found
librealsing-core.so,6,6,,not found
libconfig.so,6,2,,not found
libtbt3631.so,6,0,,not found
libaltriax-launcher-restriction-by-pass.so,6,3,,not found
libdecode100150f86400.so,6,1,,not found
libfaceeffect.so,6,5,,not found
libmtshadow.so,6,3,,not found
libmetrics_shadowhook.so,6,4,,not found
libIMGPROCUtils.so,6,4,,not found
libmds.so,6,4,,not found
libgram.so,6,4,,not found
libvprint.so,6,4,,not found
libcntts.so,6,4,,not found
libasrpp.so,6,4,,not found
libasr.so,6,4,,not found
libchs-native.so,6,2,,not found
libttyuv.so,6,3,,not found
libjoyjs.so,6,4,,not found
libjdbitmapkit.so,6,2,,not found
libidssNative.so,6,1,,not found
libbugreport.so,6,2,,not found
libyumc_android_secure_encryption.so,6,1,,not found
libbsdiff-jni.so,6,3,,not found
libniimbot_canvas_image.so,6,3,,not found
libskia.so,6,3,,not found
libfloo.so,6,2,,not found
libwxfast.so,6,1,,not found
libbctun2socks.so,6,1,,not found
libdfenvcheck209.so,6,3,,not found
libhta_hexagon_runtime_snpe.so,6,4,,not found
libSnpeDspV66Stub.so,6,4,,not found
libMarvelJni.so,6,5,,not found
libSnpeHtpV68CalculatorStub.so,6,3,,not found
libmodelcrypto.so,6,3,,not found
libSnpeHtpV75CalculatorStub.so,6,3,,not found
libSnpeHtpV69CalculatorStub.so,6,3,,not found
libSnpeHtpV73CalculatorStub.so,6,3,,not found
libtestJNI.so,6,3,,not found
libtronav.so,6,4,,not found
libdyncommon.so,6,2,,not found
libpapmCommon.so,6,3,,not found
libttmaudioprocess.so,6,3,,not found
libvoip.so,6,3,,not found
libjnativehook.so,6,3,,not found
libfeasycom.so,6,4,,not found
libtbdecode.so,6,3,,not found
libpcm2mp3.so,6,2,,not found
libultron.so,6,5,,not found
libkaliumjni.so,6,1,,not found
libquickjs_abtest.so,6,3,,not found
libw_ivwgram.so,6,1,,not found
libmdnative.so,6,3,,not found
libaliuhook.so,6,3,,not found
libkvk.so,6,2,,not found
libmeta_doc.so,6,2,,not found
libduHA.so,6,3,,not found
libnetwork-diagnose.so,6,3,,not found
libdu_mediacache.so,6,3,,not found
libduhook.so,6,3,,not found
libkbArt.so,6,3,,not found
libduplayer.so,6,3,,not found
libdewuffmpeg.so,6,2,https://github.com/FFmpeg/FFmpeg,not sure
libdulog.so,6,3,,not found
liboaid_crash_fixer_so_loader.so,6,3,,not found
libdewuhelper.so,6,3,,not found
libfdsan.so,6,4,,not found
libface_detection.so,6,3,,not found
libyylinker.so,6,4,,not found
libyydec265.so,6,4,,not found
libtlsWrapper_android.so,6,1,,not found
libbigonnv2.so,6,1,,not found
libnerv_android.so,6,1,,not found
libbigo_mmkv.so,6,1,,not found
libflutter_jank.so,6,1,,not found
libnewaudio.so,6,1,,not found
libgoosesdk.so,6,1,,not found
libheap_dumper.so,6,1,,not found
libbigoaudiocodeccommon.so,6,1,,not found
libbigocrash.so,6,1,,not found
libreflection.so,6,1,,not found
libautotoucher.so,6,1,,not found
liblocalaudiosdk.so,6,1,,not found
libbigoaudioalgo.so,6,1,,not found
libbigoaudiocodec.so,6,1,,not found
libbigoaudiorecorder.so,6,1,,not found
libyyutil.so,6,1,,not found
libbapeBridge.so,6,1,,not found
libyycommonlib.so,6,1,,not found
libcrashhook.so,6,1,,not found
libbigocrash_dumper.so,6,1,,not found
libRecorderSdk.so,6,1,,not found
libbapeMobile.so,6,1,,not found
libchunklink.so,6,1,,not found
libyycommonlib-audio.so,6,1,,not found
libexchangekey.so,6,1,,not found
libplugin-cpu.so,6,1,,not found
libthea.so,6,1,,not found
libbigocrash_helper.so,6,1,,not found
libaudiosdk.so,6,1,,not found
libbigoaudioplayer.so,6,1,,not found
libNativeUtil.so,6,3,,not found
libnmmp.so,6,5,,not found
libCutSameConsumerJni.so,6,3,,not found
libEffectEditorABTestJni.so,6,2,,not found
libILAMaterialSDK.so,6,4,,not found
libCutSameJni.so,6,3,,not found
libbarcode.so,6,2,,not found
libmediapro.so,6,3,,not found
libwb3dmodel.so,6,3,,not found
libxegiftplayer.so,6,5,,not found
libxeengine.so,6,5,,not found
libunitrace_dumper.so,6,3,,not found
libappdump_core.so,6,3,,not found
libnativedump-jni.so,6,3,,not found
libxyyoga.so,6,4,,not found
libxyhttpdns.so,6,4,,not found
libheif-encoder.so,6,3,,not found
libantplayerinf-2.0.so,6,3,,not found
libmediadecoder.so,6,4,,not found
libwpadata.so,6,3,,not found
libwsDataEncryption_AZAPP_arm64.so,6,0,,not found
libwsDataEncryption_AZAPP_x86_64.so,6,0,,not found
libwcvcodec.so,6,3,,not found
libcrypt2.so,6,2,,not found
libcpp.so,6,5,,not found
libmagic_brush_zidl.so,6,4,,not found
libpoison.so,6,6,,not found
libcodecwrapperV2.so,6,2,,not found
libhmov.so,6,1,,not found
libjniutil.so,6,3,,not found
libsnappy.so,6,2,https://github.com/google/snappy,not sure
libqhappfactory.so,6,3,,not found
libqhappmap.so,6,3,,not found
libhorae.so,6,5,,not found
libstrace_perfetto.so,6,5,,not found
libstrace.so,6,5,,not found
librtcsdk.so,6,4,,not found
libtrtcjni.so,6,1,,not found
libAeTimeline.so,6,5,,not found
libNeFace.so,6,5,,not found
libjmc.so,6,2,,not found
libJDEC05.so,6,2,,not found
libJVSMPSDK.so,6,3,,not found
libjvplayer.so,6,3,,not found
libsign-lib.so,6,3,,not found
libmysign.so,6,3,,not found
libAppCenterBreakpad.so,6,3,,not found
libcronet.119.0.6045.214.so,6,5,,not found
libunit_rc.so,6,4,,not found
libzidl2.so,6,5,,not found
libddbitmaps.so,6,1,,not found
libddmemchunk.so,6,1,,not found
libwb_filter_sdk.so,6,1,,not found
libPatchLibrary.so,6,1,,not found
libetconverter.so,6,3,,not found
libJAAud.so,6,3,,not found
libanyka-fishEye.so,6,1,,not found
libglog2.so,6,1,,not found
libv2ray.so,6,2,,not found
libWeliLib.so,6,3,,not found
libduiitn.so,6,4,,not found
libecho.so,6,4,,not found
libmylib.so,6,2,,not found
liblibiconv.so,6,4,,not found
libplatinum-jni.so,6,4,,not found
libble.so,6,3,,not found
libGMediaFramework.so,6,3,,not found
libwavcoder.so,6,4,,not found
libdimina-j2v8.so,6,3,,not found
libprotection.so,6,2,,not found
libGPCam.so,6,2,,not found
libnllvm1765435704009.so,6,2,,not found
libliveness_android.so,6,1,,not found
libfaceutils.so,6,1,,not found
liblaffe.so,6,2,,not found
libAREngine.so,6,5,,not found
libFaceIdentification.so,6,2,,not found
libllvision_qr_scanner.so,6,2,,not found
libhll_anti_debug.so,6,2,,not found
libneonuijni_mit_public.so,6,3,,not found
libbds.so,6,0,,not found
libdrivewatch.so,6,2,,not found
libvrsr.so,6,2,,not found
libsafexorg.so,6,1,,not found
libndkCameraorg.so,6,1,,not found
libcsgface3org.so,6,1,,not found
libFaceActionFmpJniorg.so,6,1,,not found
libhwffmpeg.so,6,3,https://github.com/FFmpeg/FFmpeg,not sure
libmp4Parser-lib.so,6,3,,not found
libcomenvspy.so,6,3,,not found
libcomexcepcatchutil.so,6,1,,not found
libbd_wsp_v1_0.so,6,3,,not found
libhll-secure.so,6,1,,not found
libtosbsdk.so,6,1,,not found
libyqad.so,6,2,,not found
libWifiCheck.so,6,3,,not found
libAudioCapture.so,6,3,,not found
libcipher-lib.so,6,2,,not found
libvmsdk2.so,6,2,,not found
librelease_sig.so,6,3,,not found
libcjtfcc.so,6,4,,not found
libstrip-dump.so,6,2,,not found
libagent-android-base.so,6,2,,not found
libmonitor_crash.so,6,3,,not found
libcrash_dumper.so,6,3,,not found
libagent_xhook_lib.so,6,2,,not found
libtb_crypto.so,6,3,,not found
libtb_ssl.so,6,2,,not found
libec_pdp_perf.so,6,1,,not found
libkryptoni18n.so,6,1,,not found
libeasyjni.so,6,1,,not found
libeiu-bspatch.so,6,3,,not found
libMNN_android64.so,6,1,,not found
liboperating_activities_module.so,6,4,,not found
libbuilt_in_apps_group.so,6,4,,not found
libinmeeting_group.so,6,4,,not found
libmiscx_group.so,6,4,,not found
libcooperation_group.so,6,4,,not found
librooms_controller_module.so,6,4,,not found
libmeetlog_entrance_group.so,6,4,,not found
libquick_record_module.so,6,4,,not found
libscan_qrcode_module.so,6,4,,not found
libqr_entrance_module.so,6,4,,not found
libconvert_tmr_module.so,6,4,,not found
libhome_group.so,6,4,,not found
libmeetlog_group.so,6,4,,not found
librelationship_group.so,6,4,,not found
libafter_meeting_module.so,6,4,,not found
libdolphin.so,6,4,,not found
libCdnAuthSdk.so,6,4,,not found
libtbc.so,6,3,,not found
libzhysm4.so,6,1,,not found
libGtjaCommon.so,6,4,,not found
libgtjautil.so,6,2,,not found
libjdwakeup.so,6,2,,not found
libais.so,6,3,,not found
libdatapabr.so,6,3,,not found
libdtxadaptor.so,6,5,,not found
libant-3a-audio-process.so,6,5,,not found
libiot-security-kernel.so,6,6,,not found
libandroid-phone-wallet-tracedebug.so,6,6,,not found
libtoyger_doc.so,6,3,,not found
libdtxteec.so,6,5,,not found
libncsBiz.so,6,4,,not found
libncsApi.so,6,3,,not found
libmultiplatform-phone-myjsi.so,6,5,,not found
libncsInvoker.so,6,4,,not found
libantsp.so,6,6,,not found
libandroid-phone-perf-dynamictrigger.so,6,6,,not found
libmarsnative_video.so,6,4,,not found
libnative-cardng.so,6,5,,not found
libnllvm1623735669.so,6,2,,not found
libtmjsnxjni.so,6,1,,not found
libftencrypt.so,6,1,,not found
libautoIdentify.so,6,2,,not found
libautoAccessibility.so,6,1,,not found
libtflite-android-mnn.so,6,1,,not found
libnllvm1630571663641560568.so,6,2,,not found
librive_native.so,6,2,,not found
libshahaiCrypto.so,6,2,,not found
libslotapi-kb.so,6,3,,not found
libNativeCrypto.so,6,1,,not found
libmp3recorder.so,6,3,,not found
libl2ind2-jni.so,6,3,,not found
libCommonSe.so,6,1,,not found
libupload-balance.so,6,2,,not found
libHTCipher.so,6,2,,not found
libhtcerttest.so,6,2,,not found
libhtcert.so,6,2,,not found
libjnideskey.so,6,2,,not found
libAppVerify.so,6,2,,not found
libemblur.so,6,3,,not found
libzstd-jni-1.5.6-6.so,6,1,https://github.com/luben/zstd-jni,not sure
libssllib.so,6,3,,not found
libdataabc.so,6,3,,not found
libNXYBank_ES.so,6,2,,not found
libiProtectBEEB.so,6,2,,not found
libiProtectKSRCB.so,6,1,,not found
libhexinf.so,6,1,,not found
libthsShellf.so,6,3,,not found
libyiqianbao.so,6,2,,not found
libMobileShield.so,6,1,,not found
libsqlcipher_4.1.3_nt.so,6,1,https://github.com/sqlcipher/sqlcipher,not sure
libmp-securitycomponent.so,6,2,,not found
_struct.so,6,2,,not found
math.so,6,2,,not found
zlib.so,6,2,,not found
binascii.so,6,2,,not found
mmap.so,6,2,,not found
_datetime.so,6,2,,not found
_ctypes.so,6,2,,not found
libpaddle_light_api_shared_vis_card.so,6,1,,not found
libbaidu_util.so,6,2,,not found
libmfproducts4x.so,6,4,,not found
libzrtc.so,6,4,,not found
libmpaas_antdlog_service.so,6,3,,not found
libtztZZStockMarket.so,6,3,,not found
libTechIndex.so,6,2,,not found
libandroid-phone-wallet-aompfilemanager.so,6,4,,not found
libEasyRTSPClient.so,6,4,,not found
libxiaoyuhost.so,6,5,,not found
libxiaoyu.so,6,4,,not found
libHHsdk.so,6,0,,not found
libocrgveidcardidentify.so,6,2,,not found
libocrgveidcardqjudgment.so,6,1,,not found
libMNN_NPU.so,6,1,,not found
librender.so,6,2,,not found
libPGSkinPrettifyEngine.so,6,1,,not found
libgc-suppress.so,6,5,,not found
libbili_core_dumper.so,6,1,,not found
libignet.so,6,5,,not found
libblog.so,6,2,,not found
libbiliid.so,6,1,,not found
libdynamicengine.so,6,3,,not found
libbreflect.so,6,1,,not found
libbili_core.so,6,5,,not found
libijkDolbyVision.so,6,2,,not found
libijkffext.so,6,5,,not found
libbili.so,6,2,,not found
libcollect_hook.so,6,1,,not found
libnuwa.so,6,2,,not found
libcommon-logic.so,6,1,,not found
libdragon_crypt.so,6,1,,not found
libdecrepit.so,6,3,,not found
libstability-action-change.so,6,3,,not found
libkswebview-middleware.so,6,2,,not found
libmgRun_07.10.30_01.so,6,1,,not found
libFaceQC.so,6,1,,not found
libscan.so,6,2,,not found
libsecretkey-lib.so,6,1,,not found
libNativeReader.so,6,1,,not found
libjpush210.so,6,2,,not found
libebook.so,6,4,,not found
libcomm_lib.so,6,3,,not found
libhotfix-opt.so,6,1,,not found
libsqlcipher_android.so,6,0,https://github.com/sqlcipher/sqlcipher,not sure
libForumPwd.so,6,1,,not found
libReadPwd.so,6,1,,not found
libEncryptionPwd.so,6,1,,not found
libjd_auth.so,6,3,,not found
libNetEncrypt.so,6,2,,not found
libbaseLib.so,6,2,,not found
libsilent_liveness_fortified.so,6,2,,not found
libmarkikpvd-android.so,6,3,,not found
libvenusjni.so,6,1,,not found
libskycore.so,6,3,,not found
libposemnn.so,6,3,,not found
libnative-isay-auth.so,6,1,,not found
libfile_recorder.so,6,5,,not found
libwyuv-decoder.so,6,6,,not found
libMyJniUtil.so,6,1,,not found
libEDSDKCore.so,6,2,,not found
libimagelink.so,6,1,,not found
libCHHLLite.so,6,1,,not found
libCKB.so,6,1,,not found
libimagelinkjni.so,6,1,,not found
libic_hevcdec.so,6,1,,not found
libxInline_compat.so,6,2,,not found
libDroidPluginEngineProtected.so,6,5,,not found
libxInline.so,6,2,,not found
libdocker-jni-1.5_compat.so,6,5,,not found
libdocker-jni-1.5.so,6,5,,not found
libsew.so,6,2,,not found
libUpgradeVerify.so,6,3,,not found
libudtjni.so,6,3,,not found
libdjivideo.so,6,3,,not found
libSDKRelativeJNI.so,6,3,,not found
libstitcher.so,6,2,,not found
libnet_matrix.so,6,3,,not found
libVisionSDKPixel.so,6,4,,not found
libnewstartmap.so,6,2,,not found
libzwoNova.so,6,2,,not found
libof_frame.so,6,3,,not found
libble_mesh_lib.so,6,2,,not found
libaom.so,6,2,,not found
libopencv_bgsegm.so,6,2,https://github.com/opencv/opencv,not sure
libjniopencv_img_hash.so,6,2,https://github.com/opencv/opencv,not sure
libjniopencv_dnn.so,6,2,https://github.com/opencv/opencv,not sure
libopencv_tracking.so,6,2,https://github.com/opencv/opencv,not sure
libopencv_stitching.so,6,2,https://github.com/opencv/opencv,not sure
libjniopencv_structured_light.so,6,2,https://github.com/opencv/opencv,not sure
libjniopencv_aruco.so,6,2,https://github.com/opencv/opencv,not sure
libjniopencv_optflow.so,6,2,https://github.com/opencv/opencv,not sure
libjniopencv_photo.so,6,2,https://github.com/opencv/opencv,not sure
libjniopencv_plot.so,6,2,https://github.com/opencv/opencv,not sure
libopencv_text.so,6,2,https://github.com/opencv/opencv,not sure
libjniopencv_superres.so,6,2,https://github.com/opencv/opencv,not sure
libopencv_saliency.so,6,2,https://github.com/opencv/opencv,not sure
libjniopencv_java.so,6,2,https://github.com/opencv/opencv,not sure
libjniopencv_shape.so,6,2,https://github.com/opencv/opencv,not sure
libjniopencv_saliency.so,6,2,https://github.com/opencv/opencv,not sure
libjniopencv_video.so,6,2,https://github.com/opencv/opencv,not sure
libjniopencv_xfeatures2d.so,6,2,https://github.com/opencv/opencv,not sure
libjniopencv_core.so,6,2,https://github.com/opencv/opencv,not sure
libopencv_img_hash.so,6,2,https://github.com/opencv/opencv,not sure
libjniopencv_ml.so,6,2,https://github.com/opencv/opencv,not sure
libopencv_aruco.so,6,2,https://github.com/opencv/opencv,not sure
libjniopencv_videoio.so,6,2,https://github.com/opencv/opencv,not sure
libopencv_xfeatures2d.so,6,2,https://github.com/opencv/opencv,not sure
libjnicvkernels.so,6,2,,not found
libjniopencv_calib3d.so,6,2,https://github.com/opencv/opencv,not sure
libopencv_structured_light.so,6,2,https://github.com/opencv/opencv,not sure
libjniopencv_stitching.so,6,2,https://github.com/opencv/opencv,not sure
libjniopencv_highgui.so,6,2,https://github.com/opencv/opencv,not sure
libjniopencv_text.so,6,2,https://github.com/opencv/opencv,not sure
libjniopencv_imgproc.so,6,2,https://github.com/opencv/opencv,not sure
libopencv_optflow.so,6,2,https://github.com/opencv/opencv,not sure
libopencv_face.so,6,2,https://github.com/opencv/opencv,not sure
libjniopencv_ximgproc.so,6,2,https://github.com/opencv/opencv,not sure
libjniopencv_xphoto.so,6,2,https://github.com/opencv/opencv,not sure
libopencv_plot.so,6,2,https://github.com/opencv/opencv,not sure
libopencv_videostab.so,6,2,https://github.com/opencv/opencv,not sure
libjniopencv_tracking.so,6,2,https://github.com/opencv/opencv,not sure
libjniopencv_phase_unwrapping.so,6,2,https://github.com/opencv/opencv,not sure
libopencv_bioinspired.so,6,2,https://github.com/opencv/opencv,not sure
libopencv_xphoto.so,6,2,https://github.com/opencv/opencv,not sure
libopencv_superres.so,6,2,https://github.com/opencv/opencv,not sure
libjniopencv_bioinspired.so,6,2,https://github.com/opencv/opencv,not sure
libopencv_phase_unwrapping.so,6,2,https://github.com/opencv/opencv,not sure
libjniopencv_flann.so,6,2,https://github.com/opencv/opencv,not sure
libopencv_ml.so,6,2,https://github.com/opencv/opencv,not sure
libjniopencv_features2d.so,6,2,https://github.com/opencv/opencv,not sure
libjniopencv_objdetect.so,6,2,https://github.com/opencv/opencv,not sure
libjniopencv_videostab.so,6,2,https://github.com/opencv/opencv,not sure
libjniopencv_bgsegm.so,6,2,https://github.com/opencv/opencv,not sure
libopencv_shape.so,6,2,https://github.com/opencv/opencv,not sure
libopencv_ximgproc.so,6,2,https://github.com/opencv/opencv,not sure
libjniopencv_face.so,6,2,https://github.com/opencv/opencv,not sure
libjniopencv_imgcodecs.so,6,2,https://github.com/opencv/opencv,not sure
libfyauth.so,6,3,,not found
libfystitcher.so,6,3,,not found
libAIPalette.so,6,3,,not found
libsonicjni.so,6,3,,not found
libyuv_util.so,6,4,,not found
libwallpaper-native.so,6,1,,not found
libthird_party_abseil-cpp_absl.cr.so,6,2,,not found
libMMKVCore.so,6,2,,not found
libofflinepackage.so,6,2,,not found
libAppLibs.so,6,3,,not found
libTPMediaKit.so,6,3,,not found
libtppipemanager.so,6,3,,not found
libtpalbumimplmodule.so,6,3,,not found
libNetworkUtil.so,6,3,,not found
libtpdatastatistics.so,6,3,,not found
libpdfengine.so,6,3,,not found
libmqtt.so,6,2,,not found
libxbar_encoder.so,6,2,,not found
libSync.so,6,1,,not found
libturingqps.so,6,2,,not found
libmedia3ext.so,6,2,,not found
librtlive.so,6,3,,not found
libunet.so,6,5,,not found
libsamurai.so,6,3,,not found
libunet_plugin.so,6,6,,not found
libhelp.so,6,2,,not found
libbase64.so,6,2,,not found
libadb.so,6,3,,not found
libnative_helper.so,6,2,,not found
libQnnHtpV69Skel.so,6,2,,not found
libQnnHtpV68Skel.so,6,2,,not found
libQnnHtpV73Skel.so,6,2,,not found
libQnnHtpV75Skel.so,6,2,,not found
libQnnHtpV79Stub.so,6,4,,not found
libbase.so,6,4,,not found
libantpng.so,6,2,,not found
liboplus_conscrypt_jni.so,6,1,,not found
libjniLib.so,6,2,,not found
libimg_proc_core.so,6,2,,not found
libmmj_img_alg_core.so,6,2,,not found
libonvif.so,6,4,,not found
libFTOTPMobileApi.so,6,3,,not found
libNDKUtil.so,6,1,,not found
libformula.so,6,2,,not found
libDDYSDecode.so,6,1,,not found
libirc_unity_universal.so,6,2,,not found
libctrts.so,6,2,,not found
libsdnkit.so,6,1,,not found
libasrlib.so,6,2,,not found
liblibrary.so,6,3,,not found
libopencvforunity.so,6,4,https://github.com/opencv/opencv,not sure
libHello.so,6,3,,not found
librtmq_push.so,6,3,,not found
librtmq_base.so,6,3,,not found
liblayaair.so,6,2,,not found
libciphertiku.so,6,2,,not found
libsrtp2.so,6,3,,not found
libpocketsphinx_jni.so,6,4,,not found
libLiveHxPlatformNative.so,6,1,,not found
libLiveHxNative.so,6,1,,not found
libnetseckit-4.2.4.so,6,1,,not found
libzm-logan.so,6,2,,not found
libaudioenc.so,6,2,,not found
libreaderex.so,6,3,,not found
libzy_fp_detection.so,6,2,,not found
libkidsjni.so,6,1,,not found
libreadTwoCard-lib.so,6,2,,not found
libscanditsdk.so,6,2,,not found
libbar.so,6,2,,not found
libsdc-core.so,6,2,,not found
libAndroidSdk.so,6,2,,not found
libgdsxhfc.so,6,2,,not found
libd9a8.so,6,2,,not found
libTMXProfiling-6.0-138-jni.so,6,1,,not found
liblibdfsec.so,6,3,,not found
libindoorLocation.so,6,3,,not found
libTMXProfiling-8.0-82-jni.so,6,1,,not found
libSXVideoEngine.so,6,3,,not found
libnllvm1632808251147706677.so,6,1,,not found
lib_ssui_appincupgrade.so,6,2,,not found
libVuforiaUnityPlayer.so,6,4,,not found
libdafd-lib.so,6,1,,not found
libDDecoder.so,6,1,,not found
libDTrancCodec.so,6,1,,not found
libdlog-lib.so,6,1,,not found
libavpub.so,6,1,,not found
libdsdecoder-lib.so,6,1,,not found
libQuickRemux.so,6,1,,not found
libenc-lib.so,6,1,,not found
libpngx.so,6,2,,not found
libef7d69542_v1005_aee.so,6,2,,not found
libLivePlatformNative.so,6,1,,not found
libLiveOsNative.so,6,1,,not found
libthanos-lib.so,6,2,,not found
libthanos.so,6,2,,not found
libSoxEffect.so,6,2,,not found
liblingoscorer.so,6,2,,not found
libdelite.so,6,2,,not found
libnative-vlog.so,6,3,,not found
libmy-encode-lib.so,6,2,,not found
libnativecrashcatch.so,6,2,,not found
libqdaccess.so,6,3,,not found
libToUProxy.so,6,3,,not found
libpcmsoundtouch.so,6,1,https://codeberg.org/soundtouch/soundtouch,not sure
libv8_libfull.cr.so,6,5,,not found
libdynamic_crypto_tool.so,6,1,,not found
libynote_lib_img.so,6,1,,not found
libhmac-sha256.so,6,1,,not found
libqsssdk.so,6,3,,not found
libMailCore.so,6,2,,not found
libtysimkeylib.so,6,2,,not found
libencryptionlib.so,6,3,,not found
libnativedump-memory.so,6,2,,not found
libzan-security.so,6,1,,not found
libzanlogger.so,6,1,,not found
libarcsoft_face_engine.so,6,3,,not found
libCtaGmLib.so,6,5,,not found
libmsclib.so,6,5,,not found
libFaceAntiSpoofingX600_java.so,6,2,,not found
libffmpeg_cmd.so,6,3,https://github.com/FFmpeg/FFmpeg,not sure
libdns.so,6,2,,not found
libswd20.so,6,3,,not found
libcrypto_ossl.so,6,4,,not found
libssl_ossl.so,6,4,,not found
libpostproc-54.so,6,3,,not found
libEcgHeartRateLibrary.so,6,4,,not found
libdata-handle-lib.so,6,3,,not found
libnative-struct2json.so,6,1,,not found
libnative-encrypy-decrypt-v110.so,6,1,,not found
libnative-sensitivity-v110.so,6,2,,not found
libdrugs_encryption.so,6,3,,not found
libSecAuth.so,6,4,,not found
libWearLink.so,6,4,,not found
librtcengine.so,6,2,,not found
libsdemp-lib.so,6,2,,not found
libnetwork-lib.so,6,2,,not found
libsccengine-lib.so,6,2,,not found
libeasemobservice.so,6,2,,not found
libzbt.so,6,4,,not found
libzoombase_crypto_shared.so,6,3,,not found
libzMsgAppCommon.so,6,4,,not found
libmultiMediaCodec.so,6,1,,not found
libECGOnline.so,6,2,,not found
libECGOffline.so,6,2,,not found
libjni_interface.so,6,1,,not found
libhello.so,6,1,,not found
libai-platform-opus.so,6,1,https://github.com/xiph/opus,not sure
libai-platform-speex.so,6,1,,not found
libai-platform-standard-opus.so,6,1,https://github.com/xiph/opus,not sure
libai-platform-mp3.so,6,1,,not found
libai-platform-ds.so,6,1,,not found
libscriptV2.so,6,3,,not found
liblcm-filter.so,6,1,,not found
libbhBodyCompositionTwoLegs50khz.so,6,2,,not found
libtencent_walk_bike_dr_lib.so,6,1,,not found
libtennis.so,6,2,,not found
libSeetaFaceRecognizer610.so,6,2,,not found
liblibnetencode.so,6,1,,not found
libdecodeHandler.so,6,2,,not found
libFaceLiveDetect_CTID.so,6,2,,not found
libSipEngineSDK.so,6,2,,not found
libSDL.so,6,2,,not found
libnllvm1631772138.so,6,2,,not found
libonlinemanager.so,6,3,,not found
libframecore.so,6,3,,not found
libfilemp.so,6,3,,not found
libwmultiwhiteboard.so,6,3,,not found
libvncmp.so,6,3,,not found
libfmclientcommon.so,6,3,,not found
libvcodecwrapper.so,6,3,,not found
libavnet.so,6,3,,not found
libichaudio.so,6,4,,not found
libsdk30.so,6,4,,not found
libminilzojava.so,6,1,,not found
libdl.so,6,2,,not found
libFaacEncoder.so,6,3,,not found
liblv_media.so,6,3,,not found
libiot_apiclient.so,6,3,,not found
libMyScriptGesture.so,6,2,,not found
libMyScriptShape.so,6,2,,not found
libMyScriptEngine.so,6,2,,not found
libMyScriptInk.so,6,2,,not found
libMyScript2D.so,6,2,,not found
libMyScriptDocument.so,6,2,,not found
libMyScriptMath.so,6,2,,not found
libnative-iam-lib.so,6,2,,not found
libStreamComponent.so,6,2,,not found
libpuying.so,6,2,,not found
libHiChipAndroid.so,6,2,,not found
libEncMp4.so,6,2,,not found
libh264decoder.so,6,2,,not found
libykcJni.so,6,1,,not found
libibg-native.so,6,2,,not found
libsafe.so,6,1,,not found
libvvCryptoJni.so,6,3,,not found
libvvCryptoModuleAndroid.so,6,3,,not found
libvideodraw.so,6,1,,not found
libyimedia.so,6,1,,not found
libFFmpegUtil.so,6,1,https://github.com/FFmpeg/FFmpeg,not sure
libFFMuxing.so,6,1,,not found
libmi_aec.so,6,1,,not found
libaudioproc.so,6,1,,not found
libh265decoder.so,6,1,,not found
libPPPP_API.so,6,1,,not found
libppam.so,6,1,,not found
libpcmjni.so,6,1,,not found
libh264encode.so,6,1,,not found
libglnkio.so,6,1,,not found
libMp4RecorderNative.so,6,1,,not found
libImmHapticMedia.so,6,1,,not found
libAdwoLocker.so,6,1,,not found
libprinics_ip.so,6,2,,not found
libticket.so,6,1,,not found
libAACEncode.so,6,2,,not found
libCheckSignature.so,6,2,,not found
libpki.so,6,1,,not found
libvtap.so,6,1,,not found
libffmpeg-android.so,6,3,https://github.com/FFmpeg/FFmpeg,not sure
libqrcode.so,6,1,,not found
libhttplib.so,6,1,,not found
librarlab_rar.so,6,1,,not found
libBreakpad.so,6,3,https://github.com/google/breakpad/blob/6598c9c33fc02da7805401f3b0f1a733e6a24071/src/client/linux/handler/exception_handler.cc,not sure
libMediaStreamer.so,6,2,https://github.com/BelledonneCommunications/mediastreamer2/blob/62d456a13813f0628326de7038f25c9dbd873b5e/src/base/msfilter.c,not sure
libMpg123.so,6,4,https://www.mpg123.de/download/mpg123-1.32.9.tar.bz2,not sure
libopencv_dnn.so,6,2,https://github.com/opencv/opencv/blob/73a26a423163d0284a41e997717b00933978b256/modules/dnn/src/dnn.cpp,True
libopencv_objdetect.so,6,2,https://github.com/opencv/opencv/blob/73a26a423163d0284a41e997717b00933978b256/modules/objdetect/src/main.cpp,True
libopencv_photo.so,6,2,https://github.com/opencv/opencv/blob/73a26a423163d0284a41e997717b00933978b256/modules/photo/src/npr.cpp,True
libAMapSDK_MAP_v7_4_12.so,6,2,https://github.com/amapapi/Android_3D_Demo,not sure
libAMapSDK_MAP_v7_9_0_1.so,6,2,https://github.com/amapapi/Android_3D_Demo,not sure
libAMapSDK_NAVI_v7_7_1.so,6,2,https://github.com/amapapi/Android_3D_Demo,not sure
libAMapSDK_NAVI_v9_8_0.so,6,2,https://github.com/amapapi/Android_3D_Demo,not sure
libBaiduMapSDK_base_v4_4_0.so,6,1,,not found
libBaiduMapSDK_base_v5_2_0.so,6,2,,not found
libBaiduMapSDK_map_for_bikenavi_v7_5_9.so,6,2,,not found
libBaiduMapSDK_map_for_bikenavi_v7_6_3.so,6,2,,not found
libBaiduMapSDK_map_for_navi_v7_5_2.so,6,2,,not found
libBaiduMapSDK_map_for_navi_v7_5_3.so,6,2,,not found
libBaiduMapSDK_map_for_navi_v7_5_8.so,6,3,,not found
libBaiduMapSDK_map_v4_4_0.so,6,1,,not found
libBugly-wemarket.so,6,3,https://github.com/BuglyDevTeam/Bugly-Android-Demo,not sure
libDXRisk-v7_6_7r_7f8fc092.so,6,1,,not found
libDXRiskComm-v7_6_7r_7f8fc092.so,6,1,,not found
libMegviiFacepp-0.5.2.so,6,1,https://github.com/FacePlusPlus/MegviiFacepp-Android-SDK,not sure
libMegviiFacepp-jni-0.5.2.so,6,1,https://github.com/FacePlusPlus/MegviiFacepp-Android-SDK/blob/05f7e7b0886e6bb199bfdd695c576c3dcfe9c990/sdk/src/main/cpp/megvii_facepp_dynamic_jni.cpp,True
libZegoDocsView.so,6,2,https://github.com/zegoim/zego-express-example-faceunity,not sure
libagora-rtsa-sdk.so,6,3,https://github.com/AgoraIO/API-Examples,not sure
libbdpush_V2_5.so,6,1,https://github.com/Baidu-AIP/speech-demo,not sure
libhiai_enhance.so,6,4,https://github.com/946166920/hiai_ddk/blob/42142161fb414a8d53973b0d5ccbd0de7872d5d9/src/framework/cloud_service/enhance_utils.cpp,True
libjcore100.so,6,2,https://github.com/jpush/android-push-example,not sure
libjcore276.so,6,2,https://github.com/jpush/android-push-example,not sure
libjiagu_sdk_DroidPluginEngineProtected.so,6,5,,not found
libmlkit_ocr_pipeline.so,6,3,https://github.com/googlesamples/mlkit,not sure
libpns-2.12.11-LogOnlineStandardRelease_alijtca_plus.so,6,1,,not found
libsgmainso-6.7.250903.so,6,1,https://github.com/sgInnora/alipay-securityguard-analysis,not sure
libplayerdecoder-jni.so,5,1,,not found
libhproxy.so,5,2,,not found
libcls_hand_gesture.so,5,1,,not found
libPushSDK.so,5,3,,not found
libtalk.so,5,2,,not found
libmedia_muxer.so,5,3,,not found
libHttpSecretKey.so,5,2,,not found
libzeusadsdknative.so,5,1,,not found
libzstd-jni-1.5.5-10.so,5,1,https://github.com/luben/zstd-jni,not sure
libprocess.so,5,3,,not found
libutil_hashmap.so,5,4,,not found
liburi.so,5,3,,not found
libxml.so,5,2,,not found
libframework.so,5,3,,not found
libmultimodalinput_keycode.so,5,3,,not found
libutil_hashset.so,5,4,,not found
libmultimedia_media.so,5,4,,not found
libjniFtSocketSink.so,5,4,,not found
libDecoreLink.so,5,5,,not found
libvecentek.so,5,5,,not found
libjitcarapi.so,5,3,,not found
libpateowb_crypto_tool.so,5,2,,not found
libRiskStub1292.so,5,1,,not found
libTWLSecurity.so,5,1,,not found
libsvnapi.so,5,4,,not found
libjniapi.so,5,3,,not found
libanyofficesdk.so,5,4,,not found
libantsc-x86.so,5,2,,not found
libantsc.so,5,2,,not found
liblog-task.so,5,3,,not found
libencrypted.so,5,3,,not found
libcom.jd.lib.usermanager.so,5,3,,not found
libcom.jd.lib.scan.so,5,4,,not found
libcom.jd.lib.jdpaysdk.so,5,5,,not found
libcom.jd.lib.personal.so,5,5,,not found
libvpxV2JNI.so,5,3,https://github.com/webmproject/libvpx,not sure
libznxlog.so,5,3,,not found
libzn.so,5,4,,not found
liblaunch_native.so,5,2,,not found
libDKDSDK.so,5,1,,not found
libdklib.so,5,1,,not found
libaime.so,5,2,,not found
libzyad.so,5,3,,not found
libsecurelib.so,5,3,,not found
libnative-security-client.so,5,1,,not found
libtongdunoem.so,5,2,,not found
libyuv_static.so,5,3,,not found
libqb2dsdk.so,5,2,,not found
libqbglsdk.so,5,2,,not found
libtencentpos.so,5,2,,not found
libaction-utils.so,5,2,,not found
libdfr_android_new.so,5,3,,not found
libFaceEngine.so,5,3,,not found
libnv16conver.so,5,4,,not found
libdiffpatch.so,5,4,,not found
libtencent_rtc_ffi.so,5,4,,not found
libchargesdknativelib.so,5,3,,not found
libnexus-kit.so,5,2,,not found
libttxclient.so,5,1,,not found
libglfilter.so,5,5,,not found
libsvplayer.so,5,4,,not found
libpushbase.so,5,3,,not found
libeffect0.so,5,5,,not found
libjnihook.so,5,2,,not found
libid3fmt.so,5,3,,not found
libviper4android.so,5,5,,not found
libmer.so,5,4,,not found
libjniavdevice.so,5,4,,not found
libdlnalib.so,5,2,,not found
libgcloudcore.so,5,4,,not found
libgcloud.so,5,4,,not found
libuchardet.so,5,3,,not found
libufvplayer.so,5,3,,not found
libfvsdl.so,5,3,,not found
libfvffmpeg.so,5,3,https://github.com/FFmpeg/FFmpeg,not sure
libEncryption.so,5,4,,not found
libmgtvdrm.so,5,3,,not found
librs.blur.so,5,2,,not found
libmla.so,5,3,,not found
libMidiDispatcher.so,5,3,,not found
libRtcMediaTransport.so,5,3,,not found
librubberband.so,5,3,,not found
libzstd-jni-1.5.5-2.so,5,2,https://github.com/luben/zstd-jni,not sure
libmediaeffect.so,5,4,,not found
libmediaeffectjni.so,5,4,,not found
libsvmedia.so,5,4,,not found
libqyapm_agent.so,5,2,,not found
libtp2p.so,5,4,,not found
libSuperSound3.so,5,5,,not found
libxb.so,5,2,,not found
libpython.so,5,3,,not found
libpython.zip.so,5,4,,not found
libzoom_image_engine_lite.so,5,2,,not found
libsnpe_dsp_domains_v2.so,5,3,,not found
libkgpu.so,5,4,,not found
libycnn_ext_snpe.so,5,4,,not found
libcalculator_htp.so,5,2,,not found
libksvisionengineplugin.so,5,5,,not found
libykit_module_plugin.so,5,4,,not found
libqm_native_decoder_dsd.so,5,5,,not found
libimage_filter_cpu.so,5,3,,not found
libm4adec.so,5,4,,not found
libslimlady.so,5,2,,not found
libSennheiserAmbeoDecoder.so,5,1,,not found
liblockmonitor-lib.so,5,1,,not found
libhisound.so,5,3,,not found
libcheetah1.so,5,2,,not found
liblibusb.so,5,3,,not found
libjlspeex.so,5,3,,not found
libucs-kms.so,5,3,,not found
libfaelv.so,5,5,,not found
libnyutils.so,5,1,,not found
libcode.so,5,3,,not found
libmist_core.so,5,3,,not found
libIDFingerprintAlg.so,5,2,,not found
libsmbdeveplatsdk.so,5,3,,not found
libTMXProfiling-7.0-59-jni.so,5,1,,not found
libmobius_res.so,5,2,,not found
libmtprotect.so,5,2,,not found
libv8.so,5,3,,not found
libserial_port_wm.so,5,1,,not found
libFaceAREngine.so,5,3,,not found
libaimisc.so,5,2,,not found
libproject.so,5,2,,not found
libwsDataEncryption_AZAPP_x86.so,5,1,,not found
libwsDataEncryption_AZAPP.so,5,1,,not found
libImSDKCore.so,5,1,,not found
libmtquickjsi.so,5,4,,not found
libmsc_jsi.so,5,4,,not found
libmtv8jsi.so,5,4,,not found
libtaro_native_bridge.so,5,5,,not found
libappworker.so,5,4,,not found
libappworker-bridge.so,5,1,,not found
libmcube-qjs.so,5,2,,not found
libquicksparrow.so,5,3,,not found
libImageBlur.so,5,3,,not found
libquicksparrow-release_alijtca_plus.so,5,3,,not found
libabilityaccessctrl.so,5,4,,not found
libserial_port_driver.so,5,1,,not found
libacsdk.so,5,4,,not found
libnumpy_python.so,5,3,,not found
libSnpeHtpV79Stub.so,5,3,,not found
libcro_python_kit.so,5,3,,not found
libfdk_aac.so,5,3,,not found
libdokodoor.so,5,2,,not found
libtronplayer.so,5,3,,not found
libyxtytzzya.so,5,1,,not found
libwytrace.so,5,3,,not found
libtusdk-image.so,5,2,,not found
libdubbing_sdk_android.so,5,2,,not found
libdubbing_vc_jni.so,5,3,,not found
libtransvod.so,5,5,,not found
libudbauth-shared.so,5,4,,not found
libgrpc_csharp_ext.so,5,2,,not found
libnhook.so,5,4,,not found
libEffectEditorJni.so,5,1,,not found
libNLEMediaRemoteJni.so,5,3,,not found
libttmpaflna.so,5,2,,not found
libaccount.so,5,3,,not found
libmomo_opus.so,5,4,https://github.com/xiph/opus,not sure
libyuvtools.so,5,4,,not found
libcongressUtil.so,5,5,,not found
libsabineSdk.so,5,2,,not found
libapm-congressRender.so,5,5,,not found
libcvcontainer.so,5,3,,not found
libsslsdk.so,5,1,,not found
libcosmosffmpeg.so,5,4,https://github.com/FFmpeg/FFmpeg,not sure
libMediaUtils.so,5,3,,not found
libxengine_ar.so,5,5,,not found
libxyasf.so,5,2,,not found
librednqe.so,5,2,,not found
libsentry_dumper.so,5,4,,not found
libhammerbridge.so,5,2,,not found
libgifvideo.so,5,2,,not found
libuxijkplayer.so,5,3,,not found
libuxijksdl.so,5,3,,not found
libcronet.114.0.5735.246.so,5,2,,not found
libpreload32.so,5,0,,not found
libpreload64.so,5,0,,not found
libface3d_jni.so,5,3,,not found
libantplayer-2.0.so,5,3,,not found
libBDMicroPythonVM.so,5,3,,not found
libNativeML.so,5,3,,not found
libNetworkLinkPreference.so,5,2,,not found
libInkeNetInspector.so,5,3,,not found
libCardRegion.so,5,2,,not found
libCommonSDKModule.so,5,2,,not found
liblmmap.so,5,3,,not found
libwhiffmic.so,5,5,,not found
libpolicy.so,5,4,,not found
libaudioasmr.so,5,5,,not found
libthunder.so,5,5,,not found
libnativeAd.so,5,2,,not found
libnosnormalize.so,5,2,,not found
libmsfbootV2.so,5,2,,not found
librawquic_jni.so,5,3,,not found
libliteapphelper.so,5,3,,not found
libcronet.96.0.4664.104.so,5,2,,not found
libConfig.so,5,1,,not found
libhw-s.so,5,2,,not found
libgif-decoder.so,5,3,,not found
libsilk_v3_decoder.so,5,3,,not found
libtxcopyrightedmedia.so,5,2,,not found
libyylffmpegjni.so,5,1,https://github.com/FFmpeg/FFmpeg,not sure
libFisheyeSDK.so,5,1,,not found
libyylffmpeg.so,5,1,https://github.com/FFmpeg/FFmpeg,not sure
libja-rtc.so,5,5,,not found
libverification.so,5,3,,not found
libAudioCore.so,5,3,,not found
libcrashpad_handler_trampoline.so,5,3,,not found
libreact-native-quick-sqlite.so,5,1,,not found
libnetdev-1.0.0.so,5,4,,not found
libnetmobsec-4.4.1.so,5,1,,not found
libmatrix-fd.so,5,4,,not found
libaff_biz.so,5,4,,not found
libddopustools.so,5,2,https://github.com/xiph/opus,not sure
libipstack-detect.so,5,1,,not found
libzz-logic.so,5,1,,not found
libencry-lib.so,5,5,,not found
libNetCore.so,5,3,,not found
libreact_codegen_RNMmkvSpec.so,5,3,https://github.com/margelo/react-native-mmkv,not sure
libsemantic_dui.so,5,3,,not found
libsemantic_navi.so,5,3,,not found
libngram.so,5,3,,not found
libvprintlite.so,5,3,,not found
liblibXJGARSDK.so,5,3,,not found
libwksec-lib.so,5,1,,not found
libvvo.8.so,5,0,,not found
libOMX.11.so,5,0,,not found
libvvo.7.so,5,0,,not found
libbeinasongtower.so,5,1,,not found
libdsxh.so,5,1,,not found
libDLCardScan.so,5,3,,not found
libDiARNavKit.so,5,2,,not found
libphoneclient.so,5,3,,not found
libcar51.so,5,1,,not found
libblack-box.so,5,3,,not found
libtool.so,5,3,,not found
libhi_camplayer_mediacodec.so,5,3,,not found
libsecretkey.so,5,3,,not found
libextractCard.so,5,3,,not found
libCardOcr.so,5,3,,not found
libDaVinciAnalyze.so,5,2,,not found
libcronet.143.0.7445.0.so,5,1,,not found
libNvEffectSdkCore.so,5,4,,not found
libnllvm1636016246.so,5,1,,not found
libxposedUtil.so,5,3,,not found
liblkqrscan.so,5,3,,not found
libCryptoSeed.so,5,3,,not found
libwebf.so,5,4,,not found
libneteasekeyboard.so,5,2,,not found
libSocketHelper.so,5,1,,not found
libwh2.so,5,3,,not found
liberis.so,5,1,,not found
libWCDB_wemeet.so,5,2,,not found
libreact_codegen_keyboardcontroller.so,5,2,https://github.com/kirillzyusko/react-native-keyboard-controller,not sure
libpie_dynamic.so,5,5,,not found
libsqueezencnn.so,5,3,,not found
libaudio_codec_jni.so,5,2,,not found
libdartcv.so,5,5,,not found
libnmrtd.so,5,2,,not found
libRiskStub200.so,5,1,,not found
libcryptoHelperKit.so,5,1,,not found
libdatalive.so,5,2,,not found
liblds.so,5,2,,not found
libxnn_llm_api.so,5,5,,not found
libmpaas_common_teclabilities_api.so,5,3,,not found
libnative-template.so,5,5,,not found
libicudtl_2.12.250718110935.so,5,1,,not found
libcrosser.so,5,5,,not found
libnative-card.so,5,5,,not found
libmyjsi_2.12.250718110935.so,5,1,,not found
libmyv8_2.12.250718110935.so,5,1,,not found
libantaudio.so,5,5,,not found
libts_multiplatform-phone-bundle2h_integration.so,5,5,,not found
libSRSdkJNI.so,5,3,,not found
libindicatorV2.so,5,4,,not found
libza_tools.so,5,2,,not found
libmyweb_sdk_0.11.0.250728104400.so,5,1,,not found
libjsi_0.11.0.250728104400.so,5,1,,not found
libalipaywebview_0.11.0.250728104400_7z.so,5,1,,not found
libantcrystal.so,5,2,,not found
libkhyuvutil.so,5,1,,not found
libfunc_sdk.so,5,1,,not found
libhxtech.so,5,1,,not found
libjclmatplus.so,5,3,,not found
libAutoCropImage.so,5,2,,not found
libmpssutil.so,5,2,,not found
libcom-mpaas-mobile-commonui.so,5,3,,not found
libmerged-bundles-res-58.so,5,3,,not found
libbsdifflib.so,5,2,,not found
libpathway.so,5,3,,not found
libnllvm1623559213.so,5,2,,not found
libcronet.77.0.3850.2.so,5,3,,not found
libffmpeg-lib.so,5,4,https://github.com/FFmpeg/FFmpeg,not sure
libTmsdk-2.0.13-mfr.so,5,2,,not found
libJY_VVSDK_5.so,5,2,,not found
libJY_DT60_5.so,5,2,,not found
libJYJpgUtil_5.so,5,2,,not found
libWind.Expo4.SkyClient.so,5,1,,not found
libWind.Base.Login.so,5,1,,not found
libwkey-res.so,5,3,,not found
libeasyprotector.so,5,2,,not found
libemutilc.so,5,2,,not found
libemana.so,5,2,,not found
libamlib.so,5,1,,not found
libhkid_pav_yuvutil.so,5,2,,not found
liblicense_encrypt.so,5,2,,not found
libhkid_yuv.so,5,3,,not found
libid-verify.so,5,2,,not found
libCrhPassguard.so,5,1,,not found
libHDTK_APM.so,5,2,,not found
libjdNativeCrash.so,5,2,,not found
libZJApm.so,5,2,,not found
libjdt-idcard-core.so,5,3,,not found
libpaemjpegcompress.so,5,2,,not found
libCloudwiseCrash_dumper.so,5,2,,not found
libCloudwiseCrash.so,5,3,,not found
libnllvm1624351098.so,5,1,,not found
libaudiopass_api.so,5,2,,not found
libSecCryptor.so,5,3,,not found
libLNRCBBank_WQ.so,5,2,,not found
libeidjni_ocr.so,5,3,,not found
libdxmstatapi.so,5,1,,not found
libdxm_face_liveness.so,5,1,,not found
libdxmpay_face_liveness.so,5,1,,not found
libxnn_api.so,5,2,,not found
libxriver_account_adapter.so,5,4,,not found
libFC217B.so,5,4,,not found
libmfmediarender.so,5,3,,not found
libalipay_iot_auth.so,5,3,,not found
libgroot.so,5,5,,not found
libRiskStubUnique.so,5,1,,not found
libCmbcSecurityLib.so,5,3,,not found
libcmbcCommuCryptoCore.so,5,2,,not found
libcmbcsmprovider.so,5,3,,not found
libcmbcCryptoHelperKit.so,5,3,,not found
libeveriskms.so,5,1,,not found
libxdkj_guomicmbc.so,5,4,,not found
libpacteraLameMP3.so,5,1,,not found
libalipaydecode100110.so,5,1,,not found
libNSVUtil.so,5,2,,not found
libiProtectSRCB.so,5,3,,not found
libx2641.so,5,2,https://code.videolan.org/videolan/x264,not sure
librtc_avd_so.so,5,3,,not found
libAntiVirus.so,5,1,,not found
libbsdiffpatch.so,5,2,,not found
libgmsign.so,5,2,,not found
libumejni.so,5,3,,not found
libCloudSDK.so,5,2,,not found
libctriphermes.so,5,1,,not found
libksxgs.so,5,4,,not found
libtf.so,5,3,,not found
libchronos.so,5,3,,not found
libxlog.so,5,5,,not found
libbytenn_plugin_ocl.so,5,1,,not found
libhacker.so,5,3,,not found
libjupiter.so,5,2,,not found
libystplayersdk.so,5,2,,not found
libHDACEngine.so,5,1,,not found
libKaraokeGradeGenerator.so,5,3,,not found
libdva-nativehook.so,5,2,,not found
libksos.so,5,3,,not found
libdva-nativeempty.so,5,2,,not found
libkwai-j2v8-lite.so,5,3,,not found
libjank-monitor.so,5,2,,not found
libpanglarmor.so,5,2,,not found
libtalospro_android.so,5,4,,not found
libmemory-monitor.so,5,4,,not found
libhqim.so,5,1,,not found
libhqmisc.so,5,1,,not found
libhqwxclassroom.so,5,1,,not found
libhqwxsignalling.so,5,1,,not found
libhqwxinteractive.so,5,1,,not found
libhqwxclassing.so,5,1,,not found
libhqwxmetrics.so,5,1,,not found
libhqwxwhiteboard.so,5,1,,not found
libhqwxbase.so,5,1,,not found
libnrnrf-x86.so,5,1,,not found
libJniProvider.so,5,2,,not found
libaegissec102303.so,5,1,,not found
libpnocrengine.so,5,2,,not found
librdkernel.so,5,2,,not found
libAMediaCodec.so,5,1,,not found
libdb.so,5,2,,not found
libtgpalite.so,5,2,,not found
libffmpeg1.so,5,2,https://github.com/FFmpeg/FFmpeg,not sure
libVuforia.so,5,3,,not found
libegsm.so,5,2,,not found
libHxFormula.so,5,2,,not found
libhapiplay.so,5,2,,not found
libcccreator.so,5,5,,not found
libmiddleware.so,5,5,,not found
libmiddle-bridge.so,5,5,,not found
libimgproc.so,5,2,,not found
librs.saturation.so,5,4,,not found
libSystem.Security.Cryptography.Native.Android.so,5,4,,not found
libSystem.IO.Compression.Native.so,5,4,,not found
libSystem.Native.so,5,4,,not found
libHolmes.so,5,3,,not found
libnative_old-lib.so,5,3,,not found
libopt_crash.so,5,3,,not found
libsubstrate_compat.so,5,3,,not found
libFRCorkscrew.so,5,3,,not found
libbiggerlens-jni.so,5,3,,not found
libmlcamera-2.0.so,5,2,,not found
libSnpeHta.so,5,3,,not found
libvoicemanager.so,5,2,,not found
libandroid_dlib.so,5,2,,not found
libmtaurora.so,5,4,,not found
libmvaurorakit.so,5,4,,not found
libgifsicle.so,5,2,,not found
libPinguoImageSDK.so,5,3,,not found
libkgfx.so,5,4,,not found
liblongpictures.so,5,3,,not found
liblibnative.so,5,2,,not found
libBeautyCommon.so,5,1,,not found
libsf.so,5,1,,not found
libBeautyImage.so,5,1,,not found
libsoundtouch-lib.so,5,2,https://codeberg.org/soundtouch/soundtouch,not sure
libnkraudiotalk.so,5,3,,not found
libstreambuffer.so,5,3,,not found
libmwVqeDemo.so,5,1,,not found
libi.so,5,2,,not found
libstream_sdk_jni.so,5,3,,not found
libnkravfilter.so,5,3,,not found
libnkravutil.so,5,3,,not found
libmk_api.so,5,3,,not found
libnkravcodec.so,5,3,,not found
libmv5_platform.so,5,3,,not found
libnkrswresample.so,5,3,,not found
libnheprotobuf.so,5,3,https://github.com/protocolbuffers/protobuf,not sure
libnkravformat.so,5,3,,not found
libnkrswscale.so,5,3,,not found
libnkrfreetype.so,5,3,https://gitlab.freedesktop.org/freetype/freetype,not sure
libaudrecbuffer.so,5,3,,not found
libcountjni.so,5,4,,not found
libxl_video_control.so,5,3,,not found
libxl_thunder_sdk.so,5,3,,not found
libaplayer.so,5,3,,not found
libunrar.so,5,4,,not found
libmp4wraper.so,5,3,,not found
libiperf3.so,5,3,,not found
libssl-ta.1.1.so,5,1,,not found
libcrypto-ta.1.1.so,5,1,,not found
libfwknop.so,5,3,,not found
libGMSSL.so,5,3,,not found
libqhvc_soundtouch.so,5,2,https://codeberg.org/soundtouch/soundtouch,not sure
libfuseembedtts.so,5,4,,not found
libQnnSystem.so,5,5,,not found
libgimbal-lib.so,5,3,,not found
libbasshash.so,5,2,,not found
libPooolimg.so,5,3,,not found
libjbig_compress.so,5,3,,not found
libjbiglib.so,5,3,,not found
libSDL3.so,5,3,,not found
libQnnHtpV79Skel.so,5,2,,not found
libaisr.so,5,3,,not found
libJFace.so,5,3,,not found
libevad.so,5,2,,not found
libbdSPILAudioProc.so,5,2,,not found
libbutter-freetype.so,5,2,https://gitlab.freedesktop.org/freetype/freetype,not sure
libbitmap_operation_lib.so,5,4,,not found
libtex.so,5,3,,not found
libarchive.so,5,4,,not found
libidl_license_new.so,5,1,,not found
libXHSNN.so,5,3,,not found
libSmartUpdate.so,5,1,,not found
libztengine.so,5,1,,not found
libanticheating_native.so,5,1,,not found
libreact_codegen_rnreanimated.so,5,2,https://github.com/software-mansion/react-native-reanimated,true
libsk-log-x.so,5,2,,not found
liball-in-one.so,5,4,,not found
libmono-native.so,5,2,,not found
libmono-btls-shared.so,5,2,,not found
libxa-internal-api.so,5,1,,not found
libnetty_tcnative.so,5,2,,not found
libasync_tcp.so,5,2,,not found
libproc-jni.so,5,2,,not found
libloc.so,5,2,,not found
libstatedet2.so,5,2,,not found
libupdate-jni-1.0.1.2002.so,5,2,,not found
libAdaptivePerformanceThermalHeadroom.so,5,1,,not found
libAdaptivePerformanceHint.so,5,1,,not found
libqpatch.so,5,3,,not found
libzeusLib.so,5,2,,not found
libFaceAIModel.so,5,3,,not found
libIHPBridge.so,5,3,,not found
libtracepath6c.so,5,2,,not found
libLifeguardFetalSDK.so,5,4,,not found
libAudioConverter.so,5,3,,not found
libsccba.keyboard.so,5,2,,not found
libSDK_Sccba.so,5,3,,not found
libLib_Tooltip.so,5,3,,not found
libmomoco.so,5,3,,not found
libchivox_mp3lame.so,5,2,,not found
libbeyongdodo-util.so,5,2,,not found
libreverb.so,5,3,,not found
libsecuritylib.so,5,4,,not found
libyuv_shared.so,5,3,,not found
libepub3.so,5,2,,not found
libcalendar_module.so,5,3,,not found
liblogin_module.so,5,4,,not found
libx264Encoder.so,5,1,https://code.videolan.org/videolan/x264,not sure
libprotocol-services.so,5,2,,not found
libiProtectSGCC.so,5,3,,not found
libstandardar.so,5,3,,not found
libhuawei_arengine_impl.so,5,2,,not found
libmtguard_log.so,5,5,,not found
libzyapi_common.so,5,2,,not found
libSPMobile.so,5,1,,not found
libflutter_gphoto.so,5,2,,not found
libjni_utils.so,5,3,,not found
libMT3DFaceJNI.so,5,3,,not found
libwlmediautil-1.0.0.so,5,2,,not found
libphotofilterssdk.so,5,2,,not found
libvcamera.so,5,0,,not found
libjni-jitterbuffer.so,5,2,,not found
libjni-authenticate.so,5,2,,not found
libjni-sbc.so,5,2,,not found
libjni-opus.so,5,2,https://github.com/xiph/opus,not sure
libjni-qcelt.so,5,2,,not found
libactionlive.so,5,2,,not found
libCiticNative.so,5,2,,not found
libxwalkdummy.so,5,1,,not found
libxwalkcore.so,5,1,,not found
libkdvmp.so,5,3,,not found
libvp9u-lib.so,5,1,,not found
libQRCodeDetector.so,5,1,,not found
libZiroomKey.so,5,5,,not found
libriskplatform.so,5,5,,not found
libtnt_ble_utils.so,5,2,,not found
libjpeg-turbo212.so,5,3,https://github.com/libjpeg-turbo/libjpeg-turbo,not sure
libjni_ogg.so,5,1,,not found
libmocr.so,5,1,,not found
libiskaershare.so,5,2,,not found
libwlt920bmp.so,5,2,,not found
libzllcmd.so,5,3,,not found
libpaho-mqtt3as.so,5,4,,not found
libcyberplayer-core.so,5,2,,not found
libcyberplayer.so,5,2,,not found
libkh.so,5,2,,not found
libliteavvpsdk.so,5,0,,not found
liblottiereactnative_registration.so,5,3,,not found
libCashBoxJNI.so,5,1,,not found
libbdp_yuv.so,5,3,,not found
libbdp_yuvutil.so,5,3,,not found
libgvr_audio.so,5,2,,not found
libQR386SDK.so,5,3,,not found
libPassportEngine.so,5,2,,not found
libmp3lamed.so,5,2,,not found
libyuntx_gl_disp.so,5,2,,not found
libasrsecuredatahelp.so,5,2,,not found
libCWFaceIDCardDet.so,5,2,,not found
libcmicwebrtc.so,5,3,https://webrtc.googlesource.com/src/,not sure
libjdrtc_video_shared.so,5,3,,not found
libota.so,5,1,,not found
libfacp.so,5,1,,not found
libREIFDecoder.so,5,2,,not found
libMP3Encoder.so,5,3,,not found
libspeex_v3.so,5,2,,not found
libmp3encoder.so,5,2,,not found
libBCREngine.so,5,3,,not found
libpixsdk.OfficeLensProductivity.so,5,2,,not found
libctascaner-lib.so,5,2,,not found
libSimKeyLogan.so,5,1,,not found
libscreenpath.so,5,2,,not found
libkjffmpeg.so,5,3,https://github.com/FFmpeg/FFmpeg,not sure
libkjplayer.so,5,3,,not found
libface_anti_spoofing.so,5,3,,not found
libsecure_portal.so,5,2,,not found
libCmSKF.so,5,4,,not found
libSCCardSKF.so,5,4,,not found
libverifyfacesdk.so,5,4,,not found
libideashare_rtp.so,5,4,,not found
libtup_commonlib.so,5,4,,not found
libtup_os_adapter.so,5,4,,not found
libideashare_call_video.so,5,3,,not found
libideashare_os_adapter.so,5,3,,not found
libideashare_xml.so,5,3,,not found
libideashare_commonlib.so,5,3,,not found
libideashare_logone.so,5,3,,not found
libideashare_publiclib.so,5,3,,not found
libtup_logone.so,5,4,,not found
libideashare_call_mediaservice.so,5,3,,not found
libideashare_data_projection_client.so,5,4,,not found
libipsi_pse.so,5,3,,not found
libipsi_osal.so,5,3,,not found
libipsi_crypto.so,5,3,,not found
libideashare_https_clt.so,5,3,,not found
libideashare_HME_Video.so,5,4,,not found
libideashare_msg.so,5,3,,not found
libBaseEncode.so,5,3,,not found
libuupt-lib.so,5,3,,not found
libPDFManipulator.so,5,2,,not found
libPdfJni.so,5,2,,not found
libload_key.so,5,1,,not found
libdart_native.so,5,2,,not found
libpdfcore.so,5,3,,not found
libshella-4.5.2.5.so,5,1,,not found
liboffline-lib.so,5,3,,not found
libnew_native_lib.so,5,2,,not found
libjcore.so,5,1,,not found
libjmedia.so,5,1,,not found
libjmedia4.so,5,1,,not found
libgame.so,5,3,,not found
libyuv-utils.so,5,3,,not found
libscrfdncnn.so,5,3,,not found
libBodyfat.so,5,2,,not found
libzm2d.so,5,3,,not found
libzReflection.so,5,2,,not found
libzNetUtils.so,5,3,,not found
libdvf.so,5,4,,not found
libIDCardWrapper.so,5,2,,not found
libnetcasoftkeyprov.so,5,1,,not found
libgnsdk.so,5,1,,not found
libfiltering_algorithm.so,5,1,,not found
libgly.so,5,1,,not found
libXClz4.so,5,2,,not found
libblurjni.so,5,1,,not found
libpush_client.so,5,3,,not found
libUnityBridge.so,5,2,,not found
libaaiface.so,5,2,,not found
libfingerprint.so,5,2,,not found
libhouse.so,5,2,,not found
librga.so,5,3,,not found
libzhisec.so,5,1,,not found
libHLLivenessDetection-jni.so,5,2,,not found
libappaes_crypto_tool.so,5,2,,not found
libpanortc.so,5,3,,not found
libdanale_sdk_device.so,5,2,,not found
libDanalePush.so,5,2,,not found
libjpush216.so,5,1,,not found
libSEP2P_AppSDK.so,5,3,,not found
libSE_AudioCodec.so,5,2,,not found
libSE_VideoCodec.so,5,2,,not found
libSE_MP4.so,5,2,,not found
zyencrypt8.so,5,0,,not found
libsosow-x86.so,5,1,,not found
libGoldenCode.so,5,1,,not found
libContentEncoder.so,5,2,,not found
libuvc_camera.so,5,2,https://github.com/libuvc/libuvc,not sure
libusb_minor.so,5,2,,not found
libtanglog.so,5,2,,not found
libTangPluginMgr.so,5,3,,not found
libjpeg_turbo.so,5,2,,not found
libqsnd.so,5,3,,not found
libAVTangModule.so,5,3,,not found
libTwirlingCapture.so,5,3,,not found
libfiletransport.so,5,3,,not found
libuvc_core.so,5,2,https://github.com/libuvc/libuvc,not sure
libffmpeghandler.so,5,2,https://github.com/FFmpeg/FFmpeg,not sure
libffmpegencoder.so,5,2,https://github.com/FFmpeg/FFmpeg,not sure
libstunning.so,5,1,,not found
libtutk_mp4v2.so,5,2,,not found
libLocalRecorder.so,5,2,,not found
libpack.so,5,2,,not found
libH264Decoder.so,5,2,,not found
libUGo.so,5,2,,not found
libH264Encoder.so,5,2,,not found
libiProtectCCFCCB-HSRB.so,5,1,,not found
libiProtectCCFCCB-XHTB.so,5,1,,not found
libiProtectCCFCCB-BOAS.so,5,1,,not found
libtesoRSA.so,5,2,,not found
libTestStub.so,5,1,,not found
libete.so,5,1,,not found
libICPClient.so,5,1,,not found
libnativeJniysts.so,5,1,,not found
libnativeyst.so,5,1,,not found
libPdfium.so,5,2,https://pdfium.googlesource.com/pdfium/+/refs/heads/main/core/fpdfapi/parser/cpdf_parser.cpp,not sure
libbsPatch.so,5,1,https://github.com/mendsley/bsdiff/blob/b817e9491cf7b8699c8462ef9e2657ca4ccd7667/bspatch.c,not sure
libreact_sign_lib.so,5,1,https://github.com/facebook/react-native,not sure
libAMapSDK_MAP_v6_2_0.so,5,2,https://github.com/amapapi/Android_3D_Demo,not sure
libAMapSDK_NAVI_v10_1_110.so,5,1,https://github.com/amapapi/Android_3D_Demo,not sure
libAMapSDK_NAVI_v6_4_0.so,5,1,https://github.com/amapapi/Android_3D_Demo,not sure
libBaiduMapSDK_base_v4_2_0.so,5,1,,not found
libBaiduMapSDK_base_v4_4_1.so,5,1,,not found
libBaiduMapSDK_base_v5_0_0.so,5,2,,not found
libBaiduMapSDK_base_v5_3_2.so,5,2,,not found
libBaiduMapSDK_base_v5_4_0.so,5,1,,not found
libBaiduMapSDK_base_v6_3_0.so,5,1,,not found
libBaiduMapSDK_map_for_bikenavi_v7_3_0.so,5,1,,not found
libBaiduMapSDK_map_for_bikenavi_v7_5_4.so,5,1,,not found
libBaiduMapSDK_map_for_bikenavi_v7_6_6.so,5,2,,not found
libBaiduMapSDK_map_for_navi_v7_6_7.so,5,3,,not found
libBaiduMapSDK_map_v4_2_0.so,5,1,,not found
libBaiduMapSDK_map_v4_4_1.so,5,1,,not found
libBaiduMapSDK_map_v5_0_0.so,5,2,,not found
libBaiduMapSDK_map_v5_4_0.so,5,2,,not found
libBaiduMapSDK_map_v6_3_0.so,5,1,,not found
libBaiduTraceSDK_v2_1_14.so,5,1,,not found
libBaiduTraceSDK_v3_2_0.so,5,1,,not found
libMegviiFacepp-0.4.7.so,5,2,https://github.com/FacePlusPlus/MegviiFacepp-Android-SDK,not sure
libMegviiFacepp-jni-0.4.7.so,5,3,https://github.com/FacePlusPlus/MegviiFacepp-Android-SDK/blob/223735a4532868e995df898f83b6f3f91c78f58d/sdk/src/main/cpp/megvii_facepp_jni.cpp,True
libMegviiIDCard-0.3.0.so,5,2,https://github.com/FacePlusPlus/MegviiFacepp-Android-SDK,not sure
libauth_number_product-9.5.1.2-log-online-v9-release_alijtca_plus.so,5,2,,not found
libbaiduprotect_sdk-0290a05defdcfda80e87a86e6b87c7cf766dc8c4.so,5,2,,not found
libhiai_c_def.so,5,3,https://github.com/946166920/hiai_ddk,not sure
libhiai_ir_infershape.so,5,4,https://github.com/946166920/hiai_ddk,not sure
libijmDataEncryption_a64.so,5,0,,not found
libjcore236.so,5,2,https://github.com/jpush/android-push-example,not sure
libjcore251.so,5,3,https://github.com/jpush/android-push-example,not sure
libjiagu_enc.so,5,0,,not found
liblocSDK4d.so,5,1,,not found
libmegface.ocr.identify.bankcasrd.so,5,1,https://github.com/FacePlusPlus/MegviiFacepp-Android-SDK,not sure
libpns-2.12.16-LogOnlineStandardCuxwRelease_alijtca_plus.so,5,2,,not found
libsgmainso-6.7.250820.so,5,1,https://github.com/sgInnora/alipay-securityguard-analysis,not sure
libtbs.libLzmaDecForMulti.so.so,5,0,https://github.com/TencentBrowsingService/TBS_SDK,not sure
libtbs.libgamehook.so.so,5,0,https://github.com/TencentBrowsingService/TBS_SDK,not sure
libtbs.libgamejavahook.so.so,5,0,https://github.com/TencentBrowsingService/TBS_SDK,not sure
libtbs.libmtttrace.so.so,5,0,https://github.com/TencentBrowsingService/TBS_SDK,not sure
libtbs.libtbsDEPS.so.so,5,0,https://github.com/TencentBrowsingService/TBS_SDK,not sure
libtbs.libtbs_courgette.so.so,5,0,https://github.com/TencentBrowsingService/TBS_SDK,not sure
libtbs.libwebhook.so.so,5,0,https://github.com/TencentBrowsingService/TBS_SDK,not sure
libtbs.tbs_plugin_video.zip.so,5,1,https://github.com/TencentBrowsingService/TBS_SDK,not sure
libzegoaitoolkit.so,5,3,https://github.com/zegoim/zego-express-example-faceunity,not sure
libzegoavkit.so,5,2,https://github.com/zegoim/zego-express-example-faceunity,not sure
libVOAACEncoder.so,4,1,,not found
libflutter_recorder.so,4,3,,not found
libkeyPackage.so,4,2,,not found
libysshared.so,4,2,,not found
libaudiodec.so,4,1,,not found
libdec.so,4,1,,not found
libparser_module_jni.so,4,2,,not found
libcc-cross-kit-android-jni.so,4,2,,not found
libocsmp3lame.so,4,1,,not found
sealreader.so,4,0,,not found
libddgif.so,4,2,,not found
libe14b478a3_v1025_aee.so,4,2,,not found
libdavinci.so,4,1,,not found
libhl_filereader.so,4,1,,not found
libmall-native-lib.so,4,4,,not found
libnetwork-common.so,4,2,,not found
libutil_arraylist.so,4,3,,not found
libtaskpool.so,4,3,,not found
libconvertxml.so,4,3,,not found
libutil_queue.so,4,3,,not found
libxul.so,4,3,,not found
liblgpllibs.so,4,3,,not found
libmozglue.so,4,3,,not found
libmozavutil.so,4,3,,not found
libmozavcodec.so,4,3,,not found
libplugin-container.so,4,3,,not found
libaw.so,4,1,,not found
libinitso.so,4,2,,not found
libvccrypt.so,4,2,,not found
libwbu_encry_lib.so,4,1,,not found
libfacedetect.so,4,2,,not found
libqinglink_md.so,4,2,,not found
libiptcore.so,4,3,,not found
libtransportcore_md.so,4,2,,not found
libPluginCK.so,4,2,,not found
libblackBox.so,4,3,,not found
libdexopt.so,4,2,,not found
libSign.so,4,2,,not found
libanw.so,4,1,,not found
libWltRS.so,4,1,,not found
libcalog_android.so,4,2,,not found
libcalog.so,4,2,,not found
libaes-string.so,4,2,,not found
libVpuVehicleInvoice.so,4,2,,not found
libVinCodeScanSDK.so,4,4,,not found
libJson.so,4,2,,not found
libSceneCore.so,4,2,,not found
libSceneCore_jni.so,4,2,,not found
libsecurityGuard.so,4,3,,not found
libimcbc.so,4,2,,not found
libcose.so,4,3,,not found
libingeek-security-engine2.so,4,3,,not found
libMyKey.so,4,2,,not found
libvssapi.so,4,1,,not found
libmodadjsim.so,4,1,,not found
libmodadjunct.so,4,1,,not found
libapproov.so,4,1,,not found
libH265toMp4.so,4,1,,not found
libDtEngine.so,4,1,,not found
libMyEncrypt.so,4,1,,not found
liblibjpeg_turbo.so,4,2,,not found
libbead.so,4,2,,not found
libbcad.so,4,1,,not found
libwsld.so,4,1,,not found
libvi_voslib.so,4,0,,not found
libAETemplateEngine.so,4,1,,not found
liborayservice_sdk.so,4,2,,not found
libCommonUtilitiesLib.so,4,2,,not found
libSRTPLib.so,4,2,,not found
libZIMEClientSDKAndroid.so,4,2,,not found
libRTPParser.so,4,2,,not found
libRTCPLib.so,4,2,,not found
libRTPPackerLib.so,4,2,,not found
libtbstbs.conf.so,4,2,,not found
libtbstbs_jars_fusion_dex.jar.so,4,2,,not found
libnetcache.so,4,1,,not found
libautofaceid.so,4,3,,not found
libexamso.so,4,1,,not found
libxtool.so,4,2,,not found
libnbsdc2.0.0.so,4,2,,not found
libUE4.so,4,3,,not found
libSysUtils.so,4,3,,not found
libd1b98aadffdc1f09.so,4,0,,not found
liboom_icu.so,4,2,,not found
libkgAudioVisualizer.so,4,2,,not found
libfph.so,4,2,,not found
libSVAEEngineLib.so,4,4,,not found
liboaid.so,4,2,,not found
libmv3_h264dec_neon.so,4,0,,not found
libktsdkbeaconid.so,4,2,,not found
libktsdkqmp.so,4,1,,not found
libappsignature.so,4,3,,not found
libanti_lib.so,4,2,,not found
liba390.so,4,1,,not found
libd8b017.so,4,1,,not found
libiauxusb.so,4,1,,not found
libiauxmpeg_64.so,4,1,,not found
libiauxcodec.so,4,2,,not found
libiauxmpeg.so,4,1,,not found
libitophttpdns.so,4,2,,not found
libMSDKUnityAdapter.so,4,3,,not found
libcrosCurl.so,4,3,,not found
libPluginCrosCurl.so,4,3,,not found
libexoaudio.so,4,1,,not found
libpwnativenetsdk.so,4,1,,not found
libpw_voice_recognize_native.so,4,1,,not found
librhttp.so,4,2,,not found
libAudioAnalyze.so,4,1,,not found
libbgtandroid.so,4,2,,not found
libAudioAcoustic.so,4,1,,not found
libmv3_download.so,4,2,,not found
libmv3_downloadjni.so,4,2,,not found
libcom_huawei_easyap.so,4,1,,not found
libbizpush.so,4,1,,not found
libp2pav.so,4,2,,not found
libTRAECodec-rtmp.so,4,2,,not found
libylplayer.so,4,1,,not found
libylsdl.so,4,1,,not found
libylffmpeg.so,4,1,https://github.com/FFmpeg/FFmpeg,not sure
libextract_image.so,4,2,,not found
libadsdkJni.so,4,2,,not found
libwanosdecoder.so,4,2,,not found
libS3DApi.so,4,2,,not found
libkwaivpp.so,4,3,,not found
libiahttpaccess.so,4,2,,not found
libbytevc1enc10b.so,4,2,,not found
libdownloadable_model_support.so,4,3,,not found
libtd.so,4,2,,not found
libivfparser.so,4,1,,not found
libb511.so,4,1,,not found
libsvrecord.so,4,3,,not found
libABSClient.so,4,1,,not found
libHCDNClientNet.so,4,2,,not found
libTekEngineLib.so,4,4,,not found
libkguo.so,4,2,,not found
libMNN_dl.so,4,3,,not found
libffmpeg.zip.so,4,2,https://github.com/FFmpeg/FFmpeg,not sure
libffprobe.so,4,2,,not found
libpanoTemplate.so,4,2,,not found
libLTFishEyeProc.so,4,2,,not found
libone_fisheye.so,4,2,,not found
libLTPanoTemProc.so,4,2,,not found
libffmpegrun.so,4,1,https://github.com/FFmpeg/FFmpeg,not sure
libpitch.so,4,1,,not found
libacdec.so,4,1,,not found
libackey.so,4,2,,not found
libacfaceu.so,4,2,,not found
libavmerge.so,4,1,,not found
libline-sdk-encryption.so,4,2,,not found
libxleakjni.so,4,4,,not found
libmgsdkencryptor.so,4,2,,not found
libobiwan-jni.so,4,3,,not found
libsnpe_dsp_domains_v3.so,4,2,,not found
libkds-devtools-backend-v8.so,4,2,,not found
libkwai-v8-executor.so,4,4,,not found
libkds-devtools-backend-v8-core.so,4,2,,not found
libtflite_static_mtk.so,4,2,,not found
libkds-devtools-backend.so,4,2,,not found
libkds-devtools-backend-core.so,4,2,,not found
libdecjni.so,4,2,,not found
libwz265.so,4,1,,not found
libextra_decoder_jni.so,4,4,,not found
libFFmpeg_audio.so,4,2,https://github.com/FFmpeg/FFmpeg,not sure
libpay_encrypt.so,4,4,,not found
libcpuutil.so,4,3,,not found
libtdmbeaconid.so,4,3,,not found
libfingerprint_jni.so,4,4,,not found
libextra_mp4_parser.so,4,3,,not found
libusbaudio.so,4,4,,not found
libqq_la.so,4,3,,not found
libbeast.so,4,3,,not found
libinnovate.so,4,3,,not found
libaurora.so,4,1,,not found
libYouKuABR.so,4,3,,not found
libhdr_pro_engine.so,4,2,,not found
libvideokit_hdrvivid.so,4,2,,not found
libwns_en.so,4,0,,not found
libgameplay.so,4,3,,not found
libParticleSystem.so,4,3,,not found
libmagtsdk.so,4,2,,not found
libad_crypto.so,4,4,,not found
libdt_player_jni.so,4,3,,not found
libtquic_static.so,4,4,,not found
libsonos-crypto-android.so,4,1,,not found
libsonos-netstart-client.so,4,1,,not found
libchirp-sdk-native.so,4,1,,not found
libsonos-netstart-common.so,4,1,,not found
libsonos-certval.so,4,1,,not found
libaccessory_codecs.so,4,1,,not found
libsonos-root-cert-bundle.so,4,1,,not found
libsonos-certval-android.so,4,1,,not found
libsonoscrypto.so,4,1,,not found
libdoc.so,4,2,,not found
libLog.so,4,3,,not found
libNat.so,4,2,,not found
libjgopus.so,4,1,https://github.com/xiph/opus,not sure
libijkplayer2.so,4,2,,not found
libijkffmpeg2.so,4,2,https://github.com/FFmpeg/FFmpeg,not sure
libImgoMediaPlayer_5.8.7.so,4,2,,not found
libhelios_bt.so,4,1,,not found
libtaglib.so,4,2,,not found
libmediatool.so,4,4,,not found
libvirtual-render.so,4,2,,not found
libhotfix.so,4,1,,not found
libcore_daemon.so,4,1,,not found
libcore_reflection.so,4,1,,not found
libserial_port_imin.so,4,1,,not found
libPlayCtrlAgent.so,4,2,,not found
libFunclibAgent.so,4,2,,not found
libWebRtcAgent.so,4,2,https://webrtc.googlesource.com/src/,not sure
libOpenglesAgent.so,4,2,,not found
libTPlayer.so,4,2,,not found
libFunclib.so,4,2,,not found
libtbuprofen-util.so,4,3,,not found
libvqa.so,4,1,,not found
libxstr.so,4,2,,not found
libnearsspe.so,4,3,,not found
libcronet_90_0_4402_0_12_26_400.so,4,3,,not found
libWebViewCore_3.22.2.43.220223200638_7z_uc.so,4,1,,not found
libmscrenderer.so,4,4,,not found
libcom.jd.lib.unification.so,4,4,,not found
libcom.jd.lib.babel.so,4,4,,not found
libTaroHost.so,4,4,,not found
libcom.jd.lib.shopattention.so,4,1,,not found
libcom.jd.lib.omnichannelsearch.so,4,4,,not found
libcom.jd.lib.productdetailmini.so,4,4,,not found
libjdhook.so,4,1,,not found
libjdlame.so,4,1,,not found
libxuanji.so,4,4,,not found
libcom.jd.lib.jdpaycode.so,4,2,,not found
libcom.jd.lib.message.so,4,3,,not found
libcom.jd.lib.Discovery.so,4,4,,not found
libcom.jd.lib.jdlivelistlib.so,4,4,,not found
libcom.jd.lib.mylive.so,4,4,,not found
libcom.jd.lib.cronet.so,4,2,,not found
libcom.jd.lib.cashier.so,4,4,,not found
libv8_jsi.so,4,2,,not found
libcom.jd.lib.favourites.so,4,1,,not found
libJDUnifiedStorage.so,4,2,,not found
libcom.jd.lib.dcepsdk.so,4,3,,not found
libart.so,4,1,,not found
libcom.jd.lib.newcategory.so,4,3,,not found
libarvr_pub_api.so,4,2,,not found
libcronetplayer_ndk27.so,4,3,,not found
libcom.jd.lib.jshop.so,4,4,,not found
libjdhook_nothing.so,4,1,,not found
libprotoc.so,4,3,,not found
libmx-guard1.so,4,1,,not found
libjnirivebridge.so,4,2,,not found
libmscjsi.so,4,2,,not found
libencryptor.so,4,3,,not found
libthor.so,4,2,,not found
libsafe-so.so,4,2,,not found
libvoice.so,4,3,,not found
libxps.so,4,2,,not found
libSnpeHtpV79CalculatorStub.so,4,2,,not found
libdecode-helper.so,4,2,,not found
libtronavx.so,4,2,,not found
libMFEMakeupKit.so,4,1,,not found
libagent-ndk.so,4,1,,not found
libbat.so,4,1,,not found
libnativeserver.so,4,2,,not found
libbytelink.so,4,1,,not found
liblibconfig.so,4,1,,not found
libzstd-jni-1.5.7-3.so,4,1,https://github.com/luben/zstd-jni,not sure
libWeexEagle.so,4,2,,not found
libDmUtils.so,4,1,,not found
libperfect.so,4,2,,not found
libvenus_shadefinder.so,4,2,,not found
libRtcc.so,4,1,,not found
libvenus_tracking.so,4,2,,not found
libthemis_gfx.so,4,3,,not found
libybk_security.so,4,1,,not found
libcronet.113.0.5672.61.so,4,1,,not found
libtop-sdk.so,4,2,,not found
libnative-crypto-hook.so,4,2,,not found
libga.so,4,2,,not found
libmemory-hook.so,4,2,,not found
libAES.so,4,2,,not found
libslog.so,4,3,,not found
libTargetTrack.so,4,2,,not found
libresources.so,4,3,,not found
libstackblur.so,4,3,,not found
libfjni_wrapper.so,4,2,,not found
libaudio_process_lib.so,4,2,,not found
libpatchtools.so,4,1,,not found
libWBLivePublisher.so,4,2,,not found
libhardquicken.so,4,2,,not found
libMortredRtc.so,4,2,,not found
libluckymoneyjni.so,4,1,,not found
libwisedetect.so,4,2,,not found
libwbzstd.so,4,1,https://github.com/facebook/zstd,not sure
libslib.so,4,2,,not found
libmediafusion.so,4,2,,not found
libapm-agora-raw-data.so,4,2,,not found
libgpufilterengine.so,4,2,,not found
libimgreduce.so,4,2,,not found
libadcheck.so,4,2,,not found
libfusioneditor.so,4,2,,not found
libkk-duktape.so,4,1,,not found
libwbface_effect.so,4,2,,not found
libwbcube-skia.so,4,2,,not found
libdumper.so,4,2,,not found
libaqts.so,4,2,,not found
libziparchive-private.so,4,2,,not found
libfairflutter.so,4,3,,not found
libijkaudioprocess.so,4,3,,not found
libpngdecoder.so,4,3,,not found
libMomoAudioMixer.so,4,2,,not found
libMomoSoundAndroid.so,4,3,,not found
libijkconfplayer.so,4,3,,not found
libnet_crypto.so,4,4,,not found
libcustomlogger.so,4,3,,not found
libxhs_unwind.so,4,3,,not found
libsentry-gwp-asan.so,4,4,,not found
libspdlog.so,4,4,,not found
libanonymous.so,4,2,,not found
libUvo.so,4,2,,not found
libuxgif.so,4,2,,not found
libweico.so,4,2,,not found
libnative-word-bang.so,4,1,,not found
libwb_v8.so,4,1,,not found
libTTWebSocket.so,4,1,,not found
libtt_asr_sdk.so,4,2,,not found
libTNativeUtil.so,4,4,,not found
libbertsirzbar.so,4,2,,not found
libz_lib_jni.so,4,2,,not found
libNetSDKJNI.so,4,1,,not found
libcwsoundwavejni.so,4,2,,not found
libsjplaycontrollerjni.so,4,2,,not found
libyuvrender.so,4,2,,not found
libxfwebttsjni.so,4,2,,not found
libemp4jni.so,4,2,,not found
libsjplaycontroller.so,4,2,,not found
libammt.so,4,2,,not found
libmlnbc.so,4,4,,not found
libfast_engine.so,4,2,,not found
libSpeechEnginen.so,4,2,,not found
libKronos.so,4,2,,not found
libelevoc_single_rn.so,4,2,,not found
libSpeechEngine_vad.so,4,2,,not found
libZSE.so,4,3,,not found
libtk_crash.so,4,3,,not found
libtk_crash_dumper.so,4,3,,not found
libmv3_closeli_utility.so,4,1,,not found
libontplayer.so,4,3,,not found
libgaianative.so,4,1,,not found
libyolov5ncnn.so,4,4,,not found
libsystemdatetime.so,4,2,,not found
libepsimage.so,4,2,,not found
libescpr-wifidirect.so,4,2,,not found
libescprlib.so,4,2,,not found
libharu.so,4,2,,not found
libecclient.so,4,2,,not found
libAPC.so,4,1,,not found
libapflib.so,4,1,,not found
librectdetector.so,4,1,,not found
libMPS.so,4,1,,not found
libwnesdk.so,4,2,,not found
libdetection.so,4,1,,not found
libmacloader.so,4,1,,not found
libneguard.so,4,3,,not found
libmessage_crypto_android.so,4,2,,not found
libQBar.so,4,3,,not found
libuploadnetwork_v1.3.so,4,3,,not found
libnative-codec-jni.so,4,3,,not found
libTcVpxEnc.so,4,2,https://github.com/webmproject/libvpx,not sure
libxplatform.so,4,2,,not found
libpixelutils.so,4,3,,not found
libTcVpxDec.so,4,2,https://github.com/webmproject/libvpx,not sure
libDenoise_export.so,4,3,,not found
libvsshoot.so,4,2,,not found
librsa_key_generator.so,4,1,,not found
libaudio-mix-lib.so,4,2,,not found
libMapiSign.so,4,2,,not found
libffmpeg_ypp.so,4,2,https://github.com/FFmpeg/FFmpeg,not sure
libaudio-resample-lib.so,4,2,,not found
libjsc4a.so,4,1,,not found
libYPPMediaPlayer.so,4,2,,not found
libcachecker.so,4,2,,not found
libcommon_util.so,4,2,,not found
libNetAdminJNIAPI.so,4,2,,not found
libNetAdmin.so,4,2,,not found
libwebservice_sdk.so,4,2,,not found
libp2pv3client.so,4,2,,not found
libp2pprotocol.so,4,2,,not found
libp2pcore.so,4,2,,not found
libevent_pthreads-2.1.so,4,1,https://github.com/libevent/libevent,not sure
libstreamenc.so,4,2,,not found
libeventcore.so,4,2,,not found
libp2pcloudvod.so,4,2,,not found
libtd_algo_ipc.so,4,2,,not found
libDevSNEcryptJNIAPI.so,4,2,,not found
libmp4sdk.so,4,2,,not found
libavfiltersdk.so,4,2,,not found
libCacheckerJNIAPI.so,4,2,,not found
libossdk.so,4,2,,not found
libqrencode.so,4,2,,not found
libCommonUtilJNIAPI.so,4,2,,not found
libnvssdk.so,4,2,,not found
libBusinessJNIAPI.so,4,2,,not found
libos.so,4,2,,not found
libavdecsdk.so,4,2,,not found
libpjsua.so,4,2,,not found
libNetDeviceAPI.so,4,2,,not found
libavplaysdk.so,4,2,,not found
libp2pclient.so,4,2,,not found
libpackage.so,4,2,,not found
libSW_DecodePlayerJNIAPI.so,4,2,,not found
libHW_DecodePlayerJNIAPI.so,4,2,,not found
libcloudsdk.so,4,2,,not found
libdevsnencrypt.so,4,2,,not found
libNetDevice.so,4,2,,not found
libnllvm1758200602724.so,4,3,,not found
libstrace_stacktracekey.so,4,4,,not found
libshell-superv.2019.so,4,2,,not found
libshell-supervbasic.2019.so,4,2,,not found
libNvConvert.so,4,1,,not found
libAny3A.so,4,1,,not found
libarrtc.so,4,2,,not found
libvidev.so,4,1,,not found
librastconnection.so,4,1,,not found
libkatago.so,4,2,,not found
libAudioProcessing.so,4,2,,not found
libcpu_bound_lib.so,4,1,,not found
liblagHunter.so,4,2,,not found
libxxhash.so,4,2,,not found
libtnet-2.0.17.2-agoo.so,4,0,,not found
libwebviewchromium.so,4,3,,not found
libnative-draw.so,4,1,,not found
libnecmMediaGift.so,4,4,,not found
libnecmMediaPlayer.so,4,4,,not found
libNeAVEditorTimeline.so,4,4,,not found
libcaesar.so,4,3,,not found
libbilog.so,4,2,,not found
libnecmMediaInfo.so,4,4,,not found
libnecmMediaCodecJDec.so,4,2,,not found
libnecmH264Dec.so,4,3,,not found
libnecmMP3Dec.so,4,2,,not found
libcaesarson.so,4,2,,not found
libneaudioeffects.so,4,3,,not found
libnecmH265Dec.so,4,3,,not found
libnecmAACEnc.so,4,2,,not found
libAVEditor.so,4,4,,not found
libavbase.so,4,1,,not found
libnecmAACDec.so,4,2,,not found
libnecmMediaCommon.so,4,4,,not found
libgmp.so,4,3,,not found
libxlabeffect.so,4,3,,not found
libsystemcrashprotect.so,4,3,,not found
libekeydecryptor.so,4,3,,not found
libemojihelper.so,4,3,,not found
libfocusEngineJni.so,4,3,,not found
libxeffect_xlog.so,4,3,,not found
libkinda_android.so,4,3,,not found
libwebpx.so,4,1,https://chromium.googlesource.com/webm/libwebp/,not sure
libholmes.so,4,2,,not found
libtaopai-ffmpeg.so,4,2,https://github.com/FFmpeg/FFmpeg,not sure
libHolmesJni.so,4,2,,not found
libquic_jni.so,4,2,,not found
libencryptlog.so,4,2,,not found
libsafestack.so,4,2,,not found
libreact-package-registry.so,4,3,,not found
libreact_codegen_ReactNativeSvgSpec.so,4,1,https://github.com/software-mansion/react-native-svg,not sure
libthsdk.so,4,3,,not found
libreact_codegen_ReactNativeLinearGradientSpec.so,4,1,https://github.com/react-native-linear-gradient/react-native-linear-gradient,not sure
libzhcppkit.so,4,1,,not found
libAACEnc.so,4,1,,not found
libMediaCodecJDec.so,4,1,,not found
libCamerasink.so,4,1,,not found
libosal.so,4,1,,not found
libsqliterecover.so,4,1,,not found
libH264Dec.so,4,1,,not found
libzmmediaplayer.so,4,1,,not found
libAACDec.so,4,1,,not found
libH264Enc.so,4,1,,not found
libZMMediaExtractor.so,4,1,,not found
libMediaTransCode.so,4,2,,not found
libschsd.so,4,4,,not found
libss-local.so,4,2,,not found
libss-local-x8.so,4,2,,not found
libzs-local.so,4,2,,not found
libpx.so,4,2,,not found
libca.so,4,2,,not found
libadslccy.so,4,2,,not found
libCNativeFunction.so,4,3,,not found
libnnpack.so,4,3,,not found
libwnsnetwork_v1.3.so,4,3,,not found
libgifflen.so,4,3,,not found
libNebulaAPIsT.so,4,2,,not found
libspectrumfbjni.so,4,2,,not found
libspectrum.so,4,2,,not found
libspectrumcpp.so,4,2,,not found
libspectrumpluginjpeg.so,4,2,,not found
libalgdetector.so,4,2,,not found
libshareware.so,4,2,,not found
libPhoenix_libCodec.so,4,1,,not found
liblivecore.so,4,2,,not found
libARRender.so,4,3,,not found
libOpenCV.so,4,2,https://github.com/opencv/opencv,not sure
libqspower-1.0.0.so,4,2,,not found
libomgcrashcapture.so,4,2,,not found
libapm_native_base.so,4,1,,not found
libcmxsced.so,4,2,,not found
libgpns.so,4,2,,not found
libreact_codegen_HrnUikitSpec.so,4,2,,not found
libcommonutil.so,4,2,,not found
libCOMM_ABSTRACT_LAYER.so,4,2,,not found
libDIAG.so,4,2,,not found
libDEVICEID.so,4,2,,not found
libSEARCHID.so,4,2,,not found
libSTD.so,4,2,,not found
libqualitybankid.so,4,2,,not found
libDrivingLicenseengine.so,4,3,,not found
libabupdate_sn.so,4,2,,not found
libdmapxx.so,4,2,,not found
libdata-trans-hub.so,4,3,,not found
libDidaCore.so,4,3,,not found
libpacteraJni.so,4,1,,not found
libhellobike_log_extension.so,4,1,,not found
libRoiland_TSP.so,4,1,,not found
libWebViewCore_3.22.2.46.220614210535_7z_uc.so,4,1,,not found
libh_core_glog.so,4,2,,not found
libDeviceAPI.so,4,2,,not found
libPosApi.so,4,1,,not found
liblibyuv.so,4,2,https://chromium.googlesource.com/libyuv/libyuv/,not sure
libNativeCrash.so,4,2,,not found
libCWDetectSDK.so,4,2,,not found
libNameSolution.so,4,2,,not found
libcapture.so,4,2,,not found
libopencv_qrcode.so,4,1,https://github.com/opencv/opencv,not sure
libnllvm1624008857.so,4,1,,not found
libMpcCode.so,4,3,,not found
libwebrtcdemo-jni.so,4,3,https://webrtc.googlesource.com/src/,not sure
libshrink.so,4,3,,not found
libailog2.so,4,3,,not found
libNativeFormats.so,4,0,,not found
libMeicloudSsl.so,4,1,,not found
libMeicloudCrypto.so,4,1,,not found
libtransform-lib.so,4,1,,not found
libcyy_native_key.so,4,1,,not found
libjgloader.so,4,2,,not found
lib_RongRTC_ffmpeg.so,4,2,https://github.com/FFmpeg/FFmpeg,not sure
lib_RongRTC_sdl.so,4,2,,not found
lib_RongRTC_player.so,4,2,,not found
libmemArt.so,4,4,,not found
libmnn_jsi.so,4,2,,not found
libtbffmpegmarvel.so,4,1,https://github.com/FFmpeg/FFmpeg,not sure
libavcodec_jni.so,4,2,,not found
libmnnqjs.so,4,2,,not found
libapm_native_crash.so,4,2,,not found
libdp_ffi.so,4,1,,not found
libdp.so,4,2,,not found
libaidcnetdetect.so,4,1,,not found
libduapm.so,4,2,,not found
libtdm-5.2-36-jni.so,4,1,,not found
libDWaf.so,4,1,,not found
libconfig-lib.so,4,2,,not found
libdek.so,4,2,,not found
libkerdb.so,4,1,,not found
libwecode_af.so,4,1,,not found
libAESecret.so,4,1,,not found
libwecod.so,4,1,,not found
libToolsJni.so,4,2,,not found
libmarsxlogC.so,4,3,https://github.com/Tencent/mars,not sure
libgxlog.so,4,3,,not found
libreporter_ffi.so,4,1,,not found
libmqtt_ffi.so,4,1,,not found
libnexgo_nsiccsctjni.so,4,2,,not found
libnexgo_emvbasejni.so,4,2,,not found
libnexgo_expressjni.so,4,2,,not found
libnexgo_quickpassjni.so,4,2,,not found
libamexcn.so,4,2,,not found
libnexgo_rupayjni.so,4,2,,not found
libnexgo_mirjni.so,4,2,,not found
libnexgo_gencode.so,4,2,,not found
libnexgo_dpasjni.so,4,2,,not found
libnexgo_emvctjni.so,4,2,,not found
libnexgo_mbjni.so,4,2,,not found
libnexgo_emvmathjni.so,4,2,,not found
libamericanexpress.so,4,2,,not found
libnexgo_sdkemvjni.so,4,2,,not found
libnexgo_emvjni.so,4,2,,not found
libnexgo_jcbjni.so,4,2,,not found
libnexgo_purejni.so,4,2,,not found
libnexgo_paypassjni.so,4,2,,not found
libnexgo_emvmathgmjni.so,4,2,,not found
libnexgo_paywavejni.so,4,2,,not found
libMBVoipClientJNI41.so,4,2,,not found
libsmartseercsapi.so,4,2,,not found
libiProtectHKB.so,4,1,,not found
libPAInfosecMSSL.so,4,2,,not found
libbundle2h_core.so,4,4,,not found
libcubenativelog.so,4,4,,not found
libandroid-phone-wallet-cubecore.so,4,4,,not found
libnative-falcon-jsi-adaptor.so,4,4,,not found
libsojex.so,4,3,,not found
libmsk.so,4,2,,not found
libcvfinance_api.so,4,2,,not found
libPassGuardInput.so,4,1,,not found
libGMVoiceEncrypt.so,4,2,,not found
libAntAudio_VQE.so,4,1,,not found
libabcSignUtil.so,4,3,,not found
libumapencryption.so,4,4,,not found
libtinyLib.so,4,2,,not found
libantiJDWP.so,4,2,,not found
libemappcorelibc.so,4,2,,not found
libyoutulivecheck.so,4,0,,not found
libAnyPassGuard.so,4,2,,not found
libHxPassGuard.so,4,1,,not found
libcwocr.so,4,2,,not found
libhumansdkjni.so,4,2,,not found
libpatech.so,4,2,,not found
libnllvm1757942486771.so,4,1,,not found
libem-im.so,4,2,,not found
libWindSecurity.so,4,1,,not found
libWind.Cosmos.TBAPI2.so,4,1,,not found
libWind.Cosmos.Base.so,4,1,,not found
libWindCrypt.so,4,1,,not found
libweworkWrapper.so,4,1,,not found
libWind.UniSecurity.so,4,1,,not found
libwind.cosmos.dpu.codec.so,4,1,,not found
libWind.Cosmos.WeWorkClient.so,4,1,,not found
libWind.Cosmos.Log4z.so,4,1,,not found
libcosmosWrapper.so,4,1,,not found
libdefenderHelper.so,4,1,,not found
libiProtectSZRCB.so,4,2,,not found
libO_All.so,4,0,,not found
libxdcrypt.so,4,2,,not found
libxtkey.so,4,2,,not found
libmccard-v2.so,4,1,,not found
libjdcard-v2.so,4,2,,not found
libmccard-v2-jni.so,4,1,,not found
libocrcv.so,4,3,,not found
libnllvm1624503266.so,4,1,,not found
libicbcencryption.so,4,1,,not found
libvcreditsdk.so,4,1,,not found
libCubicSDK.so,4,4,,not found
libsnbcipher.so,4,2,,not found
libenv_detector.so,4,1,,not found
libMP_LiveDetection.so,4,2,,not found
libMPFaceQuality_jni.so,4,1,,not found
libMPLicVerify.so,4,1,,not found
libidcardocr.so,4,2,,not found
lib_bu_paddle_light_api_shared_ext.so,4,2,,not found
libmertool_v1_1.so,4,2,,not found
libdxm_lite_liveness.so,4,2,,not found
lib_bu_bd_unifylicense_ext.so,4,2,,not found
libdxm_pay_box_1.0.so,4,2,,not found
libsm_pay.so,4,2,,not found
libbaseecc.so,4,2,,not found
libJY_DT60_4.so,4,2,,not found
libJYJpgUtil_4.so,4,2,,not found
libJY_VVSDK_4.so,4,2,,not found
libEncryptPwd.so,4,1,,not found
libGZSipCryptor.so,4,1,,not found
libpatchUtil.so,4,1,,not found
libYuvUtils.so,4,2,,not found
libyuv_jni.so,4,2,,not found
libidreader.so,4,2,,not found
libnfcid.so,4,2,,not found
libAFAudioToolBox.so,4,3,,not found
libMdSecurity.so,4,2,,not found
libCryptoWrapper.so,4,1,,not found
libcmbcSwipeLockCryptor.so,4,4,,not found
libtrustSafetyKeyLib.so,4,4,,not found
libnllvm1729764027249.so,4,2,,not found
libndktest.so,4,2,,not found
libbabydiary-native.so,4,1,,not found
libnllvm1625036635.so,4,2,,not found
libpfmcvideo.so,4,1,,not found
libpaxlog.so,4,2,,not found
libnllvm1651216970.so,4,1,,not found
libocrgvebankcard.so,4,1,,not found
libnative-etds-lib.so,4,3,,not found
librong360.so,4,2,,not found
libspdecrypy.so,4,1,,not found
libndk.so,4,2,,not found
libnllvm1725258107487704000.so,4,1,,not found
libsm2.so,4,1,,not found
libnllvm1762227409521.so,4,1,,not found
libsockSign.so,4,1,,not found
libbspath.so,4,1,,not found
libfxquickjs.so,4,2,,not found
libflexojs.so,4,2,,not found
libptrace-jni.so,4,2,,not found
libEbookNative.so,4,3,,not found
libdecode100203b46520.so,4,3,,not found
libopencc-android.so,4,2,,not found
libIndoorMapSDK2.2.5.so,4,1,,not found
libflutter-communication.so,4,1,,not found
libreact_codegen_svg.so,4,2,https://github.com/software-mansion/react-native-svg,not sure
libPerfgeniusApi.so,4,2,,not found
libcqffmpeg.so,4,1,https://github.com/FFmpeg/FFmpeg,not sure
libcqsdl.so,4,1,,not found
libcqplayer.so,4,1,,not found
libvbhook.so,4,4,,not found
libsvideorecorder.so,4,2,,not found
libvideorecorder.so,4,2,,not found
libvvroom.so,4,1,,not found
liblive_kvvroom.so,4,1,,not found
libmulti_call_proto.so,4,2,,not found
libvvbaseplayer.so,4,2,,not found
libmessageav.so,4,2,,not found
libvveffects.so,4,2,,not found
libGiftAnimEngine.so,4,1,,not found
libopenfec.so,4,1,,not found
libubfft.so,4,1,,not found
libmediatools.so,4,1,,not found
libkroomav.so,4,2,,not found
libvvav.so,4,2,,not found
libvvfilters.so,4,2,,not found
libst_mobile_jni.so,4,1,,not found
libmediaclient.so,4,2,,not found
libvvimage.so,4,1,,not found
libcrashlytices_jni.so,4,1,,not found
libvvbreakpad.so,4,1,,not found
libmultikroomav.so,4,2,,not found
libubeffecter.so,4,1,,not found
libanimplayer.so,4,1,,not found
libtoolkit.so,4,2,,not found
libslp2p.so,4,2,,not found
libjnibitmap.so,4,2,,not found
libijkaicenter.so,4,4,,not found
libnirvana.so,4,2,,not found
libsqliteJni.so,4,3,,not found
libbzip2.so,4,3,,not found
libfx_connection.so,4,1,,not found
libKugouAICore.so,4,4,,not found
libliveffect.so,4,2,,not found
libunicorn-main.so,4,2,,not found
libbyte_rec.so,4,1,,not found
libtvcore.so,4,2,,not found
libUpdateInstaller.so,4,2,,not found
libsongstudio.so,4,2,,not found
libbhsrsdk.so,4,1,,not found
libmp4encode.so,4,3,,not found
libaacEnc.so,4,3,,not found
libRenderEngine.so,4,3,,not found
libnative-image.so,4,1,,not found
libanr_utils.so,4,2,,not found
libanr_utils_e.so,4,2,,not found
libekko.so,4,2,,not found
libvzan_log.so,4,2,,not found
liblgt.so,4,1,,not found
libmtt_shared.so,4,2,,not found
libmttv8.so,4,2,,not found
libaudioengine-oriole-jni.so,4,2,,not found
libpushengine.so,4,2,,not found
libkkijkffmpeg.so,4,1,https://github.com/FFmpeg/FFmpeg,not sure
libmagic.so,4,1,,not found
libkkijksdl.so,4,1,,not found
libkkijkplayer.so,4,1,,not found
libldp2.so,4,2,,not found
libchm.so,4,1,,not found
libpmbhookmonitor.so,4,1,,not found
libscore-lib.so,4,1,,not found
libconstants-lib.so,4,1,,not found
libaliad_params.so,4,1,,not found
libleveldb-android.so,4,2,,not found
libhwTTS.so,4,2,,not found
libffmpegDecoder.so,4,2,https://github.com/FFmpeg/FFmpeg,not sure
libpaddle_mobile_jni.so,4,2,,not found
libEasyARJSC.so,4,2,,not found
libmultidex.so,4,0,,not found
librust_lib.so,4,3,,not found
libcastauth.so,4,2,,not found
libKeyJni.so,4,1,,not found
libhost_abi.so,4,1,,not found
libcmark_gfm_flow.so,4,4,,not found
libcwmhttps.so,4,2,,not found
libcurlhttps.so,4,2,,not found
liburtcengine_so.so,4,2,,not found
libnllvm1623579633.so,4,2,,not found
libadutil.so,4,1,,not found
libpdfview2.so,4,2,,not found
libkoo_channel.so,4,1,,not found
libgkmp3lame.so,4,1,,not found
libkoocurl.so,4,1,,not found
libgetParams-jni.so,4,1,,not found
libGenseeSoundTouch.so,4,2,https://codeberg.org/soundtouch/soundtouch,not sure
libappscrit.so,4,2,,not found
libsalt.so,4,2,,not found
libvoc-jni.so,4,1,,not found
libc-lib.so,4,2,,not found
libload-jni.so,4,2,,not found
libfockrt.so,4,1,,not found
libnib.so,4,1,,not found
libknobs.so,4,1,,not found
libFIOPSSelfNFC.so,4,1,,not found
libidcardChallenge.so,4,1,,not found
libwxcipher.so,4,2,,not found
libskyffi.so,4,3,,not found
libyyauthlite.so,4,3,,not found
liblibvision.so,4,2,,not found
libtriangle.so,4,1,,not found
libvss.so,4,2,,not found
libdepthmnn.so,4,2,,not found
liblow_light_enhance.so,4,2,,not found
libres_pool.so,4,4,,not found
libvideo_renderer.so,4,2,,not found
librs.vignette.so,4,3,,not found
libaot-Xamarin.AndroidX.AppCompat.dll.so,4,3,,not found
libaot-Xamarin.AndroidX.Core.dll.so,4,3,,not found
libaot-Xamarin.AndroidX.ViewPager.dll.so,4,3,,not found
libaot-System.dll.so,4,3,,not found
libaot-Mono.Android.dll.so,4,3,,not found
libSystem.Globalization.Native.so,4,3,,not found
libaot-System.Net.Http.dll.so,4,3,,not found
libaot-Java.Interop.dll.so,4,3,,not found
libmono-component-marshal-ilgen.so,4,2,,not found
libvideo_seg.so,4,2,,not found
libserverSecurity.so,4,2,,not found
librtmdet.so,4,2,,not found
libdcv.so,4,2,,not found
libmlt.so,4,2,,not found
libqmev3.so,4,2,,not found
librvm.so,4,3,,not found
libqme_glue.so,4,2,,not found
libass-android.so,4,2,,not found
libqmeengine.so,4,2,,not found
libujxp.so,4,1,,not found
libcc28421aa34c969fe5dd8bcae3b3f731.so,4,1,,not found
libmpfilterimage.so,4,2,,not found
libmobimt.so,4,1,,not found
libDJIFlySafeCore.so,4,2,,not found
libDJIMOP.so,4,2,,not found
libLiveviewARCore.so,4,2,,not found
libDJISDKLOGJNI.so,4,2,,not found
libDjiLiveviewAR.so,4,2,,not found
libdjiwpv2.so,4,2,,not found
libDJIWaypointV2Core.so,4,2,,not found
libDJIMOPJni.so,4,2,,not found
libutmiss_jni.so,4,2,,not found
libnative-buffer.so,4,2,,not found
libsfjni.so,4,2,,not found
libdjifs_jni.so,4,2,,not found
libFR.so,4,2,,not found
libDjiAffinity.so,4,2,,not found
librtk-lib.so,4,2,,not found
libimagehelper.so,4,3,,not found
libdataclx.so,4,2,,not found
libmrtc_agora.so,4,3,,not found
libmrtc_onvif.so,4,3,,not found
libmrtc_data.so,4,3,,not found
libmrtc_core.so,4,3,,not found
libmrtc_28181.so,4,3,,not found
libmrtc_log.so,4,3,,not found
libmrtc_rtsp.so,4,3,,not found
libSdkyclx_clx.so,4,2,,not found
libmrtc_rtmp.so,4,3,,not found
libdjisdk_jni.so,4,4,,not found
libDJIFileSystem.so,4,4,,not found
libdcl_jni.so,4,4,,not found
libdjibase.so,4,4,,not found
libopencvtest.so,4,1,https://github.com/opencv/opencv,not sure
libcronet.75.0.3770.100.so,4,1,,not found
libSnpeHtpV73Skel.so,4,2,,not found
libSnpeHtpV75Skel.so,4,2,,not found
libSnpeHtpV79Skel.so,4,2,,not found
libSnpeHtpV69Skel.so,4,2,,not found
libDongtuSDKCodec.so,4,1,,not found
libPGAITools.so,4,3,,not found
libPGAIClient.so,4,3,,not found
libmtimage.so,4,2,,not found
libmfxkit.so,4,3,,not found
libMTGif.so,4,2,,not found
libMtlabSign.so,4,2,,not found
libTenLineJniV2.so,4,2,,not found
libmagicimage.so,4,2,,not found
librife.so,4,2,,not found
libmiximagekit.so,4,2,,not found
libastc-encoder.so,4,3,,not found
libdetuutils.so,4,2,,not found
libbiku-image-tools.so,4,3,,not found
libpmmtp.so,4,1,,not found
libl7zip.so,4,1,,not found
libmr_face.so,4,2,,not found
libfm4.so,4,2,,not found
libPocoImage.so,4,3,,not found
libprivate-info.so,4,2,,not found
libAdaptive3DLUT.so,4,2,,not found
libFYGesture_Detector.so,4,2,,not found
libHeadTracker.so,4,2,,not found
libHead_Detector.so,4,2,,not found
libhdrstitcher.so,4,2,,not found
libfyaitrack.so,4,2,,not found
libfotor_sdk_editor.so,4,2,,not found
libie.so,4,1,,not found
libcge_jni.so,4,2,,not found
libfotor_sdk.so,4,1,,not found
libfotor_magicpath.so,4,1,,not found
libcge_filters.so,4,2,,not found
libDPS_API_PPCS.so,4,1,,not found
libNDT_API_PPCS.so,4,1,,not found
libHisiLink.so,4,1,,not found
libjl_pack.so,4,1,,not found
libdenoise.so,4,2,,not found
liblddiscover.so,4,2,,not found
libdipb-lib.so,4,3,,not found
librtm_sdk_jni.so,4,2,,not found
libnheslink.so,4,2,,not found
libszbinding.so,4,1,,not found
libhidemapsitem.so,4,1,,not found
libdfvision.so,4,1,,not found
libmobilesecurity.so,4,1,,not found
libsecurity_android.so,4,2,,not found
libgenie.so,4,3,,not found
libsdk-core.so,4,3,,not found
libpgJNI.so,4,2,,not found
libmspay_encrypt.so,4,2,,not found
libOraySunloginService.so,4,2,,not found
libdes_utils.so,4,2,,not found
libDeposit.so,4,2,,not found
libMessageManager.so,4,2,,not found
libTPPlayImplement.so,4,2,,not found
libdevAddManager.so,4,2,,not found
libtpapm-fd.so,4,1,,not found
libRobot.so,4,2,,not found
libsettingManager.so,4,2,,not found
libIPCMediaPlayer.so,4,2,,not found
liburlmanager.so,4,2,,not found
libaccountInfo.so,4,2,,not found
libtpwlog.so,4,2,,not found
libIPCCloudStorage.so,4,2,,not found
libDeviceInfoListStorage.so,4,2,,not found
libtpsqlite.so,4,2,,not found
libShareListInfo.so,4,2,,not found
libstreaming_writing_to_png.so,4,1,,not found
libtag1.so,4,2,,not found
libeasypusher.so,4,2,,not found
libappkey.so,4,2,,not found
libtftChequer.so,4,2,,not found
libPitayaObject.so,4,3,,not found
libensdk.so,4,2,,not found
libioshpmpjpeg.so,4,1,,not found
libioshpmpcups.so,4,1,,not found
libioshpmpexpat.so,4,1,,not found
libioshpmpcjson.so,4,1,,not found
libioshpmp.so,4,1,,not found
libioshpmpbsnmp.so,4,1,,not found
libioshpmppng.so,4,1,,not found
libfusg.so,4,1,,not found
libcam_player.so,4,1,,not found
libblurdetector.so,4,2,,not found
libQQImageCompare.so,4,1,,not found
libwg.so,4,1,,not found
libwg-go.so,4,1,,not found
libwg-quick.so,4,1,,not found
libmarsxlog_xlog.so,4,2,https://github.com/Tencent/mars,not sure
libintelligent_template.so,4,3,,not found
libvideo_analysis.so,4,3,,not found
libXMApm.so,4,2,,not found
libXMMedia.so,4,2,,not found
libdatawings.so,4,1,,not found
libqstream.so,4,1,,not found
libquaramera.so,4,1,,not found
libuncommon_ocr.so,4,1,,not found
libbrowserpro.so,4,1,,not found
libquarkshell.so,4,1,,not found
libpars.so,4,3,,not found
libThrowException.so,4,1,,not found
libhalfTone.so,4,2,,not found
libopencv_bitmap.so,4,2,https://github.com/opencv/opencv,not sure
libCurve.so,4,1,,not found
libImgProc.so,4,2,,not found
libMapConvert.so,4,1,,not found
libSignatureValidation.so,4,1,,not found
libHprtSecurity.so,4,1,,not found
libNativeRendererJNI.so,4,2,,not found
libNativeMapJNI.so,4,2,,not found
libDWUtils.so,4,2,,not found
libDWIMECore.so,4,2,,not found
libccq_media.so,4,2,,not found
libkernelu4_uc_7z.so,4,4,,not found
libfvcore.so,4,1,,not found
libu3player.so,4,3,,not found
libbehavix_base.so,4,2,,not found
libmbencrypt.so,4,1,,not found
libkit.so,4,2,,not found
libniimbot_lego.so,4,2,,not found
libniimbot_calamine_excel.so,4,2,,not found
liblego.so,4,2,,not found
libniimbot_excel.so,4,2,,not found
libniimbot_netal.so,4,2,,not found
libsr.so,4,2,,not found
libscaffold.so,4,4,,not found
libdebug.so,4,4,,not found
libyuncrash.so,4,1,,not found
libyuncrash_dumper.so,4,1,,not found
libcom_ikaui_telnet_ase_Exec.so,4,1,,not found
libgaze100716.so,4,3,,not found
libSieve.so,4,4,,not found
libproduct_lens.so,4,3,,not found
libCloudwiseHttp.so,4,2,,not found
libparam.so,4,2,,not found
libyuvDecoder.so,4,2,,not found
libbrevent.so,4,1,,not found
libdce-1.1.0.so,4,1,,not found
libbumblebee-1.0.4-mfr.so,4,3,,not found
libpxcore3.so,4,1,,not found
libindex1.0.13.16.so,4,1,,not found
libVinnyLive.so,4,1,,not found
libsydjnismsdk.so,4,1,,not found
libtechindex_plugin.so,4,1,,not found
libtech_index.so,4,1,,not found
libdesrsa.so,4,1,,not found
libcom.agutong.sharesdk.so,4,2,,not found
libcom.fattail.androidutils.so,4,1,,not found
libti.cloak.so,4,2,,not found
libkroll-v8.so,4,2,,not found
libcom.agutong.alipay.so,4,2,,not found
libti.identity.so,4,2,,not found
libti.compression.so,4,2,,not found
libcom.agutong.umeng.so,4,1,,not found
libbsdiff-lib.so,4,1,,not found
libbd_idl_pass_token.so,4,2,,not found
libindex2.0.6.so,4,1,,not found
libindex3.0.3.so,4,1,,not found
libMd5.so,4,1,,not found
libbbox.so,4,1,,not found
libdalvikhack.so,4,3,,not found
libamr_nb.so,4,1,,not found
libqhvc_sign.so,4,1,,not found
libjni-pcmcode2.so,4,1,,not found
libAdaptivePerformanceAndroid.so,4,1,,not found
libaiolos-native-lib.so,4,1,,not found
libggrlamemp3.so,4,2,,not found
libnlog.so,4,2,,not found
liboxfordsecurity.so,4,2,,not found
liblofelt_sdk.so,4,2,,not found
libHuaWeiAREngineAndroidHelper.so,4,2,,not found
libHuaWeiAREngineAndroidHelper_ndk.so,4,2,,not found
libplugin.soloud.so,4,1,,not found
librtmq_im.so,4,2,,not found
liblibgdx-oboe.so,4,2,,not found
libFirebaseCppRemoteConfig.so,4,3,,not found
libmymp3lame.so,4,1,,not found
libavutilneko.so,4,1,,not found
libffmpegkit_abidetectneko.so,4,1,https://github.com/FFmpeg/FFmpeg,not sure
libavcodecneko.so,4,1,,not found
libswresampleneko.so,4,1,,not found
libavfilterneko.so,4,1,,not found
libavdeviceneko.so,4,1,,not found
libffmpegkitneko.so,4,1,https://github.com/FFmpeg/FFmpeg,not sure
libavformatneko.so,4,1,,not found
libswscaleneko.so,4,1,,not found
librdmp3lame.so,4,2,,not found
libBmpJniUtilDither.so,4,3,,not found
libhard.so,4,0,,not found
libxxb-constants.so,4,1,,not found
libdwEngineHw.so,4,2,,not found
libAIDetection.so,4,2,,not found
libaidp-lib.so,4,1,,not found
libfacehy.so,4,1,,not found
liblocation.so,4,2,,not found
libbarmakocr.so,4,1,,not found
libImCore.so,4,1,,not found
liboppoflipped.so,4,1,,not found
libHarfBuzzSharp.so,4,1,https://github.com/harfbuzz/harfbuzz,not sure
libstockfishlib.so,4,1,,not found
libmidicore.so,4,2,,not found
libmidi-utils.so,4,2,,not found
libfaceLibrary.so,4,1,,not found
libmxcore.so,4,1,,not found
libmxcore_javasupport.so,4,1,,not found
libdls-verify-lib.so,4,1,,not found
libluasqlite3.so,4,1,,not found
librknnrt.so,4,2,,not found
libRequestEncoder.so,4,3,,not found
libaudio-aac-enc.so,4,1,,not found
libNoiseSuppressionSDK.so,4,2,,not found
libapm-plugin-media-frame-observer.so,4,2,,not found
libcnki_express.so,4,2,,not found
libreaderex_android.so,4,1,,not found
libe48105182_v1046_aee.so,4,2,,not found
libe14b478a3_v1018_aee.so,4,2,,not found
libee59b02d1_v1008_aee.so,4,1,,not found
libPdfModel.so,4,2,,not found
libpersistent.so,4,2,,not found
libmmkv-wemeet.so,4,1,,not found
libidea_module.so,4,3,,not found
libzxxk_so.so,4,2,,not found
libsdc-id.so,4,1,,not found
libtool-file.so,4,1,,not found
libsdc-idtext.so,4,1,,not found
libverify.so,4,3,,not found
libnavigator-android.so,4,2,,not found
libcrypt-lib.so,4,1,,not found
libyppl.so,4,1,,not found
libsmart_utils.so,4,1,,not found
libTMARCamera.so,4,1,,not found
libd585.so,4,1,,not found
libbb7cbb.so,4,1,,not found
libleveldb_wrapper.so,4,1,,not found
liba5c7.so,4,1,,not found
libcec9f7.so,4,1,,not found
libdc519b.so,4,1,,not found
libef70.so,4,1,,not found
libabf7b0.so,4,1,,not found
libreact-native-filament.so,4,1,,not found
libbcg729.so,4,1,,not found
libhbencrypt.so,4,2,,not found
libarsceneview-jni.so,4,1,,not found
libsecdata.so,4,1,,not found
libzkserialport.so,4,2,,not found
libtuniucurlnetwork.so,4,2,,not found
libtuniudns.so,4,2,,not found
libnative_opencv.so,4,1,https://github.com/opencv/opencv,not sure
libexif_extended.so,4,1,,not found
libdcraw2.so,4,1,,not found
libdcraw1.so,4,1,,not found
libdcraw3.so,4,1,,not found
libtnet-1.1.5.so,4,1,,not found
libMediaSyncNetwork.so,4,1,,not found
libidpagent.so,4,1,,not found
libFaceVideoSDK.so,4,2,,not found
liblibjpeg.so,4,1,,not found
liblibde265.so,4,1,,not found
libnative-jpeg.so,4,1,,not found
libbys.so,4,1,,not found
libtdcrypto.so,4,2,,not found
libARMdlSDK.so,4,2,,not found
libFaceAlgoSDK.so,4,2,,not found
libAmniXSkinSmooth.so,4,1,,not found
libmediarecord.so,4,2,,not found
libfiltergl.so,4,2,,not found
liblenthevcdec.so,4,1,,not found
libimageseparation.so,4,2,,not found
libCutoutJniUtils.so,4,2,,not found
libinpaint.so,4,2,,not found
liblucmls.so,4,2,,not found
libdcc.so,4,2,,not found
libwlmedia-1.0.6.so,4,1,,not found
libsoundtouch-2.1.1.so,4,1,https://codeberg.org/soundtouch/soundtouch,not sure
liblonginus.so,4,2,,not found
libjni-noisesuppression.so,4,2,,not found
libjni-resample.so,4,2,,not found
libjni-smartdecoder.so,4,2,,not found
libjni-hohem.so,4,2,,not found
libapi-lib.so,4,2,,not found
libzl.so,4,1,,not found
libVuforiaEngine.so,4,3,,not found
libauthlib.so,4,2,,not found
libzhangyue_security.so,4,1,,not found
libnbp.so,4,1,,not found
libparams-lib.so,4,2,,not found
libuniffi_dotlottie_player.so,4,2,,not found
libneo_pen.so,4,3,,not found
libbkneng-jni.so,4,1,,not found
libPublicKey.so,4,2,,not found
libcloooud.so,4,2,,not found
libjgcta_a64.so,4,0,,not found
libjgcta.so,4,0,,not found
libjgcta_x86.so,4,0,,not found
libjgcta_x64.so,4,0,,not found
libmmcv_api_stylizeface.so,4,4,,not found
libmmcv_api_ardetect.so,4,4,,not found
libmmcv_api_objectdetect.so,4,4,,not found
libmmcv_api_handdetectlandmark.so,4,4,,not found
libmmcv_api_base.so,4,4,,not found
libmmcv_api_tietieheart.so,4,3,,not found
libmmcv_api_handsg.so,4,4,,not found
libkrisp_noise_cancellation.so,4,2,,not found
libkrisp-audio-sdk.so,4,2,,not found
libdskj3489swfhj.so,4,2,,not found
libgbdfefufdu98.so,4,0,,not found
libgbdfbmjnfou_32.so,4,0,,not found
libmovie.so,4,1,,not found
libmangocracker.so,4,1,,not found
libscheduler.so,4,1,,not found
libRemoteParkAssist.so,4,1,,not found
libtpms-lib.so,4,1,,not found
libimage_code_crop_sdk.so,4,1,,not found
libdetect_pointer_sdk.so,4,1,,not found
libnative_lib.so,4,2,,not found
libaesutil.so,4,2,,not found
libhhmpeg.so,4,1,,not found
libhhyuv.so,4,2,,not found
libbeaconfire.so,4,1,,not found
libspark_engine.so,4,1,,not found
traceroute.so,4,1,,not found
libopuscore.so,4,2,https://github.com/xiph/opus,not sure
librenderer.so,4,2,,not found
libvkmp3lame.so,4,2,,not found
libVipkRtcEngine.so,4,2,,not found
libtrtckit.so,4,2,,not found
libseminolesdk.so,4,2,,not found
libvk_hawk.so,4,2,,not found
libchinook.so,4,2,,not found
libchinook2.so,4,2,,not found
libqoesdk.so,4,2,,not found
libiProtectWHGJJ.so,4,1,,not found
libiSecurityHKB.so,4,1,,not found
libcpatch.so,4,4,,not found
libkmsec.so,4,4,,not found
libljasrVad.so,4,2,,not found
libappriskenv.so,4,2,,not found
libnllvm1735561838222.so,4,2,,not found
libljxiphcodecjni-lib.so,4,2,,not found
libmessage-canary.so,4,3,,not found
libreact_codegen_RNExitAppSpec.so,4,1,,not found
libreact_codegen_rnpermissions.so,4,1,https://github.com/zoontek/react-native-permissions,not sure
liblinkhereiot.so,4,2,,not found
libipano.so,4,1,,not found
libserial.so,4,0,,not found
libImageProcessing.so,4,2,,not found
libtptGRU6.so,4,1,,not found
libtptGRU3.so,4,1,,not found
libKeypadEnc.so,4,2,,not found
libum-utunnel.so,4,1,,not found
libPHB.so,4,1,,not found
libPitayaDebug.so,4,4,,not found
libwebp-decoder.so,4,3,https://chromium.googlesource.com/webm/libwebp/,not sure
libaudioflux.so,4,2,,not found
libalphaskiajni.so,4,1,,not found
libsoundfx.so,4,2,,not found
libvmopt.so,4,2,,not found
libslothee.so,4,3,,not found
libffcd.so,4,3,,not found
libff.so,4,2,,not found
libec6e6c04b_v1003_aee.so,4,2,,not found
libblinkEye-lib.so,4,2,,not found
libopenssl_smime.so,4,1,https://github.com/openssl/openssl,not sure
libMMNativeShared.so,4,1,,not found
libmmshared.so,4,1,,not found
libmail_fts5.so,4,1,,not found
libTHDetect_ko.so,4,0,,not found
libTHFacialPos_ko.so,4,0,,not found
libTHFaceQuality_ko.so,4,0,,not found
libTHFaceLive_ko.so,4,0,,not found
libviro_renderer.so,4,2,,not found
libBulletCollision.so,4,1,,not found
libvrapi.so,4,1,,not found
libfreetyped.so,4,1,https://gitlab.freedesktop.org/freetype/freetype,not sure
libLinearMath.so,4,1,,not found
libBulletSoftBody.so,4,1,,not found
libviro_arcore.so,4,2,,not found
libBulletDynamics.so,4,1,,not found
libbbtpic.so,4,2,,not found
libAzure-AI-Vision-JNI.so,4,1,,not found
libAzure-AI-Vision-Extension-Face.so,4,1,,not found
libc39c.so,4,1,,not found
libadf6.so,4,1,,not found
libAzure-AI-Vision-Native.so,4,1,,not found
libsecurity-wrapper.so,4,2,,not found
libjxsdk.so,4,1,,not found
libsignRate.so,4,2,,not found
libasmtcmsg.so,4,3,,not found
libasmtcxdmcommon.so,4,3,,not found
libbvlt.so,4,2,,not found
libNativeSoManager.so,4,2,,not found
libpqkmssdk.so,4,2,,not found
libqssjni.so,4,1,,not found
libcmicqss.so,4,1,,not found
libh264_encode.so,4,1,,not found
libskfwrapper.so,4,2,,not found
libCrash.so,4,2,,not found
libAK.so,4,1,,not found
libAKCompat.so,4,1,,not found
libtenncentmm.so,4,1,,not found
libjni_mosaic2.so,4,1,,not found
libVPNImpact.so,4,2,,not found
libTopSecVPN.so,4,2,,not found
libcontact.so,4,2,,not found
libmxsign.so,4,2,,not found
libtensorflowliteocr_jni.so,4,2,,not found
librxtool-jni.so,4,1,,not found
libIDCardRecognition.so,4,1,,not found
libreliable.so,4,2,,not found
libmulti_sdk.so,4,2,,not found
librtmp_wrapper.so,4,2,,not found
libtest_breakpad.so,4,2,,not found
libmupdf19.so,4,1,,not found
libKJCommonLibs.so,4,2,,not found
libinf-canvas.so,4,3,,not found
librhea-trace.so,4,2,,not found
libgraphicbuf.so,4,2,,not found
libhardwarebuf.so,4,2,,not found
libalipaydecode1012.so,4,2,,not found
libNovaAdaptor.so,4,2,,not found
libsoft264.so,4,2,,not found
libconfigImpl.so,4,3,,not found
liblegonative.so,4,3,,not found
libsoft264_native_encoder.so,4,2,,not found
libnlprintex.so,4,1,,not found
libhyperlpr.so,4,1,,not found
libnakeguard.so,4,1,,not found
libndkapi.so,4,1,,not found
libintelligentLib.so,4,1,,not found
liblucklc.so,4,1,,not found
libicui18n.cr.so,4,1,https://github.com/unicode-org/icu,not sure
libqowl.so,4,2,,not found
libsdkclient.so,4,3,,not found
libWCSPApi.so,4,2,,not found
libbreakpad-android.so,4,1,,not found
libSKF_JNI.so,4,3,,not found
libandroid-crash.so,4,1,,not found
libtup_call_mediaservice.so,4,3,,not found
libtup_login.so,4,3,,not found
libtup_call_sip.so,4,3,,not found
libtup_dns.so,4,3,,not found
libtup_call_video.so,4,3,,not found
libtup_call_bfcp.so,4,3,,not found
libtup_xml.so,4,3,,not found
libtup_call_audio.so,4,3,,not found
libtup_socket.so,4,3,,not found
libtup_msg.so,4,3,,not found
libideashare_audio.so,4,2,,not found
libtup_publiclib.so,4,3,,not found
libtup_support.so,4,3,,not found
libkmc.so,4,1,,not found
libtup_zip.so,4,3,,not found
libtup_call_service.so,4,3,,not found
librt-java-bindings.so,4,1,,not found
libSkyLib.so,4,1,,not found
libmswtopus.so,4,1,https://github.com/xiph/opus,not sure
libjsiasyncstorage.so,4,1,,not found
libRtmMediaManagerDyn.so,4,1,,not found
libskypert.so,4,1,,not found
libSlimCV.so,4,1,,not found
libMicrosoft.AugLoop.Client.Jni.so,4,1,,not found
libmock-native-lib.so,4,1,,not found
libblindsafety.so,4,1,,not found
libcallstack-repack.so,4,1,,not found
libxyutil.so,4,1,,not found
libpalmparser.so,4,2,,not found
libemmcrypto.so,4,2,,not found
libBlowSnow.so,4,2,,not found
libsword.so,4,3,,not found
libSMX.so,4,2,,not found
libemmssl.so,4,2,,not found
libfilehook.so,4,3,,not found
libimageprocessor.so,4,2,,not found
libOCREngine.so,4,2,,not found
libswge.so,4,3,,not found
libswbase.so,4,3,,not found
libswofd.so,4,3,,not found
libsealkit.so,4,3,,not found
libgdal.so,4,3,,not found
libmsmdmarp.so,4,1,,not found
libmsmam-pre.so,4,1,,not found
libb37a.so,4,1,,not found
libsrp.so,4,1,,not found
libGXSecSoft-lib.so,4,1,,not found
libpreview-record-core-android.so,4,2,,not found
libpreview-record-core.so,4,2,,not found
libplaygroundsports.so,4,2,,not found
libinteraction.so,4,1,,not found
libConstantStorage.so,4,2,,not found
libxnrtc_so.so,4,1,,not found
libinfobirdRTCCore.so,4,1,,not found
libHwCodecer.so,4,2,,not found
libpv_porcupine.so,4,2,,not found
libysbkeys.so,4,2,,not found
libultralytics.so,4,1,,not found
libcheckcode.so,4,2,,not found
libUrineCheck.so,4,2,,not found
libUrnChkInterface.so,4,2,,not found
libsm_ecg_sdk.so,4,2,,not found
libsms_auth_library-1.0.1-log-online-release_alijtca_plus.so,4,1,,not found
liblibdes.so,4,2,,not found
libRiskControlSDK.so,4,1,,not found
libwygif.so,4,1,,not found
libguahao-jni.so,4,2,,not found
libssl-update.so,4,1,,not found
libzoombase_shared.so,4,3,,not found
libzoomtensorflowlite_gpu_jni.so,4,3,,not found
libzoomtensorflowlite_jni.so,4,3,,not found
libvoipengine.so,4,3,,not found
libhpdf_bridge.so,4,1,,not found
libandroid-library.so,4,1,,not found
libzoom_stlport.so,4,1,,not found
libecgview.so,4,1,,not found
libecgcardalgorithmMuilt.so,4,1,,not found
libgetMeanHeartRate.so,4,1,,not found
libecgdecrypt.so,4,1,,not found
libecgencrypt.so,4,1,,not found
libCal10sHR.so,4,1,,not found
libecgpatch.so,4,1,,not found
libEcgDataParser.so,4,1,,not found
libAppMiniproFilter.so,4,1,,not found
libpostureRecgnize.so,4,1,,not found
libecgcardalgorithm10s.so,4,1,,not found
libGreatSoft.so,4,1,,not found
libyuedong_effect_proxy.so,4,1,,not found
libmask.so,4,1,,not found
libfetaphon.so,4,2,,not found
liblibg722.so,4,1,,not found
libsabertooth-crypto.so,4,1,,not found
libluoentz.so,4,1,,not found
libluoentz-ecg.so,4,1,,not found
libhrv-analysis.so,4,1,,not found
libSportArithmetic.so,4,1,,not found
libfatmodel_new.so,4,1,,not found
libPicooc.so,4,1,,not found
libsmarttalk.so,4,1,,not found
libcosine.so,4,1,,not found
libsilk-codec.so,4,1,,not found
libsqlite3.arm.android.so,4,0,https://github.com/sqlite/sqlite,not sure
libfaceRecon.so,4,1,,not found
libezipmy.so,4,1,,not found
libzenlite.so,4,2,,not found
libHAFit.so,4,1,,not found
libnativeLibrary.so,4,1,,not found
libjemho_ha_fitting.so,4,1,,not found
libcbljavasqlitecustom.so,4,1,,not found
libcreekActRes.so,4,1,,not found
libMD5CheckPrinterA300.so,4,1,,not found
libpdfrenderer.so,4,2,,not found
liboboe-audio-recorder.so,4,1,,not found
libRtkZip.so,4,1,,not found
libOpusWrapper.so,4,1,https://github.com/xiph/opus,not sure
libdfx.so,4,2,,not found
libanurayuvlib.so,4,2,,not found
libdfxextras.so,4,2,,not found
libextension-ffmpeg.so,4,2,https://github.com/FFmpeg/FFmpeg,not sure
liblc.so,4,1,,not found
libijkv5sdl.so,4,2,,not found
libijkv5ffmpeg.so,4,2,https://github.com/FFmpeg/FFmpeg,not sure
libijkv5player.so,4,2,,not found
libxmmp3lame.so,4,1,,not found
libk-security.so,4,2,,not found
libyase.so,4,1,,not found
libuberchord.so,4,1,,not found
libUberchordAudio.so,4,1,,not found
libhci_hwr_local_recog_v7.so,4,1,,not found
libhci_hwr_jni.so,4,1,,not found
libhci_hwr_associate.so,4,1,,not found
libhci_hwr.so,4,1,,not found
libhci_hwr_penscript.so,4,1,,not found
libhci_hwr_cloud_recog.so,4,1,,not found
libhci_hwr_local_recog.so,4,1,,not found
libzaudio_lame.so,4,2,,not found
libAudioProcessEngine.so,4,1,,not found
libllm_ai_data.so,4,1,,not found
libef7d69542_v1040_aee.so,4,2,,not found
libbrushsdk.so,4,2,,not found
libcpic_ffi_transport.so,4,2,,not found
liblame_util.so,4,1,,not found
libimgprocess.so,4,1,,not found
libcloudhub_rtc_jni.so,4,1,,not found
libpalfish-crypto.so,4,2,,not found
libjzmC_0_1.so,4,1,,not found
libmontage_algo.so,4,2,,not found
libozon-id-sdk.so,4,1,,not found
libcronet.138.0.7204.157.so,4,1,,not found
libmbso.so,4,1,,not found
libLSSleepAnalyze.so,4,3,,not found
libchipsea_bias_v331.so,4,2,,not found
libUnityRecord.so,4,1,,not found
libVideoRecorder.so,4,1,,not found
libvoldevhp-lib.so,4,1,,not found
libSeetaFaceRecognizer610_java.so,4,1,,not found
libSeetaQualityAssessor300.so,4,1,,not found
libSeetaQualityAssessor300_java.so,4,1,,not found
libSeetaPoseEstimation600.so,4,1,,not found
liby.so,4,2,,not found
libSeetaEyeStateDetector200.so,4,1,,not found
libSeetaEyeStateDetector200_java.so,4,1,,not found
libjnimotor.so,4,1,,not found
liboxygen.so,4,1,,not found
libbodytemp.so,4,1,,not found
liblibox.so,4,1,,not found
libHealthyMonitor.so,4,1,,not found
libbloodsuger.so,4,1,,not found
libauth_lib.so,4,1,,not found
libbyte-help-lib.so,4,1,,not found
libblink.so,4,2,,not found
libhhlogger.so,4,2,,not found
liblienspo2lib.so,4,1,,not found
liblienqrslib.so,4,1,,not found
libdreamori.so,4,1,,not found
libecard-qrcode-nativelib.so,4,1,,not found
libnllvm1623559298.so,4,2,,not found
libsilent_liveness.so,4,2,,not found
libvcardSESDK.so,4,1,,not found
libzoloz_build_tj.so,4,2,,not found
libnative-account.so,4,2,,not found
libnative-certification.so,4,2,,not found
libjniotelsdk.so,4,2,,not found
libreact_codegen_DHRTNQRScanSpec.so,4,2,,not found
libreact_codegen_DHRTNAboutAppSpec.so,4,2,,not found
libreact_codegen_DHRTNPushSpec.so,4,2,,not found
libreact_codegen_DHRTNRouterSpec.so,4,2,,not found
libreact_codegen_DHRTNTBMDemoSpec.so,4,2,,not found
libreact_codegen_DHRTNUpdateSpec.so,4,2,,not found
libreact_codegen_DHRTNEmitterSpec.so,4,2,,not found
libreact_codegen_DHRTNWebviewSpec.so,4,2,,not found
libreact_codegen_DHRTNShareSpec.so,4,2,,not found
libreact_codegen_DHRTNUserSpec.so,4,2,,not found
libreact_codegen_DHRTNDeviceSpec.so,4,2,,not found
libreact_codegen_DHRTNSiteSpec.so,4,2,,not found
libreact_codegen_DHRTNDeviceSettingsSpec.so,4,2,,not found
libreact_codegen_DHRTNWebViewComponentSpecs.so,4,2,,not found
libreact_codegen_RTNFabricDemoSpecs.so,4,2,,not found
libreact_codegen_DHRTNLocationSpec.so,4,2,,not found
libreact_codegen_DHRTNNotificationSpec.so,4,2,,not found
libreact_codegen_DHRTNRequestSpec.so,4,2,,not found
libicity-md5.so,4,2,,not found
libOKSMARTJIAMI.so,4,2,,not found
libOKSMARTPPCS.so,4,2,,not found
libvp_log.so,4,2,,not found
libOKSMARTSHENGYIN.so,4,1,,not found
libOKSMARTPLAY.so,4,2,,not found
libsecidea.so,4,2,,not found
libIBX.so,4,1,,not found
libpanomeet.so,4,2,,not found
libklcxkjencry.so,4,1,,not found
libaidr.so,4,3,,not found
libezscan-toolkit.so,4,2,,not found
libezaidrapp.so,4,3,,not found
libjade2_LHMtKR5jA.so,4,1,,not found
libjade2_LrCMUL7Yu.so,4,1,,not found
libcldp.so,4,1,,not found
libpgJniTunnel.so,4,4,,not found
libKXFaceProSDK.so,4,2,,not found
libsignal-sdk.so,4,2,,not found
libYSTCloudKeyProv.so,4,1,,not found
libsmarthome_3rd_device_oauth.so,4,2,,not found
libvpn.so,4,2,,not found
libbase_allocator_partition_allocator_src_partition_alloc_allocator_core.cr.so,4,1,,not found
libbase_allocator_partition_allocator_src_partition_alloc_allocator_shim.cr.so,4,1,,not found
libc++_chrome.so,4,1,,not found
libbase_allocator_partition_allocator_src_partition_alloc_allocator_base.cr.so,4,1,,not found
libbase_allocator_partition_allocator_src_partition_alloc_raw_ptr.cr.so,4,1,,not found
libMyScriptText.so,4,1,,not found
libiink.so,4,1,,not found
libMyScriptAnalyzer.so,4,1,,not found
libMyScriptPrediction.so,4,1,,not found
libbreakpad-client.so,4,1,,not found
libSipStackComponent.so,4,1,,not found
libLoginComponent_AH.so,4,1,,not found
libasync_zip.so,4,1,,not found
libpdf.so,4,2,,not found
libkeypipe.so,4,1,,not found
libCityEncrypt.so,4,1,,not found
libos-lib.so,4,1,,not found
libpspdfkit.so,4,1,,not found
_bz2.so,4,1,,not found
_lzma.so,4,1,,not found
_random.so,4,1,,not found
_sha512.so,4,1,,not found
libEncryptoBle.so,4,1,,not found
libOURMIFARE.so,4,1,,not found
libOURIDR.so,4,1,,not found
libwebviewjsibridge.so,4,1,,not found
libPowerMRNative.so,4,1,,not found
libclientsync.so,4,1,,not found
libBabylonNative.so,4,1,,not found
libdataverseOffline.so,4,1,,not found
libSPenRecognizerShape.so,4,1,,not found
libSPenInference.so,4,1,,not found
libSPenRecognizer.so,4,1,,not found
libSPenRecognizerDocument.so,4,1,,not found
libSDKRecognitionText.spensdk.samsung.so,4,1,,not found
libSPenSnet.so,4,1,,not found
libhdLameMp3.so,4,2,,not found
libconfigKeystore.so,4,2,,not found
libFileScanner.so,4,1,,not found
libsosolisten.so,4,1,,not found
libsmooth_motion.so,4,1,,not found
libpairipcore.so,4,1,,not found
libpdfium_wrapper.so,4,1,,not found
libpicture-lib.so,4,1,,not found
libgoodnote.so,4,1,,not found
libdrawnote.so,4,1,,not found
libnotedraw.so,4,1,,not found
libzreporter.so,4,1,,not found
libvmacc.so,4,1,,not found
libmxacc.so,4,1,,not found
libmobiledynamickey.so,4,1,,not found
liboom_handler_fd.so,4,1,,not found
libimagefilter.so,4,2,,not found
libcardrecog.so,4,1,,not found
libnative-key-lib.so,4,2,,not found
libbf93.so,4,1,,not found
libomio-data.so,4,1,,not found
libairasia-core-lib.so,4,1,,not found
libdedge.so,4,1,,not found
libunistyles.so,4,1,,not found
libairasia-core-url-lib.so,4,1,,not found
libjni_liveness_interactive_ccb.so,4,2,,not found
libandroid-phone-mobilecommon-map.so,4,2,,not found
lib5057b7fffec73664.so,4,0,,not found
libqkffmpeg.so,4,1,https://github.com/FFmpeg/FFmpeg,not sure
libQueenAi.so,4,1,,not found
libcronet.75.0.3770.101.so,4,1,,not found
libencryptKeyboard.so,4,2,,not found
libtinyxml.so,4,2,,not found
libstun.so,4,2,,not found
librtspcapi.so,4,2,,not found
libmobilecallback.so,4,2,,not found
libSIP.so,4,2,,not found
libandroid_support.so,4,2,,not found
libmediaengine.so,4,2,,not found
librllib.so,4,2,,not found
librllog.so,4,2,,not found
libvoodoo.so,4,2,,not found
libunrar-jni.so,4,3,,not found
libmaomaonav.so,4,1,,not found
libumnode.so,4,1,,not found
libhardware.so,4,1,,not found
libfast-openpgp.so,4,1,,not found
libopenpgp_bridge.so,4,1,,not found
libfile_hash.so,4,1,,not found
libnative_zip.so,4,1,,not found
libnative_libpng.so,4,1,,not found
librs_seerlah_jni.so,4,2,,not found
libgpuimage-loader.so,4,2,,not found
libAndroidImgUtils.so,4,1,,not found
libOpencvUtils.so,4,1,https://github.com/opencv/opencv,not sure
libmagicjni.so,4,1,,not found
libtriangle-lib.so,4,1,,not found
libnomogpuimage.so,4,2,,not found
libvot_hbV2.so,4,2,,not found
libpad_detect.so,4,2,,not found
libandroid_decode.so,4,2,,not found
libandroid_decode2.so,4,2,,not found
libvot_hb.so,4,2,,not found
libhbs_cv.so,4,2,,not found
libHZ_UTIL.so,4,1,,not found
libffencoder.so,4,1,,not found
libgenerateShortVideo.so,4,1,,not found
libcesdk-android.so,4,1,,not found
libxheymediav6.so,4,1,,not found
libxHeyFunny.so,4,1,,not found
libijkplayersg.so,4,2,,not found
lib094wr7.so,4,1,,not found
libreact_codegen_RNKC.so,4,2,https://github.com/kirillzyusko/react-native-keyboard-controller,true
libmd5Lib.so,4,1,,not found
libov780wifi.so,4,1,,not found
libjiamm.so,4,1,,not found
libuiot_screen_click.so,4,3,,not found
libts2mp4-lib.so,4,1,,not found
libEncryption6200.so,4,1,,not found
librtmpdroid.so,4,1,,not found
libImiVideoDecoder.so,4,1,,not found
libimisdksecurity.so,4,1,,not found
libimiopus.so,4,1,https://github.com/xiph/opus,not sure
libImiVideoSynthesis.so,4,1,,not found
libnative-repository.so,4,2,,not found
libcamera_sdk.so,4,1,,not found
libimiffmpeg.so,4,1,https://github.com/FFmpeg/FFmpeg,not sure
libmnsdk.so,4,2,,not found
lib3d-engine.so,4,1,,not found
libbroadlink_ble.so,4,3,,not found
libfrontstage-jni.so,4,1,,not found
libyaokan.so,4,3,,not found
libvoiceRecog2.so,4,2,,not found
libstun_flutter.so,4,1,,not found
libHCPService.so,4,1,,not found
libdanalecloudplay.so,4,1,,not found
libcrclib.so,4,1,,not found
libgraphics-lib.so,4,1,,not found
libhase_hangsengchinamobileban.so,4,1,,not found
libImageAndroidProcessor.so,4,0,,not found
libP7LG.so,4,0,,not found
libProcessImageAndroid.so,4,0,,not found
libbarcodedecoder.so,4,0,,not found
libNXY_DEMO.so,4,2,,not found
libreact_codegen_NativeRNTCaptchaSpec.so,4,1,,not found
libreact_codegen_RNSafeKeyboardSpecs.so,4,1,,not found
libreact_codegen_RNAppUpdateSpec.so,4,1,,not found
libreact_codegen_RNPublicFaceSpec.so,4,1,,not found
libreact_codegen_RNMenuViewSpec.so,4,1,,not found
libreact_codegen_RNImageResizerSpec.so,4,1,,not found
libreact_codegen_NativeRNPrivateFaceSpec.so,4,1,,not found
libreact_codegen_RTNWechatSpec.so,4,1,,not found
libreact_codegen_RNPushSpecs.so,4,1,,not found
libreact_codegen_RCTPushySpec.so,4,1,,not found
libreact_codegen_RNEsignSpec.so,4,1,,not found
libreact_codegen_RNAnalysysSpec.so,4,1,,not found
libhk-ocr-2.0.7.so,4,1,,not found
librn.so,4,2,,not found
libc631b2.so,4,1,,not found
libd43.so,4,1,,not found
libhfe4.so,4,1,,not found
libbb726b.so,4,1,,not found
libc631b.so,4,1,,not found
liba72.so,4,1,,not found
libee63fa.so,4,1,,not found
libmscodec2.so,4,2,,not found
libmsamr.so,4,2,,not found
libffmpeg-linphone.so,4,2,https://github.com/FFmpeg/FFmpeg,not sure
libkcb-native.so,4,2,,not found
libredlog.so,4,2,,not found
libCertificate.so,4,1,,not found
libOCFTDRsss.so,4,1,,not found
libnllvm1737353163032.so,4,1,,not found
libsaicnative.so,4,1,,not found
libXYBeatDetJni.so,4,2,,not found
libXYAutoCropJni.so,4,2,,not found
libcesplatform.so,4,2,,not found
libXYFastCV.so,4,2,,not found
libXYAlgoStruct.so,4,2,,not found
libXYAI_CL.so,4,1,,not found
libcesliveeditor.so,4,2,,not found
libXYFrameInsertJni.so,4,2,,not found
libcescaptureengine.so,4,2,,not found
libXYAIBridge.so,4,1,,not found
libXYAIBridgeTNNJni.so,4,1,,not found
libXYAISegHeadJni.so,4,2,,not found
libXYAISemanticSegJni.so,4,2,,not found
libcescamengine.so,4,2,,not found
libXYFaceLandmarkJni.so,4,2,,not found
libXYAIBackendUtilsJni.so,4,1,,not found
libxyviva-lib.so,4,1,,not found
libXYAIBridgeMNNJni.so,4,1,,not found
libcesplatformutils.so,4,2,,not found
libcesrenderengine.so,4,2,,not found
libpostprocess.so,4,2,,not found
libXYImageRestore.so,4,2,,not found
libcesmediabase.so,4,2,,not found
libcescommon.so,4,2,,not found
libXYAIFaceMorphingJni.so,4,2,,not found
libwlplayer_v3.0.0.so,4,1,,not found
libvacodec_neon.so,4,0,,not found
libwsscale_neon.so,4,0,,not found
libvafilter_neon.so,4,0,,not found
libwlffmpeg_v3.0.0.so,4,1,https://github.com/FFmpeg/FFmpeg,not sure
libwlmediautil_v3.0.0.so,4,1,,not found
libmws.so,4,1,,not found
libnmd.so,4,1,,not found
libWondershareDrive.so,4,3,,not found
libremini.so,4,2,,not found
libqidianyun-lib.so,4,1,,not found
libqd-id.so,4,1,,not found
libyuvtool.so,4,3,,not found
libzjiagu.so,4,1,,not found
libbunker.so,4,2,,not found
libcoke.so,4,1,,not found
libme_iweek_lib.so,4,1,,not found
libnerveHealthScore.so,4,1,,not found
libsleep-lib.so,4,1,,not found
libhealthmate.so,4,1,,not found
libvo2-lib.so,4,1,,not found
libecgw2-lib.so,4,1,,not found
libTea.so,4,1,,not found
libmicommon.so,4,1,,not found
libauto_crop.so,4,2,,not found
libbleunfreeso.so,4,1,,not found
libreactskia.so,4,1,,not found
libedgedetect.so,4,1,,not found
libQt5Core.so,4,2,https://github.com/qt/qtbase/blob/40143c189b7c1bf3c2058b77d00ea5c4e3be8b28/src/corelib/io/qurl.cpp,True
libQt5Network.so,4,2,https://github.com/qt/qtbase/blob/40143c189b7c1bf3c2058b77d00ea5c4e3be8b28/src/network/ssl/qssl.cpp,True
libAMapSDK_MAP_v10_0_8.so,4,1,https://github.com/amapapi/Android_3D_Demo,not sure
libAMapSDK_MAP_v6_1_0.so,4,1,https://github.com/amapapi/Android_3D_Demo,not sure
libAMapSDK_NAVI_v10_0_302.so,4,2,https://github.com/amapapi/Android_3D_Demo,not sure
libAMapSDK_NAVI_v10_0_720.so,4,1,https://github.com/amapapi/Android_3D_Demo,not sure
libAMapSDK_NAVI_v7_9_1.so,4,1,https://github.com/amapapi/Android_3D_Demo,not sure
libAgoraMicrosoftExtension.so,4,1,https://github.com/AgoraIO/API-Examples,not sure
libBaiduMapSDK_base_v4_3_2.so,4,2,,not found
libBaiduMapSDK_base_v5_4_3.so,4,1,,not found
libBaiduMapSDK_bikenavi_v5_2_0.so,4,1,,not found
libBaiduMapSDK_bikenavi_v6_1_0.so,4,1,,not found
libBaiduMapSDK_bikenavi_v6_4_0.so,4,1,,not found
libBaiduMapSDK_map_for_bikenavi_v5_2_0.so,4,1,,not found
libBaiduMapSDK_map_for_bikenavi_v6_1_0.so,4,1,,not found
libBaiduMapSDK_map_for_bikenavi_v6_4_0.so,4,1,,not found
libBaiduMapSDK_map_for_bikenavi_v7_5_7.so,4,1,,not found
libBaiduMapSDK_map_v4_3_2.so,4,2,,not found
libBaiduMapSDK_map_v5_3_2.so,4,2,,not found
libBaiduTraceSDK_v3_0_7.so,4,2,,not found
libBaiduTraceSDK_v3_1_8.so,4,1,,not found
libBaiduTraceSDK_v3_1_9.so,4,1,,not found
libDXCaptcha-v5.1.2r.2b9af507.so,4,1,,not found
libDXRisk-5.7.2.so,4,2,,not found
libDXRisk-v6.1.7.1r.e53c8e0c.so,4,1,,not found
libDXRisk-v7_6_3r_6b0034a9.so,4,1,,not found
libDXRisk-v7_6_4r_61803305.so,4,1,,not found
libDXRiskComm-5.7.2.so,4,2,,not found
libDXRiskComm-v6.1.7.1r.e53c8e0c.so,4,1,,not found
libDXRiskComm-v7_6_3r_6b0034a9.so,4,1,,not found
libDXRiskComm-v7_6_4r_61803305.so,4,1,,not found
libHiAI_dl.so,4,3,https://github.com/946166920/hiai_ddk,not sure
libbaiduprotect_sdk-15740ea32593d70ade99228e59f86e4ae6014993.so,4,2,,not found
libbaiduprotect_sdk-3a1f7e896ab365bce76363454a4f1aa65304d498.so,4,1,,not found
libbaiduprotect_sdk-4383789c0576a7db9189a60cf9582bb25b38ec5a.so,4,1,,not found
libbaiduprotect_sdk-492849d6d1b3c17d28baf07830f649f10a3f9b15.so,4,1,,not found
libbaiduprotect_sdk-9fc5a862af0db0da0b855f139ce880798174b5a6.so,4,1,,not found
libbaiduprotect_sec_jni_face.so,4,2,,not found
libbdpush_V2_1.so,4,1,https://github.com/Baidu-AIP/speech-demo,not sure
libbugly-lib.so,4,1,https://github.com/BuglyDevTeam/Bugly-Android-Demo,not sure
libijmDataEncryption_x64.so,4,0,,not found
libjcore115.so,4,1,https://github.com/jpush/android-push-example,not sure
libjcore226.so,4,1,https://github.com/jpush/android-push-example,not sure
libjiagu_sdk_FaceHyLibProtected.so,4,1,,not found
libmegface_v5_bak.so,4,1,https://github.com/FacePlusPlus/MegviiFacepp-Android-SDK,not sure
libpns-2.14.2-NologOnlineNouiCuumRelease_alijtca_plus.so,4,1,,not found
libpns-9.7.7-LogOnlineV9CuumRelease_alijtca_plus.so,4,2,,not found
libsgmainso-5.4.184.so,4,1,https://github.com/sgInnora/alipay-securityguard-analysis,not sure
libsgmainso-5.5.22.so,4,1,https://github.com/sgInnora/alipay-securityguard-analysis,not sure
libsgmainso-5.6.7.so,4,1,https://github.com/sgInnora/alipay-securityguard-analysis,not sure
libsgmainso-6.6.241106.so,4,1,https://github.com/sgInnora/alipay-securityguard-analysis,not sure
libsgmiddletierso-5.5.24.so,4,1,https://github.com/sgInnora/alipay-securityguard-analysis,not sure
libsgmiddletierso-5.6.7.so,4,1,https://github.com/sgInnora/alipay-securityguard-analysis,not sure
libsgmiddletierso-6.6.241106.so,4,1,https://github.com/sgInnora/alipay-securityguard-analysis,not sure
libsgmiscso-6.5.14625633.so,4,1,https://github.com/sgInnora/alipay-securityguard-analysis,not sure
libsgnocaptchaso-6.5.14625633.so,4,1,https://github.com/sgInnora/alipay-securityguard-analysis,not sure
libsgsecuritybodyso-5.4.108.so,4,1,https://github.com/sgInnora/alipay-securityguard-analysis,not sure
libsgsecuritybodyso-5.6.7.so,4,1,https://github.com/sgInnora/alipay-securityguard-analysis,not sure
libsgsecuritybodyso-6.6.241106.so,4,1,https://github.com/sgInnora/alipay-securityguard-analysis,not sure
libstidocr.so,4,2,https://github.com/SoftSugar-Inc/effects-android,not sure
libbiz.so,3,1,,not found
libandroidresampler.so,3,2,,not found
libsherpa-onnx-core.so,3,2,,not found
libyasr.so,3,2,,not found
libappsign.so,3,1,,not found
libynmt.so,3,2,,not found
librust_lib_rust.so,3,1,,not found
libhoudini_hook.so,3,2,,not found
libtts.so,3,1,,not found
libshell-super.com.yczj.arpzfyq.so,3,1,,not found
libsdkjnres.so,3,1,,not found
libmresearch.so,3,3,,not found
libmultimedia_audio.so,3,2,,not found
libarkui_advanced_segmentbutton.so,3,2,,not found
libutil_list.so,3,2,,not found
libImBase.so,3,2,,not found
libDmSdk.so,3,2,,not found
libfeatureprobe_ffi.so,3,1,,not found
libTYCameraSDK.so,3,2,,not found
libTYP2PSDK.so,3,1,,not found
libTYAudioEngineSDK.so,3,2,,not found
libcrab_native.so,3,2,,not found
libTYFFmpegWrapper.so,3,1,https://github.com/FFmpeg/FFmpeg,not sure
libahcoremedia.so,3,2,,not found
libJITSafeModello.so,3,2,,not found
libsound-touch.so,3,1,,not found
libdd9f.so,3,1,,not found
libvwappwbox2024_crypto_tool.so,3,1,,not found
libvwappwbox2025_crypto_tool.so,3,1,,not found
libaudiappwbox_crypto_tool.so,3,1,,not found
libskodaappwbox_crypto_tool.so,3,1,,not found
libPocketOCR.so,3,2,,not found
libadpcm.so,3,2,,not found
libWebViewCore_3.21.0.174.200825145737_7z_uc.so,3,1,,not found
libpaaisec.so,3,1,,not found
libingeek-security-engine-g.so,3,2,,not found
v.so,3,0,,not found
libmvjpynhikarr.so,3,2,,not found
libCrypto_Function.so,3,1,,not found
libTaSESDKAndriod.so,3,1,,not found
libffkit.so,3,1,,not found
liblgchamber.so,3,3,,not found
lib_encryption_key.so,3,2,,not found
libSRTP.so,3,2,,not found
libaudiodsp.so,3,2,,not found
libhitrymediartp.so,3,2,,not found
libvoe.so,3,2,,not found
libraknet_jni.so,3,2,,not found
libvoeadapter_base.so,3,2,,not found
libdhmedia_jni.so,3,2,,not found
libhitrywebrtc.so,3,2,https://webrtc.googlesource.com/src/,not sure
libtbs=QmFzZUNvbXBvbmVudC9NQU5JRkVTVA==.so,3,1,,not found
libtbsBaseComponent_dex.jar.so,3,1,,not found
libuffmpeg.so,3,1,https://github.com/FFmpeg/FFmpeg,not sure
libtusdk-video.so,3,2,,not found
libtusdk-face.so,3,2,,not found
libJavaVMAccessor.so,3,2,,not found
libc_shared.so,3,2,,not found
libface_detector_lib.so,3,2,,not found
libjni_faceid_sdk.so,3,1,,not found
libliveness.so,3,1,,not found
libclip.so,3,2,,not found
libmyplayer.so,3,2,,not found
libAdpcmJni.so,3,2,,not found
libLinkCore.so,3,2,,not found
libLPRecognition.so,3,1,,not found
libnfcjni.so,3,1,,not found
libb50f.so,3,1,,not found
libktx_unity.so,3,3,,not found
libopencore.so,3,2,,not found
libdexvmp1625727796.so,3,1,,not found
libdexvmp1624328472.so,3,1,,not found
libdexvmp1629796654.so,3,1,,not found
libc++_logger_shared.so,3,1,,not found
libreact_codegen_RNVectorIconsSpec.so,3,3,https://github.com/oblador/react-native-vector-icons,not sure
libshell-super.com.aibaoxian.car.optimus.so,3,1,,not found
libtry-alloc-lib.so,3,2,,not found
libdp_core.so,3,2,,not found
libpta_client_lite.so,3,1,,not found
libhawiiPreTtsProcessor.so,3,3,,not found
libkugouplayer_covercqt.so,3,2,,not found
libhwplayer.so,3,1,,not found
libdexloader.so,3,1,,not found
libcronet.72.0.3626.96.so,3,1,,not found
libflystream.so,3,0,,not found
libflyrtmp.so,3,0,,not found
libmv3_h264dec.so,3,3,,not found
libmv3_aachev2dec.so,3,3,,not found
libtdnative-lib.so,3,2,,not found
libtdapm.so,3,1,,not found
libheadsign.so,3,3,,not found
libv_repair.so,3,2,,not found
liburl_encode.so,3,3,,not found
libsound_font-lib.so,3,1,,not found
libfluidsynth_wrapper.so,3,1,,not found
libsample_oboe_wrapper.so,3,1,,not found
libmidi-wrapper.so,3,1,,not found
libspeexdroid.so,3,1,,not found
libinstpatch.so,3,1,,not found
libbc41a7.so,3,1,,not found
libc76b9e.so,3,1,,not found
libedb4b2.so,3,1,,not found
libMSDKCore.so,3,2,,not found
librust_lib_stream_music.so,3,1,,not found
libpcdn_acc_live.so,3,3,,not found
libAudioEncoder.so,3,2,,not found
libmv3_aachev2dec_arm11.so,3,0,,not found
libxlogreader.so,3,1,,not found
libmgencryptor.so,3,2,,not found
libufs.so,3,1,,not found
libmgprivatelink.so,3,2,,not found
libmgsc.so,3,2,,not found
libGWPano.so,3,2,,not found
libicocodec.so,3,2,,not found
libSHMoblieUgcodeJni.so,3,2,,not found
libqfplayer.so,3,2,,not found
libsofaediter.so,3,2,,not found
libcronet.73.0.3683.75.so,3,2,,not found
libqfsdl.so,3,2,,not found
libtransceiver.so,3,2,,not found
libmsec_mini.so,3,2,,not found
libsound.so,3,1,,not found
libmagie.so,3,3,,not found
libjniqiyilog.so,3,1,,not found
libgalauniutil.so,3,1,,not found
libqiyilog.so,3,1,,not found
libqiyind.so,3,1,,not found
libqiyivideo.so,3,1,,not found
libqiyivrapi.so,3,1,,not found
libuniversal_api.so,3,1,,not found
libAudioHRTF.so,3,1,,not found
libqiyiplayer.so,3,1,,not found
libQiyiRenderMediaSurface.so,3,1,,not found
libtvjson.so,3,1,,not found
libuniversal_foundation.so,3,1,,not found
libuniversal_nd.so,3,1,,not found
libgalauniplayersdk.so,3,1,,not found
libcronet.66.0.3359.158.so,3,2,,not found
libegret.so,3,1,,not found
libxrouter.so,3,3,,not found
libjnihelper.so,3,2,,not found
libhk_util.so,3,2,,not found
libaria2c.so,3,2,,not found
libaria2c.zip.so,3,2,,not found
libmgsecurity.so,3,2,,not found
libmgsign.so,3,2,,not found
libav1d_jni.so,3,3,,not found
libav1d.so,3,1,,not found
libdecoder_mp3.so,3,1,,not found
libdecoder_aac.so,3,1,,not found
libcape.so,3,2,,not found
libkwai-v8.so,3,3,,not found
libjpegwrapper.so,3,2,,not found
libproduct_objdetect.so,3,2,,not found
libkwaiplayer_dva.so,3,3,,not found
libnative-oboe.so,3,3,,not found
libtav-resample.so,3,1,,not found
libnative_audio_record.so,3,1,,not found
libng_infrastructure.so,3,3,,not found
libykuserinfoplugin.so,3,2,,not found
libnetkit_ab.so,3,3,,not found
libpcdn_ng.so,3,3,,not found
libykosboost_qs-1.0.1.so,3,1,,not found
libocc_native.so,3,3,,not found
libai-sdk-ax3d.so,3,2,,not found
libflash-downloader-lib.so,3,2,,not found
libpcdn_live_ng.so,3,3,,not found
libusb.rokid.so,3,1,,not found
libfusion.so,3,1,,not found
libGlassSDK.so,3,2,,not found
libmediaflow.so,3,2,,not found
libavs3a_decoder.so,3,2,,not found
libavs3a_renderer.so,3,2,,not found
libxmffcmd.so,3,2,,not found
libdubscore-jni.so,3,2,,not found
liblive_encrypt.so,3,3,,not found
libxmrecorder.so,3,2,,not found
libxmutils.so,3,2,,not found
libYTHandDetector.so,3,2,,not found
libtpag.so,3,3,,not found
libtvkplayer.so,3,3,,not found
libtkcipher-native.so,3,1,,not found
libwebrtc-lib.so,3,2,https://webrtc.googlesource.com/src/,not sure
libFunc.so,3,2,,not found
libopus_voicekit.so,3,2,https://github.com/xiph/opus,not sure
libxz-main.so,3,2,,not found
libvmsdkdevtool.so,3,3,,not found
libxz.so,3,1,,not found
libmv3_videorenderer_6.0.so,3,0,,not found
libmv3_videorenderer_4.2.so,3,0,,not found
libmv3_videorenderer_4.0.so,3,0,,not found
libaB12_7kL9p.so,3,1,,not found
liberis_alijtca_plus.so,3,1,,not found
liblanguage_id_jni.so,3,2,,not found
libLWalle.so,3,2,,not found
libtbuprofen-agent-v1.so,3,3,,not found
libmodel_vad_wakeup.so,3,2,,not found
libmatriximageop.so,3,2,,not found
libkiss-fft.so,3,2,,not found
libpybridge.so,3,2,,not found
libstorage.so,3,2,,not found
libnative-encoder.so,3,2,,not found
libLiteRtRuntimeCApi.so,3,2,,not found
libshell-super.com.btg.customer.so,3,1,,not found
libshella-4.5.0.4.so,3,1,,not found
libsemantic.so,3,2,,not found
libfespcar.so,3,2,,not found
libquickmd5.so,3,2,,not found
libqualitycheck-jni.so,3,1,,not found
libsusie-asvspoof-jni.so,3,1,,not found
libaudio_conversion-jni.so,3,1,,not found
libSQLPW.so,3,2,,not found
libpermission-lib.so,3,1,,not found
libalicomphonenumberauthsdk-nolog-online-standard-channel_alijtca_plus.so,3,2,,not found
libhybrid_sdk.so,3,1,,not found
libHybridJSErrorReport.so,3,1,,not found
libhybrid_cross_platform_sdk.so,3,1,,not found
libcom.jd.lib.jdpaygeneral.so,3,1,,not found
libaswso-x86.so,3,1,,not found
libmwnative-sign.so,3,1,,not found
libzjtjl-x86.so,3,1,,not found
libAuthenticVisionSDK.so,3,1,,not found
libCode.so,3,2,,not found
libarkui_node.so,3,1,,not found
liblsc-lib.so,3,2,,not found
libcronet.73.0.3653.0.so,3,2,,not found
libntr.so,3,3,,not found
libTcc-1.0.1.so,3,1,,not found
libturbodex.so,3,2,,not found
libtaoaudio.so,3,2,,not found
libSECV.so,3,3,,not found
libffmpeg-cmd-lib.so,3,2,https://github.com/FFmpeg/FFmpeg,not sure
libnativemark-lib.so,3,2,,not found
libshell-super.com.xjm91.b2b2c.so,3,1,,not found
libweexcoreqjs.so,3,2,,not found
libsgsgxdataso.version.so,3,2,,not found
libsgsgxdataso.ucb.so,3,2,,not found
libsgsgxdata.so,3,2,,not found
libx_sec.so,3,1,,not found
libcrashmanager-ndk.so,3,1,,not found
libalivfs_monitor.so,3,1,,not found
libpref_cat.so,3,2,,not found
libstartup-optimize.so,3,3,,not found
librtshare.so,3,3,,not found
libyysignalsdk.so,3,3,,not found
libyrts.so,3,3,,not found
libpuerts.so,3,2,,not found
libsplocal.so,3,2,,not found
libjni-helper.so,3,2,,not found
libnative-xbp.so,3,2,,not found
libcpu_monitor.so,3,2,,not found
libLiveGameLib.so,3,3,,not found
librheatrace.so,3,2,,not found
libxed.so,3,2,,not found
libcoffeeCheck.so,3,2,,not found
libxapo.so,3,2,,not found
libmcoded.so,3,3,,not found
libmomo_ns.so,3,2,,not found
libmproxy.so,3,3,,not found
libjustice_jni.so,3,2,,not found
libijkstreamer.so,3,3,,not found
libfrodo.so,3,2,,not found
libgsdk.so,3,1,,not found
libtegsr.so,3,2,,not found
libxfcg-tegsr.so,3,2,,not found
libmodelprofile.so,3,2,,not found
libsentry-fd-monitor.so,3,3,,not found
libloghook_api30.so,3,2,,not found
libsentry-record.so,3,3,,not found
libsentry-hook.so,3,3,,not found
libredbase.so,3,2,,not found
libopenrender.so,3,2,,not found
libloghook.so,3,2,,not found
libmp3convert.so,3,1,,not found
libcs.so,3,2,,not found
libuxffmpegrun.so,3,2,https://github.com/FFmpeg/FFmpeg,not sure
libuxineffect.so,3,1,,not found
libGifDecoder.so,3,2,,not found
libcronet.102.0.5005.125.so,3,1,,not found
libsvt_jni.so,3,1,,not found
libagc_process_jni.so,3,1,,not found
libTTAudioDecoder.so,3,1,,not found
libSoundProcessing.so,3,1,,not found
libmp_sed_sdk.so,3,1,,not found
libfileUtil.so,3,1,,not found
libmp_log.so,3,1,,not found
libFrequencySpectrum.so,3,1,,not found
libresample_jni.so,3,1,,not found
libTTKTV.so,3,1,,not found
libTTAudioEffect.so,3,1,,not found
libnoise_suppress_jni.so,3,1,,not found
libaudio_align_jni.so,3,1,,not found
libmomo-im.so,3,2,,not found
libMOMOPitchShift.so,3,1,,not found
libbmputil.so,3,2,,not found
libping-lib.so,3,3,,not found
libim5stn.so,3,2,,not found
libim5xlog.so,3,2,,not found
librtmpdump.so,3,3,,not found
libbasetool.so,3,3,,not found
libDrtc.so,3,3,,not found
libxapm.so,3,3,,not found
libcpuinfo-lib.so,3,3,,not found
libim5db.so,3,1,,not found
libmushroomso.so,3,2,,not found
libcronet.85.0.4176.0.so,3,3,,not found
libweEncrypt.so,3,3,,not found
libweCommon.so,3,1,,not found
libshell-super.com.stkj.dongwu.so,3,1,,not found
libmusesapm.so,3,2,,not found
libarkui_advanced_dialog.so,3,3,,not found
libmediaquery.so,3,3,,not found
liblizhisecret.so,3,2,,not found
libapm-agora.so,3,3,,not found
libcmcv_base.so,3,2,,not found
libcmcv_api_facequality.so,3,2,,not found
libcmcv_api_objectdetect.so,3,2,,not found
libcmcv_api_flowextent.so,3,2,,not found
libcmcv_api_base.so,3,2,,not found
libmmlic.so,3,2,,not found
libcmcv_api_objecttracker.so,3,2,,not found
libcmcv_api_beautyscore.so,3,2,,not found
libcmcv_api_videoprocessor.so,3,2,,not found
libcmcv_api_segmentation.so,3,2,,not found
libcmcv_api_facerigv3.so,3,2,,not found
libcmcv_api_datarecycle.so,3,2,,not found
libcmcv_api_bodylandmark.so,3,2,,not found
libcmcv_api_facegender.so,3,2,,not found
libcmcv_api_faceprocessor.so,3,2,,not found
libcmcv_api_beauty.so,3,2,,not found
libcmcv_api_handgesture.so,3,2,,not found
libcmcv_api_faceattributes.so,3,2,,not found
libcmcv_api_facerecognition.so,3,2,,not found
libcmcv_api_imagequality.so,3,2,,not found
libcmcv_api_facefeatures.so,3,2,,not found
libcmcv_api_imgloader.so,3,2,,not found
libwmlog-lib.so,3,2,,not found
libmmcv_api_faceattributes.so,3,3,,not found
libmmcv_api_facequality.so,3,3,,not found
libmagic_effect.so,3,2,,not found
libimage_gif.so,3,2,,not found
libmbedtlsall.so,3,2,https://github.com/Mbed-TLS/mbedtls,not sure
libfekit.so,3,3,,not found
libzlog_binding.so,3,3,,not found
libqav_video_effect.so,3,2,,not found
libcodecsilk.so,3,2,,not found
libcmark.so,3,2,,not found
libtvideodownloadproxy.so,3,2,,not found
libwechatbase.so,3,3,,not found
libmagicfaceDec.so,3,2,,not found
libGIFEngine.so,3,2,,not found
libDecodeSo.so,3,1,,not found
libaudiohelper.so,3,2,,not found
libapng.so,3,2,,not found
libxphttpclientex.so,3,2,,not found
libamrnb.so,3,2,,not found
libtrim_process_pie.so,3,1,,not found
libpiccryptor.so,3,2,,not found
libapm-plugin-raw-data-api-java.so,3,2,,not found
libyzstts.so,3,1,,not found
libanimoji-lib.so,3,2,,not found
libypp_bsdiff.so,3,1,,not found
libFTSDatabaseV2.so,3,2,,not found
libsuperres.so,3,2,,not found
liboboe-engine.so,3,2,,not found
libaudio_fmod.so,3,2,,not found
libsoundeffect.so,3,2,,not found
libresampler.so,3,2,,not found
libgraphics.so,3,2,,not found
libwebrtc_agc.so,3,2,https://webrtc.googlesource.com/src/,not sure
libnative-bridge.so,3,1,,not found
libLocalFewShotLearning.so,3,2,,not found
libzpack.so,3,2,,not found
libpiaxiyamediakit.so,3,2,,not found
libdivider2.so,3,2,,not found
libloggo.so,3,1,,not found
libikquic.so,3,1,,not found
libMediaSdk.so,3,2,,not found
libcamdrv10.so,3,0,,not found
libnativeAOEAIFacelib.so,3,1,,not found
libandroidmainruns.so,3,2,,not found
libAudioCommon.so,3,2,,not found
libAudioCCReName.so,3,2,,not found
libopusfile.so,3,2,https://github.com/xiph/opus,not sure
libnecmFlacDec.so,3,1,,not found
libSpeechEnhancer.so,3,1,,not found
libnblog.so,3,1,,not found
libnecmMediaRecord.so,3,1,,not found
libnecmH264Enc.so,3,2,,not found
libnetwork_diagnose.so,3,2,,not found
libnecmMediaLive.so,3,2,,not found
libneaveditorutility.so,3,1,,not found
libreadMoney.so,3,2,,not found
libmatrix-mallctl.so,3,2,,not found
libwevision2.so,3,2,,not found
libmm_foundation_lib.so,3,2,,not found
libfontdecode.so,3,2,,not found
libMMProtocalJni.so,3,2,,not found
libwechatmm.so,3,3,,not found
libwxperf-tkill.so,3,2,,not found
libtbconfengine.so,3,1,,not found
libgrayJni.so,3,1,,not found
lib_sdt_cipher_service.so,3,1,,not found
libGovHALogEngine.so,3,1,,not found
libartp_new.so,3,1,,not found
libas.so,3,2,,not found
libphoto.so,3,2,,not found
libreact_codegen_PrnkitSpec.so,3,3,,not found
libzmplayer.so,3,1,,not found
libsochecker.so,3,1,,not found
libzmffmpeg.so,3,1,https://github.com/FFmpeg/FFmpeg,not sure
liblayoutkit.so,3,2,,not found
libFastUdx2.so,3,0,,not found
libkp2plog.so,3,0,,not found
libCrypto_1.0.3.so,3,1,,not found
libadinfo.so,3,2,,not found
libwebp_evme.so,3,3,https://chromium.googlesource.com/webm/libwebp/,not sure
libnpcconvert.so,3,2,,not found
libsemantic_bcdv2.so,3,3,,not found
libcastcrypto.so,3,2,,not found
libnv8ncnn.so,3,1,,not found
libzhangxin.2.so,3,2,,not found
libMediajni.so,3,1,,not found
libnllvm1730449185969.so,3,2,,not found
libgmesdkv3.so,3,2,,not found
libYTFaceTrackPro.so,3,2,,not found
libPictureFaceJNI.so,3,3,,not found
libYTFacePicTrack.so,3,2,,not found
libshell-super.com.liubowang.drawingboard.so,3,1,,not found
libshell-super.com.jstd.seconddog.so,3,1,,not found
libDidiMark.so,3,1,,not found
libdk_crypto_tool.so,3,2,,not found
libpedestriannavi.so,3,1,,not found
libspeech-ability-jni.so,3,1,,not found
libaiot-speech-ability-protocol.so,3,1,,not found
libcodegen_react_codegen_lottiereactnative.so,3,1,https://github.com/lottie-react-native/lottie-react-native,not sure
libcodegen_react_codegen_rnclipboard.so,3,1,https://github.com/react-native-clipboard/clipboard,not sure
libcodegen_react_codegen_RNWebViewDRNPackage.so,3,1,,not found
libcodegen_react_codegen_rnreanimated.so,3,1,https://github.com/software-mansion/react-native-reanimated,not sure
libcodegen_react_codegen_safeareacontext.so,3,1,https://github.com/th3rdwave/react-native-safe-area-context,not sure
libcodegen_react_codegen_gesturehandler.so,3,1,,not found
libcodegen_react_codegen_rnscreens.so,3,1,https://github.com/software-mansion/react-native-screens,not sure
libmpj.so,3,2,,not found
libblackbox.so,3,1,,not found
libv4l2.so,3,1,,not found
libnative-encrypt.so,3,2,,not found
libosrjni.so,3,1,,not found
libgdaljni.so,3,1,,not found
libgdalconstjni.so,3,1,,not found
libogrjni.so,3,1,,not found
libFaceActionFmpJni.so,3,2,,not found
libyolov8ncnn.so,3,2,,not found
libhi_camplayer_ffmpeg.so,3,2,https://github.com/FFmpeg/FFmpeg,not sure
libkring-lib.so,3,1,,not found
libutils-inblue.so,3,1,,not found
libG711a.so,3,1,,not found
libMp4v2Helper.so,3,3,,not found
libnative-streaming.so,3,2,,not found
libps.so,3,1,,not found
librtmap-lib.so,3,2,,not found
libIndoorLoc.so,3,1,,not found
libmedia_jni.so,3,1,,not found
libtraeimp-rtmp-armeabi.so,3,0,,not found
libMTlabKit.so,3,2,,not found
libUStorageDeviceFS.so,3,2,,not found
libturingmfa_pri.so,3,1,,not found
libleancloud-core.so,3,2,,not found
libshell-super.com.hmlan.android.so,3,1,,not found
libvulkan.so,3,2,,not found
libimage_process.so,3,2,,not found
librand.so,3,2,,not found
libyxsec.so,3,2,,not found
libblox.so,3,3,,not found
libant3d_engine.so,3,3,,not found
libultronX.so,3,3,,not found
libunicorn_neo.so,3,1,,not found
libsecret_manager.so,3,1,,not found
libnllvm1761724808416.so,3,1,,not found
libcommnative.so,3,1,,not found
libmgds.so,3,2,,not found
libmgabr.so,3,2,,not found
libImgoAudioEffect.so,3,2,,not found
libmgfp.so,3,2,,not found
libkerkee_util.so,3,2,,not found
libiniparser.so,3,2,,not found
libmobileutility.so,3,2,,not found
libhbsecurity.so,3,2,,not found
libbcrecog.so,3,1,,not found
libICard.so,3,1,,not found
libpa_ai_engine_face.so,3,2,,not found
libclient_searcher.so,3,3,,not found
libmultiplatform-phone-bundle2h_integration.so,3,3,,not found
libcdpbase.so,3,3,,not found
libmn.so,3,1,,not found
libomesStdSco.so,3,2,,not found
libgmgWTZL-lib.so,3,1,,not found
libtdm-3.2-103-jni.so,3,1,,not found
libcvcardpro_api.so,3,1,,not found
libhetew.so,3,1,,not found
libhetew-x86.so,3,1,,not found
libAndroidBLCard.so,3,1,,not found
libocr_quality_fortified.so,3,2,,not found
libQQMMANDKSignature.so,3,2,,not found
libapplua.so,3,2,,not found
libnllvm1703229791181.so,3,1,,not found
liblivenessdetection_v2.5.4.so,3,2,,not found
libSdkHelper_abc-x86.so,3,0,,not found
libopuscodec.so,3,2,https://github.com/xiph/opus,not sure
libinteractive_liveness.so,3,1,,not found
libantifraudsdk.so,3,2,,not found
libupstatesec.so,3,2,,not found
libup_sign.so,3,2,,not found
libturingvd.so,3,1,,not found
libams-1.3.0-mfr.so,3,1,,not found
libtencentsm-lite.so,3,2,,not found
libdce-1.1.21-mfr.so,3,1,,not found
libnewnfcjni.so,3,1,,not found
libjdt-face-core.so,3,2,,not found
libcowork.so,3,0,,not found
libjpegenc.so,3,1,,not found
libxpxpd-x86.so,3,1,,not found
libxpxpd.so,3,1,,not found
libhex-ai-mocr.so,3,1,,not found
libFraunhoferAAC.so,3,2,,not found
libfftp_read_card_V96_0.so,3,2,,not found
libmnnhanddetect.so,3,2,,not found
libEncryptJni.so,3,1,,not found
libfroad-base-keyboard.so,3,1,,not found
libparsecalcapi.so,3,2,,not found
libdzhfunction.so,3,1,,not found
libpasec.so,3,2,,not found
libzssl.so,3,1,,not found
libzybjsp.so,3,2,,not found
libzybxd.so,3,3,,not found
libdecodefilter.so,3,1,,not found
libEBankLib.so,3,2,,not found
libnllvm1718272243683.so,3,2,,not found
libMNN1.so,3,1,,not found
libCubicAISDK.so,3,3,,not found
libVtaCommon.so,3,3,,not found
libppdsecure.so,3,1,,not found
libnativesecurity.so,3,1,,not found
libtwoSm2.so,3,2,,not found
libdtCert.so,3,2,,not found
libmsgbox.so,3,3,,not found
libmediainputstream.so,3,2,,not found
libandroid-phone-wallet-mobileaixedgemining.so,3,3,,not found
libcmbcPinSipCryptor.so,3,2,,not found
libMBankSecurity.so,3,1,,not found
libcmbclog.so,3,3,,not found
libtrustSafetyLib.so,3,2,,not found
libyqtcosapp.so,3,1,,not found
libiProtectHNB.so,3,1,,not found
libnllvm_detect_jar.so,3,2,,not found
liblandimposaudio.so,3,1,,not found
libItronSDKAishua.so,3,1,,not found
libpb_ase_encrypt.so,3,2,,not found
libiProtectCSRCB.so,3,2,,not found
libbequic.so,3,2,,not found
libPocketCowFaceDet_V_1.3.so,3,2,,not found
libnllvm1759031291412.so,3,2,,not found
libpahhbcose.so,3,1,,not found
libbspatch_lib.so,3,2,,not found
libhhtrade.so,3,1,,not found
libtendyron_bocom.so,3,1,,not found
libiProtectZBANK.so,3,3,,not found
libiProtectTZB.so,3,2,,not found
libiProtectBOKL.so,3,1,,not found
libsmartmapx-gl.so,3,1,,not found
libupdeviceinfocollect.so,3,2,,not found
libupdeviceinfocollectsmid.so,3,2,,not found
libmposplugin.so,3,1,,not found
libCrypt.so,3,2,,not found
libbnfacesdk.so,3,1,,not found
libivSEEngine.so,3,2,,not found
librdefense.so,3,3,,not found
libFBSpeech.so,3,1,,not found
libquickjs-jni.so,3,1,,not found
libfb_dalvik-internals.so,3,2,,not found
libblive_pandora.so,3,3,,not found
libacckitjni-lib.so,3,2,,not found
libSapling.so,3,1,,not found
libbilirtclibrary.so,3,2,,not found
libcronet.101.0.4951.41.so,3,1,,not found
libcronet.73.0.3668.0.so,3,2,,not found
libFAVulkanNet.so,3,2,,not found
libFxOOM.so,3,1,,not found
libkgbeauty.so,3,2,,not found
libkg-opencv.so,3,2,https://github.com/opencv/opencv,not sure
libbeauty-core.so,3,2,,not found
libkryptonogg.so,3,1,,not found
libkryptonvecamera.so,3,1,,not found
libkrypton_dawn.so,3,1,,not found
libkryptonaudioaudioeffect.so,3,1,,not found
libkryptonaudio.so,3,2,,not found
libkryptonaudioogg.so,3,1,,not found
libTTHtmlParser_dyreader.so,3,1,,not found
libkryptonlive.so,3,1,,not found
libLogTransport.so,3,1,,not found
libtttext_dyreader.so,3,1,,not found
libxtrace.so,3,3,,not found
libnetmobsec-4.4.12.so,3,1,,not found
libdyvoipengine.so,3,1,,not found
libthunderijk.so,3,1,,not found
libdrawjni.so,3,1,,not found
libthunderijkffmpeg.so,3,1,https://github.com/FFmpeg/FFmpeg,not sure
libplayerjni.so,3,1,,not found
libthunderijkplayer.so,3,1,,not found
libthundertools.so,3,1,,not found
libthunderijksdl.so,3,1,,not found
libqcplayer.so,3,1,,not found
libnativeCutPlane.so,3,1,,not found
libOrangeFilterSDK.so,3,3,,not found
libudbauthunify.so,3,3,,not found
libngtcp2.so,3,3,,not found
libslua.so,3,3,,not found
libtscsdk.so,3,3,,not found
liblog4cplus.so,3,2,,not found
libali_minos_p.so,3,1,,not found
libjvmfix.so,3,3,,not found
libcntvlive2.so,3,1,,not found
libscreening.so,3,2,,not found
libv6core.so,3,2,,not found
libv6encrypt.so,3,3,,not found
libpublisher.so,3,2,,not found
libNeImageCrop.so,3,2,,not found
libmetaverseengine.so,3,3,,not found
libkshf.so,3,2,,not found
libkzlib.so,3,1,,not found
libwrite-blocker.so,3,1,,not found
libmemory-test.so,3,2,,not found
libjava-hook.so,3,2,,not found
libsona.so,3,2,,not found
libddlayoutkit.so,3,2,,not found
libjvmti_utils.so,3,1,,not found
libScanner.so,3,2,,not found
libAliDatabaseESW.so,3,2,,not found
libjscore.so,3,2,,not found
libdecryptionoperation.so,3,2,,not found
libnrnrf.so,3,1,,not found
libzoin.so,3,2,,not found
libomnisdk.so,3,3,,not found
libhwms.so,3,1,,not found
libjfmnativelib.so,3,3,,not found
libsvwm.so,3,1,,not found
libxdoctor.so,3,1,,not found
libkomprese-decompressor.so,3,2,,not found
libflash.so,3,2,,not found
libboot-lib.so,3,2,,not found
libEditorSound.so,3,1,,not found
libBookParserNEBreak.so,3,1,,not found
libPDEEngine.so,3,1,,not found
libBookParserNEFormat.so,3,1,,not found
libNEToken.so,3,1,,not found
libAntiEmulator.so,3,1,,not found
libMD5.so,3,1,,not found
libcolorpicker.so,3,2,,not found
libsimple_lame.so,3,0,,not found
libsina_news_util.so,3,1,,not found
libdac.so,3,1,,not found
librust_grpc_cp.so,3,1,,not found
libsecuritysdk-3.1.27.so,3,1,,not found
libsms_auth_library-1.0.2-log-online-release_alijtca_plus.so,3,1,,not found
libdrmlib.so,3,2,,not found
libbitmap.so,3,3,,not found
libmydlna.so,3,2,,not found
libqkplayer.so,3,1,,not found
libqksdl.so,3,1,,not found
libDingBeauty.so,3,1,,not found
libdjvulibrejni.so,3,1,,not found
libpdfiumjni.so,3,1,,not found
libk2pdfoptjni.so,3,1,,not found
libshell-super.com.self.study.sns.so,3,1,,not found
libdexposed.so,3,0,,not found
libcvutils.so,3,2,,not found
libmatting.so,3,2,,not found
libDeviceIdentifier.so,3,1,,not found
libpano_core.so,3,2,,not found
libshell-super.com.fugui.ps.so,3,1,,not found
libMp4v2.so,3,2,,not found
libjatolinker.so,3,2,,not found
libnuro.so,3,3,,not found
libdispatch-queue.so,3,2,,not found
libsokol.so,3,2,,not found
libretouch_sdk.so,3,3,,not found
libdreamworks-jni.so,3,2,,not found
libclipflow.so,3,3,,not found
libdreamworks.so,3,2,,not found
libimgseg.so,3,2,,not found
librs.contrast.so,3,2,,not found
libcommontool.so,3,3,,not found
libaot-System.Diagnostics.DiagnosticSource.dll.so,3,2,,not found
libaot-Xamarin.AndroidX.CursorAdapter.dll.so,3,2,,not found
libaot-Microsoft.Maui.Controls.dll.so,3,2,,not found
libaot-System.Web.HttpUtility.dll.so,3,2,,not found
libaot-System.Runtime.dll.so,3,2,,not found
libaot-Microsoft.Extensions.DependencyInjection.dll.so,3,2,,not found
libaot-Xamarin.AndroidX.CoordinatorLayout.dll.so,3,2,,not found
libaot-Xamarin.AndroidX.Lifecycle.ViewModelSavedState.dll.so,3,2,,not found
libaot-System.Private.CoreLib.dll.so,3,2,,not found
libaot-Xamarin.Kotlin.StdLib.dll.so,3,2,,not found
libaot-Xamarin.AndroidX.Navigation.Runtime.dll.so,3,2,,not found
libaot-Microsoft.Extensions.Configuration.dll.so,3,2,,not found
libaot-System.Runtime.InteropServices.dll.so,3,2,,not found
libaot-Xamarin.AndroidX.Navigation.Fragment.dll.so,3,2,,not found
libaot-System.Text.Encodings.Web.dll.so,3,2,,not found
libaot-Xamarin.AndroidX.Fragment.dll.so,3,2,,not found
libaot-System.IO.Compression.dll.so,3,2,,not found
libaot-Xamarin.AndroidX.ViewPager2.dll.so,3,2,,not found
libaot-Xamarin.AndroidX.Lifecycle.LiveData.Core.dll.so,3,2,,not found
libaot-System.ComponentModel.Primitives.dll.so,3,2,,not found
libaot-Xamarin.AndroidX.DrawerLayout.dll.so,3,2,,not found
libaot-SQLitePCLRaw.batteries_v2.dll.so,3,2,,not found
libaot-System.Memory.dll.so,3,2,,not found
libaot-System.ComponentModel.TypeConverter.dll.so,3,2,,not found
libaot-System.ObjectModel.dll.so,3,2,,not found
libaot-System.Private.Xml.dll.so,3,2,,not found
libaot-Microsoft.Extensions.Configuration.Abstractions.dll.so,3,2,,not found
libaot-_Microsoft.Android.Resource.Designer.dll.so,3,2,,not found
libaot-System.Security.Cryptography.dll.so,3,2,,not found
libaot-System.Collections.dll.so,3,2,,not found
libaot-System.Private.Uri.dll.so,3,2,,not found
libaot-System.Drawing.dll.so,3,2,,not found
libaot-Xamarin.AndroidX.SwipeRefreshLayout.dll.so,3,2,,not found
libaot-Xamarin.AndroidX.CustomView.dll.so,3,2,,not found
libaot-System.Collections.Specialized.dll.so,3,2,,not found
libaot-SQLitePCLRaw.core.dll.so,3,2,,not found
libaot-System.Net.Primitives.dll.so,3,2,,not found
libaot-Microsoft.Maui.Essentials.dll.so,3,2,,not found
libaot-CommunityToolkit.Maui.dll.so,3,2,,not found
libaot-System.Threading.dll.so,3,2,,not found
libaot-System.Collections.Concurrent.dll.so,3,2,,not found
libaot-Xamarin.AndroidX.AppCompat.AppCompatResources.dll.so,3,2,,not found
libaot-Xamarin.AndroidX.Activity.dll.so,3,2,,not found
libaot-Xamarin.Google.Android.Material.dll.so,3,2,,not found
libaot-SQLitePCLRaw.lib.e_sqlite3.android.dll.so,3,2,,not found
libaot-System.Runtime.Loader.dll.so,3,2,,not found
libaot-Microsoft.Extensions.Logging.Abstractions.dll.so,3,2,,not found
libaot-Microsoft.Maui.Controls.Xaml.dll.so,3,2,,not found
libaot-Xamarin.AndroidX.RecyclerView.dll.so,3,2,,not found
libaot-SkiaSharp.dll.so,3,2,,not found
libaot-Microsoft.Extensions.Logging.dll.so,3,2,,not found
libaot-System.ComponentModel.dll.so,3,2,,not found
libaot-System.Linq.Expressions.dll.so,3,2,,not found
libaot-Microsoft.Extensions.Primitives.dll.so,3,2,,not found
libaot-Microsoft.Extensions.Options.dll.so,3,2,,not found
libaot-System.Drawing.Primitives.dll.so,3,2,,not found
libaot-System.Text.Json.dll.so,3,2,,not found
libaot-SQLitePCLRaw.provider.e_sqlite3.dll.so,3,2,,not found
libaot-netstandard.dll.so,3,2,,not found
libaot-Xamarin.AndroidX.Loader.dll.so,3,2,,not found
libaot-System.Formats.Asn1.dll.so,3,2,,not found
libaot-System.Collections.Immutable.dll.so,3,2,,not found
libaot-Microsoft.Maui.dll.so,3,2,,not found
libaot-CommunityToolkit.Maui.Core.dll.so,3,2,,not found
libaot-Xamarin.AndroidX.Navigation.Common.dll.so,3,2,,not found
libaot-Microsoft.Maui.Graphics.dll.so,3,2,,not found
libaot-System.Xml.ReaderWriter.dll.so,3,2,,not found
libaot-Microsoft.Extensions.DependencyInjection.Abstractions.dll.so,3,2,,not found
libassemblies.arm64-v8a.blob.so,3,3,,not found
libaot-System.Numerics.Vectors.dll.so,3,2,,not found
libaot-System.Threading.Thread.dll.so,3,2,,not found
libaot-System.Collections.NonGeneric.dll.so,3,2,,not found
libaot-Mono.Android.Runtime.dll.so,3,2,,not found
libaot-System.Text.RegularExpressions.dll.so,3,2,,not found
libaot-Xamarin.AndroidX.Navigation.UI.dll.so,3,2,,not found
libaot-Xamarin.AndroidX.SavedState.dll.so,3,2,,not found
libaot-System.Console.dll.so,3,2,,not found
libaot-Xamarin.AndroidX.CardView.dll.so,3,2,,not found
libarc.bin.so,3,2,,not found
libaot-Xamarin.KotlinX.Coroutines.Core.Jvm.dll.so,3,2,,not found
libaot-System.Diagnostics.TraceSource.dll.so,3,2,,not found
libaot-System.Runtime.Numerics.dll.so,3,2,,not found
libaot-System.Linq.dll.so,3,2,,not found
libSeetaFaceLandmarker.so,3,1,,not found
libSeetaFaceDetector.so,3,1,,not found
libSeetaNet.so,3,1,,not found
libpine-enhances.so,3,2,,not found
libNtools.so,3,2,,not found
libadvista.so,3,1,,not found
libAlphabet.so,3,1,,not found
libmtface.so,3,1,,not found
libmrtc_webrtc.so,3,2,https://webrtc.googlesource.com/src/,not sure
libDJIProtobuf.so,3,3,https://github.com/protocolbuffers/protobuf,not sure
libwpmz_jni.so,3,3,,not found
libvldp.so,3,1,,not found
libAIModelSearchKit.so,3,1,,not found
libpcl_segmentation.so,3,2,,not found
libteaser_io.so,3,2,,not found
libflann_cpp.so,3,2,,not found
libpcl_io.so,3,2,,not found
libpcl_common.so,3,2,,not found
libSnpeHtpV68Skel.so,3,1,,not found
libcalculator_skel.so,3,1,,not found
libpcl_features.so,3,2,,not found
libpcl_sample_consensus.so,3,2,,not found
libpcl_octree.so,3,2,,not found
libpcl_kdtree.so,3,2,,not found
libtinyply.so,3,2,,not found
libpcl_ml.so,3,2,,not found
libvr_reconstruction.so,3,2,,not found
libpcl_search.so,3,2,,not found
libigraph.so,3,2,,not found
libpcl_filters.so,3,2,,not found
libpcl_io_ply.so,3,2,,not found
libopat.so,3,3,,not found
libAIFaceDetection.so,3,2,,not found
libunity-interface.so,3,3,,not found
libAIAutoAdjust.so,3,2,,not found
libyahfa.so,3,3,,not found
libmtcvlite.so,3,2,,not found
libyuvconvert-lib.so,3,2,,not found
libjni.so,3,2,,not found
libimagetool.so,3,1,,not found
libzalgorithm.so,3,1,,not found
libimagetoolold.so,3,1,,not found
libvcrt2.so,3,3,,not found
libzcompress.so,3,3,,not found
libhairstyletransfer.so,3,2,,not found
libtrickle.so,3,1,,not found
libaire.so,3,1,,not found
libaire_filters.so,3,1,,not found
oppo_game_service_202306.so,3,0,,not found
libminigzip_v1.so,3,1,,not found
libPocoGLES_homme.so,3,1,,not found
libmcfxplugin.so,3,3,,not found
libvideo-player-lib.so,3,3,,not found
libmcfx.so,3,2,,not found
libshell-super.cn.neoimaging.idphoto.so,3,1,,not found
libconverter.so,3,2,,not found
libcxxstl.252.so,3,2,,not found
libnativeutil.so,3,2,,not found
libBBCameraLibs.so,3,1,,not found
libapppatch.so,3,1,,not found
libstrongswan.so,3,2,,not found
libnkrswvideoreader.so,3,2,,not found
libtnccs.so,3,2,,not found
libvoiceencoder.so,3,1,,not found
libnkrjni.so,3,2,,not found
libnkrvideorenderer.so,3,2,,not found
libtpmtss.so,3,2,,not found
libipsec.so,3,2,,not found
libnkraudioreader.so,3,2,,not found
libnkraudiorenderer.so,3,2,,not found
libimcv.so,3,2,,not found
libnkrmultistreamsource.so,3,2,,not found
libtncif.so,3,2,,not found
libnkrmp4muxer.so,3,2,,not found
libmdc_filter.so,3,2,,not found
libtmio.so,3,2,,not found
libnkrraw2mp4.so,3,2,,not found
libnkraudiocodec.so,3,2,,not found
libnkrImageStitch.so,3,2,,not found
libnkrutility.so,3,2,,not found
libnkrplayerbase.so,3,2,,not found
libnkrNativeWindowRender.so,3,2,,not found
libtmiojni.so,3,2,,not found
libSnxAEC.so,3,0,,not found
libnkrtranscode.so,3,2,,not found
libnkrffmpegdec_neon.so,3,2,https://github.com/FFmpeg/FFmpeg,not sure
libnkrhwvideoreader.so,3,2,,not found
libcharon.so,3,2,,not found
libandroidbridge.so,3,2,,not found
liblemon.so,3,2,,not found
libnkrsourcesplitter.so,3,2,,not found
libWebViewCore_ri_7z_uc.so,3,2,,not found
libcom.hzpd.jwztc_shell_alijtca_plus.so,3,1,,not found
libadblock.so,3,1,,not found
libUnicomFPSDK.so,3,1,,not found
libgifenc_wrapper.so,3,1,,not found
libredprofile.so,3,2,,not found
libfcplayer.so,3,2,,not found
libdatachannel.so,3,2,,not found
libanimated-gif.so,3,2,,not found
libjgcqm_a64.so,3,0,,not found
libtalmsgsdk.so,3,2,,not found
libmastershotmetadata.so,3,3,,not found
libgrouper_main.so,3,3,,not found
libpano_video.so,3,3,,not found
libmetadata_cc_proto.so,3,2,,not found
libmtmd_metaextractor.so,3,3,,not found
libmtmd_h264streaming.so,3,3,,not found
libmtmd_mediametadataretriever.so,3,3,,not found
libcamera_motion_estimator_imu_interface.so,3,3,,not found
libmtmd_ffmpeg_wrapper.so,3,3,https://github.com/FFmpeg/FFmpeg,not sure
libsky-segment.so,3,3,,not found
libwab520_proto.so,3,3,,not found
libshot_cc_proto.so,3,2,,not found
libeis.so,3,2,,not found
libmtmd_virtual_flight_utils.so,3,3,,not found
libmtmd_bytedeffects.so,3,3,,not found
libml-lib.so,3,3,,not found
libacb202_proto.so,3,3,,not found
libmtmd_virtual_flight_threeD_math.so,3,3,,not found
libogre_main.so,3,2,,not found
libmtmd_file_remuxer.so,3,3,,not found
libmtmdffmpeg.so,3,3,https://github.com/FFmpeg/FFmpeg,not sure
liboqb101_proto.so,3,3,,not found
libmtmd_virtual_flight_render.so,3,3,,not found
libwab521_proto.so,3,3,,not found
libmlace_calculator.so,3,3,,not found
libacb203_proto.so,3,3,,not found
libogre_render_system_gles2.so,3,2,,not found
libogre_bites.so,3,2,,not found
libmtmd_mp4fileparser.so,3,3,,not found
libwab020_proto.so,3,3,,not found
libmtmd_math.so,3,2,,not found
libmtmd_avformat.so,3,2,,not found
libmtmd_cjson.so,3,2,,not found
libprotobuf_lite.so,3,3,https://github.com/protocolbuffers/protobuf,not sure
libvideo_denoise.so,3,3,,not found
libogre_gl_support.so,3,2,,not found
libwab234_proto.so,3,3,,not found
libmtmd_virtual_flight_metaparser.so,3,3,,not found
libmtmd_utils.so,3,3,,not found
libogre_over_lay.so,3,2,,not found
libcpu_features.so,3,2,,not found
libmtmd_mp4atomparser.so,3,3,,not found
libXNNPACK.so,3,2,,not found
libacb204_proto.so,3,3,,not found
libai_tag.so,3,3,,not found
libdMNN.so,3,3,,not found
liborg_tensorflow.so,3,2,,not found
libmlace_mediapipe.so,3,2,,not found
libilink_live.so,3,1,,not found
libmtmd_crypto.so,3,3,,not found
libml_vot.so,3,3,,not found
libruy.so,3,3,,not found
libmtmd_framecore.so,3,3,,not found
libwab140_proto.so,3,3,,not found
libcom_google_absl.so,3,2,,not found
libvideo_shot_sky_exchange.so,3,3,,not found
libogre_codec_stbi.so,3,2,,not found
libmtmd_playbackcache.so,3,3,,not found
libogre_particle_fx.so,3,2,,not found
libstitch_with_sym.so,3,3,,not found
libai_tag_photo.so,3,3,,not found
liblibrary_proto.so,3,3,,not found
libassemble_proto.so,3,3,,not found
libwab530_proto.so,3,3,,not found
libwmb261_proto.so,3,3,,not found
libeis_wrapper.so,3,2,,not found
libmtmd_utilities.so,3,3,,not found
libmtmd_ext_android.so,3,3,,not found
libmtmd_panorama.so,3,3,,not found
libhgb212_proto.so,3,3,,not found
libdInfer.so,3,3,,not found
libmlace_main.so,3,3,,not found
libdual_fisheye_video_eis.so,3,3,,not found
libogre_rt_shader_system.so,3,2,,not found
libmtmd_framework.so,3,3,,not found
libqsmcl-lib.so,3,2,,not found
libdrone_video_shot_sky_exchange.so,3,3,,not found
libmtmd_ext_gl.so,3,3,,not found
libsky_classification.so,3,2,,not found
libwab341_proto.so,3,3,,not found
libovpn3.so,3,2,,not found
libjingle_p2p_so.so,3,2,,not found
liblive_photo_kit.so,3,3,,not found
libgccontrol.so,3,1,,not found
liblive_photo.so,3,3,,not found
libop-sqlite.so,3,2,,not found
libreact-native-fs-turbo.so,3,2,,not found
libGSPlayerKit.so,3,3,,not found
libiGraphicsKitFluid3d_stub.so,3,2,,not found
libiGraphicsBackend.so,3,1,,not found
libiGraphicsKitEngine.so,3,2,,not found
libiGraphicsBackendGLES.so,3,1,,not found
libiGraphicsBackendVulkan.so,3,1,,not found
libiGraphicsKitShaderCvt.so,3,2,,not found
libiGraphicsKitPhysics.so,3,2,,not found
libiGraphicsKitCore.so,3,1,,not found
libiGraphicsKitFluid3d.so,3,2,,not found
libiGraphicsKitParticle.so,3,1,,not found
libnative-igraphics.so,3,2,,not found
libfrostfire.so,3,2,,not found
libJdArMakeup.so,3,2,,not found
libJdArMakeupExtension.so,3,2,,not found
liblivenessdetection_v2.4.3.so,3,2,,not found
libBaiduSpeechAEC.so,3,3,,not found
libBaiduSpeechAlgOTA.so,3,2,,not found
libdoavad.so,3,3,,not found
libhouyi_aec.so,3,2,,not found
libspeechSpilVoip_app.so,3,3,,not found
libimage_auth.so,3,2,,not found
libimage-filter-yuv-decoder.so,3,1,,not found
libconversationjni_public.so,3,2,,not found
libconversation_shared.so,3,2,,not found
libalibabacloud-oss-cpp-sdk.so,3,2,,not found
libZXing.so,3,2,,not found
libimageprocess.so,3,2,,not found
liblonghair.so,3,1,,not found
libnative_entry_points.so,3,1,,not found
libCodeDecJni.so,3,1,,not found
libMyDataProcess.so,3,1,,not found
libalf_h_sdkcore.so,3,1,,not found
liblcms2.so,3,2,,not found
libaudio_decode_transform.so,3,2,,not found
liboboe_sdk.so,3,1,,not found
libvialgorithm.so,3,3,,not found
libmultimodal_engine.so,3,2,,not found
libmultimodalJNI.so,3,2,,not found
libalipay_sqlite_bindings.so,3,3,,not found
libpre_install.so,3,3,,not found
libandroid-phone-securitycommon-offlinepay.so,3,3,,not found
liboffline-decrypt.so,3,2,,not found
libreact_codegen_FBoxNewSpecs.so,3,1,,not found
libreact_codegen_RNDateTimePickerCGen.so,3,1,https://github.com/react-native-datetimepicker/datetimepicker,true
libsf_imagequality.so,3,1,,not found
libMapBeautyJni.so,3,2,,not found
libgstarcadmc.so,3,3,,not found
libqqkj_v03.so,3,1,,not found
libapv.so,3,0,,not found
libalicomphonenumberauthsdk-release_alijtca_plus.so,3,1,,not found
libcost-lib.so,3,1,,not found
libQQMiniGameMMKV.so,3,1,,not found
libStockIndex.so,3,1,,not found
libthfundlib.so,3,1,,not found
libfmodstudioL.so,3,2,,not found
libOni.so,3,1,,not found
libIHMRBridge.so,3,2,,not found
libmarsxlogjojo.so,3,2,https://github.com/Tencent/mars,not sure
libfdslite-jni.so,3,2,,not found
libfdslite-lib.so,3,2,,not found
libhpyr.so,3,1,,not found
libsecureguard.so,3,1,,not found
libavformat-56.so,3,1,,not found
libavutil-54.so,3,1,,not found
libavfilter-5.so,3,1,,not found
libavcodec-56.so,3,1,,not found
libswscale-3.so,3,1,,not found
libswresample-1.so,3,1,,not found
libabc_time_converter.so,3,2,,not found
libnative-lua.so,3,2,,not found
libxesffmpeg.so,3,1,https://github.com/FFmpeg/FFmpeg,not sure
libwcrkeystore.so,3,2,,not found
libxes-diff.so,3,2,,not found
libxesplayer.so,3,1,,not found
libCloudSDK_jni.so,3,2,,not found
libxessdl.so,3,1,,not found
libargon2-binding.so,3,2,,not found
libhprt_printer_model.so,3,2,,not found
libMD5CheckPrinter.so,3,2,,not found
libhprt_printer_helper_cmd.so,3,2,,not found
libDataProtectorJni.so,3,1,,not found
libalioth-sign.so,3,1,,not found
libceduliveijksdl.so,3,1,,not found
libceduliveijkffmpeg.so,3,1,https://github.com/FFmpeg/FFmpeg,not sure
libceduliveijkplayer.so,3,1,,not found
libmergeNlu.so,3,2,,not found
libihppn.so,3,1,,not found
libRobotDotMatrix.so,3,2,,not found
libRbtBezier.so,3,2,,not found
libinhwrn.so,3,1,,not found
libRbtBezierAdapter.so,3,2,,not found
libRobotPoint_lib.so,3,2,,not found
libPenDrawAdaptor.so,3,2,,not found
libziputils.so,3,1,,not found
libcelestia.so,3,1,,not found
libtsf_sing_p.so,3,1,,not found
libtsf.so,3,1,,not found
libother-tsf.so,3,1,,not found
libnative-aes.so,3,1,,not found
libscreenrecorderrtmp.so,3,0,,not found
libtracert.so,3,2,,not found
liblibble.so,3,2,,not found
libvorbis-jni.so,3,2,,not found
libEnCompositionDetector.so,3,2,,not found
libapetex.so,3,1,,not found
libapecrypto.so,3,1,,not found
libFastDetect.so,3,3,,not found
libCrwFastFaceDetect.so,3,3,,not found
libpdgparser13.so,3,3,,not found
libjni_libyuv.so,3,2,https://chromium.googlesource.com/libyuv/libyuv/,not sure
libpdfparser10.so,3,3,,not found
libCrwLiveDetect.so,3,3,,not found
libjni_easyscreenlive.so,3,2,,not found
libmupdf1.so,3,2,,not found
libcxim.so,3,2,,not found
libCameraYuvUtil.so,3,2,,not found
libcx_face_yuv.so,3,2,,not found
librwImageUtil.so,3,3,,not found
libCoordination.so,3,3,,not found
libCrwDLiveDetect.so,3,3,,not found
libeasy_rtsp_server.so,3,2,,not found
libsecurity8.so,3,3,,not found
librongkejni.so,3,2,,not found
libEpubReader9.so,3,2,,not found
libcookieaes.so,3,2,,not found
libNeteaseVad.so,3,1,,not found
libEncoder.so,3,1,,not found
libaacarray.so,3,1,,not found
libOboeRecorder.so,3,1,,not found
libTAR.so,3,2,,not found
libsocrash.so,3,1,,not found
libxyavdevice.so,3,1,,not found
libxyavformat.so,3,1,,not found
libxyavutil.so,3,1,,not found
libxyswscale.so,3,1,,not found
libxyavcodec.so,3,1,,not found
libxyswresample.so,3,1,,not found
libxyavfilter.so,3,1,,not found
libactivity_space_module.so,3,2,,not found
libgift_module.so,3,2,,not found
libar_avatar_module.so,3,2,,not found
libservice_manager.so,3,2,,not found
libwarmup_media_module.so,3,2,,not found
liblottie.so,3,2,,not found
libEncryptorLib.so,3,1,,not found
libRM-SDK-LIB.so,3,2,,not found
libdatadog-native-lib.so,3,1,,not found
libflexa-runtime.so,3,3,,not found
libdetect_white_screen-lib.so,3,1,,not found
libnavermap.so,3,1,,not found
libTMXProfiling-8.0-93-jni.so,3,1,,not found
libcutils.so,3,2,,not found
libMagicSDK.so,3,2,,not found
libcvlib.so,3,2,,not found
liblvo_slamjni.so,3,2,,not found
liblvo.so,3,2,,not found
libcommon_lib.so,3,2,,not found
libcamera_lib.so,3,2,,not found
libnbsdc-jni1.2.0.so,3,0,,not found
libtensorflowlite_jni_gms_client.so,3,2,,not found
libsimple_native_image_compress.so,3,1,,not found
libImageJni.so,3,2,,not found
libSignatureLib.so,3,3,,not found
libanakin_lite.so,3,1,,not found
libFaceAttributes.so,3,1,,not found
libmorph.so,3,2,,not found
libvideoreader.so,3,2,,not found
libfotocomp.so,3,1,,not found
libavmdlttnet.so,3,3,,not found
libshell-super.com.zhanlang.changehaircut.so,3,1,,not found
libaijianji.so,3,3,,not found
libloveeditor.so,3,3,,not found
libsignverify.so,3,2,,not found
libalicomphonenumberauthsdk-log-release_alijtca_plus.so,3,2,,not found
libugcanti.so,3,0,,not found
libUnityDriver.so,3,3,,not found
libulsTracker_native.so,3,1,,not found
libULSeeAuth.so,3,1,,not found
libUnicomAccount.so,3,2,,not found
libUnicomPunch.so,3,1,,not found
libacs_proxy.so,3,1,,not found
libshell-super.com.nine.FuzhuReader.so,3,1,,not found
libonyx_lame.so,3,2,,not found
libonyx_algorithm.so,3,2,,not found
libengine_sdk.so,3,2,,not found
libneo_hwr_jni.so,3,2,,not found
libartp.so,3,1,,not found
libjdcplayer.so,3,2,,not found
libheyhou_video.so,3,0,,not found
libraw_data_process.so,3,2,,not found
libshell-super.com.btxh.xjubenapp.so,3,1,,not found
libgenius.so,3,1,,not found
libliverecord.so,3,2,,not found
libVehicleInterfaceLib.so,3,2,,not found
libshell-super.com.icarguard.business.so,3,1,,not found
libndk_jiexingzhe.so,3,1,,not found
libVuforiaWrapper.so,3,2,,not found
lib..ffmpeg..so,3,2,https://github.com/FFmpeg/FFmpeg,not sure
libHomeLinkNdk.so,3,2,,not found
libvsck.so,3,3,,not found
glessm1027.so,3,0,,not found
libhousesecurity.so,3,2,,not found
libvideo.so,3,1,,not found
libSFBroadCastSec.so,3,2,,not found
libimsecurity-lib.so,3,2,,not found
libshell-super.com.example.homeking.client.so,3,1,,not found
libshell-super.com.homeking.rabbit.so,3,1,,not found
libmiaodou_key_1.so,3,1,,not found
libvivoseckey.so,3,2,,not found
libvivosgmain.so,3,1,,not found
libvsfpa.so,3,2,,not found
libNative_cmft.so,3,2,,not found
libPatch.so,3,2,,not found
libspeex_fyj2.so,3,2,,not found
libMyJni.so,3,2,,not found
libbzdata.so,3,1,,not found
libecaf3bdb6_v1001_aee.so,3,1,,not found
liblink-foundation.so,3,3,,not found
libphantom.so,3,1,,not found
libwdid_clean_new.so,3,1,,not found
libflare.so,3,2,,not found
libcoreManger_new.so,3,1,,not found
liblink-empty.so,3,1,,not found
libmetis.so,3,1,,not found
libsystem_util.so,3,1,,not found
libefder.so,3,3,,not found
libsonic_vecamera.so,3,3,,not found
libsonic_canvas.so,3,3,,not found
libsonic_camera.so,3,3,,not found
libbytenn_napi.so,3,2,,not found
libsonic_base.so,3,3,,not found
libsonic_me_rec.so,3,3,,not found
libsonic_vmworker.so,3,3,,not found
libsonic_amazing.so,3,3,,not found
libsonic_audio.so,3,3,,not found
libIPS.so,3,2,,not found
libvideo-framing.so,3,2,,not found
libshell-super.com.huafeng.client.so,3,1,,not found
libeverscan.so,3,1,,not found
libBCTransform.so,3,1,,not found
libmp3Encoder.so,3,1,,not found
libtqlfilter.so,3,1,,not found
libaccEngineJni.so,3,2,,not found
libopenvslam.so,3,2,,not found
libiapppdf.so,3,2,,not found
libandroid_serial_port.so,3,1,,not found
libprinter_helper_cmd.so,3,1,,not found
libprinter_model.so,3,1,,not found
libnative-jrtc.so,3,2,,not found
libJAIDenoise.so,3,1,,not found
libtwl-net-utils.so,3,2,,not found
libpns.so,3,2,,not found
librecsbc.so,3,1,,not found
libaudio_speed.so,3,1,,not found
libkd_bsdiff.so,3,1,,not found
libQREngine.so,3,2,,not found
libokki-secure.so,3,1,,not found
libokki-auth.so,3,1,,not found
libnetconfig.so,3,1,,not found
libkjsdl.so,3,1,,not found
libncnn_base.so,3,1,,not found
libttpdfium.so,3,1,,not found
libgruntimev8.so,3,2,,not found
libgcanvas_view.so,3,2,,not found
libbizcommon.so,3,2,,not found
libtms_ocr.so,3,2,,not found
libQRCPCLSDK.so,3,2,,not found
libmy_ad_Library.so,3,1,,not found
libleveldb.so,3,2,,not found
libdtnest.so,3,3,,not found
libTangleSDK.so,3,3,,not found
libpdd_pnn_plugins.so,3,2,,not found
libmdumper.so,3,2,,not found
libissocket_android.so,3,2,,not found
libyicuinetclib.so,3,1,,not found
libcp-lib.so,3,2,,not found
libsystem_wrappers.so,3,2,,not found
libx264.148.so,3,2,https://code.videolan.org/videolan/x264,not sure
libsfusdk.so,3,2,,not found
libcoopshare.so,3,2,,not found
libaqua.so,3,2,,not found
libvideo_processing.so,3,2,,not found
libsrtp.so,3,2,,not found
libmultp.so,3,2,,not found
libavc_video_coding.so,3,2,,not found
libmultimedia.so,3,2,,not found
libdsc.so,3,2,,not found
librtp_rtcp_transport.so,3,2,,not found
libmessage.so,3,2,,not found
libtrpt.so,3,2,,not found
libannote.so,3,2,,not found
libsvc_video_coding.so,3,2,,not found
libcommon_video.so,3,2,,not found
libbandwidth_estimator.so,3,2,,not found
libysip.so,3,2,,not found
libvideo_framework.so,3,2,,not found
libnativeBreakPad.so,3,1,,not found
libgrayUpdateNativeLib.so,3,1,,not found
libnative-lib-log.so,3,1,,not found
libcustom_frame_crypto.so,3,2,,not found
liblogim.so,3,1,,not found
libsnn.so,3,2,,not found
libmnn_snn_engine.so,3,2,,not found
libdvsecurity.so,3,3,,not found
libmindspore-lite-ocr-table.so,3,2,https://github.com/mindspore-ai/mindspore,not sure
libecsimnbr.so,3,2,,not found
libtup_openmedia.so,3,2,,not found
libmindspore-lite-optimize-ocr-table.so,3,2,https://github.com/mindspore-ai/mindspore,not sure
libFace.so,3,2,,not found
libtup_httpofflinefile.so,3,2,,not found
libtupService.so,3,2,,not found
libsqlcipherEx.so,3,2,https://github.com/sqlcipher/sqlcipher,not sure
libtup_sdk.so,3,2,,not found
libkiacheck.so,3,2,,not found
libipsi_ssl.so,3,2,,not found
libTupConf.so,3,2,,not found
libFrameWorkSDK.so,3,2,,not found
libmindspore-lite-fp16-ocr-table.so,3,2,https://github.com/mindspore-ai/mindspore,not sure
libTableTextRecognition.so,3,2,,not found
libnsdk_ca_csizg.so,3,2,,not found
libspark_rtc_sdk.so,3,2,,not found
libuu-native.so,3,2,,not found
libaudio_mixer.so,3,2,,not found
libperf_mon_sdk.so,3,1,,not found
libnet_guard_dns.so,3,2,,not found
libclientproxy.so,3,1,,not found
libemmcipher.so,3,2,,not found
libpnn.so,3,2,,not found
libpcrash_anr.so,3,2,,not found
libcrashAvoid.so,3,2,,not found
libCSoLoader.so,3,2,,not found
libcom_zfcm_ad_base.so,3,1,,not found
libimageconvertor.so,3,2,,not found
libgeoofdplugin.so,3,2,,not found
libpdfdom.so,3,2,,not found
libpdfconvertor.so,3,2,,not found
liboesplugin.so,3,2,,not found
libstandardcheck.so,3,2,,not found
libpdfsignature.so,3,2,,not found
libofddom.so,3,2,,not found
libpdfsign.so,3,2,,not found
libofdannot.so,3,2,,not found
libofdsign.so,3,2,,not found
libofd2pdf.so,3,2,,not found
libswofdapi_jni.so,3,2,,not found
libofdcore.so,3,2,,not found
libreceipttool.so,3,2,,not found
libswutility.so,3,2,,not found
libSVEngine.so,3,1,,not found
libSYDetect.so,3,1,,not found
libsyoput.so,3,2,,not found
libSYEngineNative.so,3,1,,not found
libContecFoetalEncrypt-1.0.so,3,1,,not found
libecg_mobile.so,3,1,,not found
libadclient.so,3,1,,not found
libGameCtrlSDK.so,3,1,,not found
libleoao-lib.so,3,3,,not found
libbluedecode.so,3,1,,not found
libjpush-core-jni.so,3,3,,not found
libonline-lib.so,3,2,,not found
libFlVmp.so,3,1,,not found
libEsafeVmp.so,3,1,,not found
libFaVmp.so,3,1,,not found
libasc_dec.so,3,1,,not found
libphone.so,3,3,,not found
libASCDecoder.so,3,1,,not found
libupsample.so,3,1,,not found
libksyreplay.so,3,1,,not found
libuniffi_ksyreplay.so,3,1,,not found
libclinical_features.so,3,1,,not found
libiand.so,3,1,,not found
libvideocompress.so,3,2,,not found
libshell-super.com.yuyuesports.yuyue.android.so,3,1,,not found
libZoomMeetingBridge.so,3,2,,not found
libzPTApp.so,3,2,,not found
libzMsgUI.so,3,2,,not found
libzoombase_p1_shared.so,3,1,,not found
libZoomTask.so,3,1,,not found
libzNet.so,3,2,,not found
libzConfUniversalUI.so,3,2,,not found
libzPTKBCrypto.so,3,2,,not found
libZoomTelemetry.so,3,2,,not found
libcmmbiz.so,3,2,,not found
libWebRtcAudio.so,3,2,https://webrtc.googlesource.com/src/,not sure
libnetca_log.so,3,2,,not found
libnetca_crypto.so,3,2,,not found
libnetca_asn1.so,3,2,,not found
libNetcaJDeviceInnerError.so,3,2,,not found
libNetcaJCrypto.so,3,2,,not found
libnetca_url2.so,3,2,,not found
libNetcaMobileKey.so,3,2,,not found
libnetca_util.so,3,2,,not found
libprotocol_c.so,3,2,,not found
libprotocol_ffi.so,3,2,,not found
libchipsea_bis_v23x242.so,3,1,,not found
libeeg_rt_ce.so,3,1,,not found
libchipsea_biad_v641.so,3,1,,not found
libalgoSleep_251226.so,3,1,,not found
libsport.so,3,2,,not found
libghlocation3.0.so,3,1,,not found
libGHMap3.0.so,3,1,,not found
libactRes.so,3,1,,not found
libglyphix-mas-android.so,3,2,,not found
libaidplay.so,3,1,,not found
libshell-super.com.hfy.warmapp.so,3,1,,not found
libshell-super.com.moying.crazyreduce.so,3,1,,not found
libduolingounity.so,3,1,,not found
liblottie-player.so,3,1,,not found
libpdfgenerator.so,3,1,,not found
libbase64encoder_v1_6.so,3,2,,not found
libopentok.so,3,1,,not found
libmpdecoder.so,3,1,,not found
libwavetrans.so,3,1,,not found
libbinarysig.so,3,3,,not found
libblurhash_ffi.so,3,1,,not found
libJingqueAudio.so,3,1,,not found
libLibMotionALG.so,3,2,,not found
libshell-super.com.android.jike.duoguansport.so,3,1,,not found
libcreek_protocol.so,3,1,,not found
libasync_ssl_tcp.so,3,2,,not found
libMaraRunEngine.so,3,1,,not found
libMaraAppKey.so,3,1,,not found
libjnicall.so,3,1,,not found
libjiandan.so,3,1,,not found
libDSSMobileSDK.so,3,1,,not found
libPlatformSDK.so,3,1,,not found
libgtencrypt.so,3,2,,not found
libhbnewencrypt.so,3,2,,not found
libnllvm1623604638.so,3,1,,not found
libhbgjbangbang_crypto_tool.so,3,1,,not found
libLocOffs.so,3,1,,not found
libhdmap-gl.so,3,1,,not found
libMetroSo.so,3,2,,not found
libdemolib.so,3,3,,not found
libBWSecurity.so,3,1,,not found
libsm2U.so,3,2,,not found
libhcecos.so,3,2,,not found
libshell-super.com.njusoft.haiantrip.so,3,1,,not found
libofflinecode.so,3,2,,not found
libandroid-phone-thirdparty-amap3dmap.so,3,2,,not found
libnlstools_jni.so,3,2,,not found
libshell-super.net.reead.home.so,3,1,,not found
libFacePose_jni.so,3,2,,not found
libmd.so,3,1,,not found
libJniQrCodeSign.so,3,1,,not found
libchd_coder.so,3,1,,not found
libchd_wmp.so,3,1,,not found
libchd_denoise.so,3,1,,not found
libnativeChdWmp.so,3,1,,not found
libnativeCoder.so,3,1,,not found
libchd_base.so,3,1,,not found
libscsk_android.so,3,2,,not found
libgmHttps.so,3,1,,not found
libJuheSDK_v_1_2.so,3,1,,not found
libVideoSDK.so,3,1,,not found
libmpp2.so,3,2,,not found
libthreadpump.so,3,2,,not found
libtp202receive.so,3,1,,not found
libtp201receive.so,3,1,,not found
libd1aec.so,3,1,,not found
libtp201makepair.so,3,1,,not found
libhstavdevice.so,3,2,,not found
libhtsys.so,3,2,,not found
libloginmanager.so,3,2,,not found
libviewer30.so,3,2,,not found
libshell-super.com.inhe.restaurant.so,3,1,,not found
libfxoes.so,3,2,,not found
libuhos_pki_mbedtls.so,3,1,https://github.com/Mbed-TLS/mbedtls,not sure
liblumidevsdk.so,3,3,,not found
libsmartconfig.so,3,2,,not found
libKinesisVideoProducerJNI.so,3,2,,not found
libams-1.2.9-mfr.so,3,2,,not found
libdce-1.1.19-mfr.so,3,2,,not found
libAXJNative.so,3,1,,not found
libffmpegtest.so,3,2,https://github.com/FFmpeg/FFmpeg,not sure
libortp-arm64-v8a.so,3,3,,not found
libmediastreamer_voip-arm64-v8a.so,3,3,,not found
libbctoolbox-arm64-v8a.so,3,2,,not found
liblinphone-arm64-v8a.so,3,3,,not found
libmediastreamer_base-arm64-v8a.so,3,3,,not found
libgree.so,3,2,,not found
libWulianIPCRTCV2Lib.so,3,2,,not found
libacnn_v2.3.1.so,3,1,,not found
libauthkeychecker.so,3,1,,not found
libosslspeedtest.so,3,2,,not found
libAudioVideoCodec.so,3,2,,not found
libskyjos.so,3,1,,not found
libxcastengine.so,3,2,,not found
libDSSCloudStream.so,3,1,,not found
libshell-super.com.ysg.deepai.so,3,1,,not found
libfunction.so,3,1,,not found
libCrash-lib.so,3,1,,not found
libCrashCore-lib.so,3,1,,not found
libstreamer30.so,3,2,,not found
libyuvrotate.so,3,2,,not found
libaaccodec.so,3,2,,not found
libHwFSOCR.so,3,2,,not found
libsdk_core_jni.so,3,2,,not found
libcmcc_sdk.so,3,2,,not found
libshell-super.com.mysoft.weizhushou.so,3,1,,not found
libSDK.so,3,1,,not found
libshell-super.com.luckybamboo.echo.so,3,1,,not found
libleyu.so,3,1,,not found
libAndroid_commdkg.so,3,2,,not found
libEncryptUtil.so,3,2,,not found
libnativeCrash.so,3,1,,not found
libdisk_full.so,3,1,,not found
libfind_abi.so,3,1,,not found
libsignalCrash.so,3,1,,not found
liboom.so,3,1,,not found
libsosow.so,3,1,,not found
libshell-super.zxzs.ppgj.so,3,1,,not found
libmerged-bundles-res-60.so,3,1,,not found
libcom-crb-commonui-commonui.so,3,1,,not found
libcom-crb-payservice-payservice.so,3,1,,not found
libcom-crb-commonservice-commonservice.so,3,1,,not found
libcom-crb-blereadservice-blereadservice.so,3,1,,not found
libcom-crb-trafficcardservice-trafficcardservice.so,3,1,,not found
libyicrypto.so,3,1,,not found
libffmpeg-core.so,3,2,https://github.com/FFmpeg/FFmpeg,not sure
libffmpeg_abidetect.so,3,2,https://github.com/FFmpeg/FFmpeg,not sure
libshell-super.com.nine.ErHaiFM.so,3,1,,not found
libshell-super.com.hnzxcm.wxlh.so,3,1,,not found
libemoji_module.so,3,3,,not found
libvirtual_bk_module.so,3,3,,not found
libvideo_beauty_module.so,3,3,,not found
libwework_chat_module.so,3,3,,not found
libLiveRecorder.so,3,2,,not found
libnfc_akuvox.so,3,2,,not found
libesd_sdk_v1.so,3,2,,not found
libDictationProcess.so,3,1,,not found
libgifkit.so,3,2,,not found
libimagetools.so,3,2,,not found
libdamaku.so,3,1,,not found
libshell-super.android.kuaishang.so,3,1,,not found
libshell-super.com.orientalsports.osportsapp.so,3,1,,not found
libaec.so,3,1,,not found
libARFoundationDriver.so,3,1,,not found
libtcpp.so,3,1,,not found
libshell-super.com.bmronline.zjsxyandroidclient.so,3,1,,not found
libmtjpeg-turbo.so,3,2,https://github.com/libjpeg-turbo/libjpeg-turbo,not sure
libaiteleprompter.so,3,1,,not found
libRealtimeBokehJNI.so,3,1,,not found
libshell-super.com.lixiangdong.idphotomaker.so,3,1,,not found
libStringFogJNI.so,3,2,,not found
libshell-super.com.longyuan.journalnet.so,3,1,,not found
libgylmmarsxlog.so,3,1,https://github.com/Tencent/mars,not sure
libWeakNetReceiver.so,3,1,,not found
libshell-super.com.tbyhq.yhq810.so,3,1,,not found
libshell-super.com.tiantianwan.game.so,3,1,,not found
libshell-super.com.cqzj.gamefuli.so,3,1,,not found
libcrypt.so,3,1,,not found
libIcareEchoCancel.so,3,2,,not found
libhs_photo.so,3,1,,not found
libstitch-lib.so,3,1,,not found
libmessage_queue.so,3,1,,not found
libjdplay2.so,3,2,,not found
libMsfSdk.so,3,1,,not found
libhx_aecm.so,3,1,,not found
libhx_vad.so,3,1,,not found
libhx_noise_suppression.so,3,1,,not found
libhx_agc.so,3,1,,not found
libAACDecode.so,3,1,,not found
libH264Record.so,3,1,,not found
libH264Decode.so,3,1,,not found
libg711codec.so,3,1,,not found
libPPSPlayer.so,3,2,,not found
libSecurityJni.so,3,1,,not found
libh26xcoder.so,3,1,,not found
libiotClient.so,3,1,,not found
libshell-super.com.jl.scan_answers.so,3,1,,not found
libnagain.so,3,2,,not found
libpassguard_jni.so,3,0,,not found
libMLog.so,3,1,,not found
libdeviceRecongnizer.so,3,2,,not found
libopenssl_fips.so,3,0,https://github.com/openssl/openssl,not sure
libcatfishAirDocumentCapture.so,3,1,,not found
libnllvm1754635912625.so,3,1,,not found
liblivechat.so,3,1,,not found
libzxingcpp_android.so,3,1,,not found
libsc_s2b_ng.so,3,1,,not found
libQRCronto.so,3,1,,not found
libjniQPhone.so,3,1,,not found
libdexjni1768990386.so,3,1,,not found
libblinkEye.so,3,2,,not found
libdexjni1749193770.so,3,1,,not found
libJDCNSDK.so,3,1,,not found
libsipphone.so,3,1,,not found
libzxlog.so,3,1,,not found
libzteH265EncARMv7Android.so,3,1,,not found
libzteH265DecARMv7Android.so,3,1,,not found
libzteH264EncARMv7Android.so,3,1,,not found
libzteH264DecARMv7Android.so,3,1,,not found
libRTPFECLib.so,3,1,,not found
libISOTP.so,3,1,,not found
libshell-super.com.njusoft.taizhoutrip.so,3,1,,not found
libshell-super.com.njusoft.dongtaitrip.so,3,1,,not found
libshell-super.com.cn.tzsmk.so,3,1,,not found
libSSID_interactive_JNI.so,3,1,,not found
libshell-super.com.njusoft.jhtrip.so,3,1,,not found
libnllvm1658134476.so,3,1,,not found
libep-coder.so,3,1,,not found
libever_cloud_native_lib.so,3,2,,not found
liboxffcommand.so,3,1,,not found
libMobileFXV2.so,3,2,,not found
libaveditor.so,3,2,,not found
libWaterM.so,3,2,,not found
libsndtouch.so,3,2,,not found
libyzffmpeg.so,3,2,https://github.com/FFmpeg/FFmpeg,not sure
libNvsAISdk.so,3,2,,not found
libshell-super.com.yuanli.videotoaudio.so,3,1,,not found
libixpastro.so,3,1,,not found
libjpush215.so,3,1,,not found
libSGGISSDK_NAVI_v8_0_1.so,3,1,,not found
libdallascommon.so,3,1,,not found
libqaxlog.so,3,3,,not found
libmobile_mmkv.so,3,3,,not found
libbyod64.so,3,3,,not found
libwaterMarker.so,3,3,,not found
libqax_dumper.so,3,3,,not found
libnative-pushsdk.so,3,1,,not found
libAL_YuvOsd.so,3,2,,not found
libAL_wrapper_libusb.so,3,2,,not found
libAL_usb100.so,3,2,,not found
libAL_uvc.so,3,2,,not found
libAL_UVCCamera.so,3,2,,not found
libAL_jpeg-turbo1500.so,3,2,https://github.com/libjpeg-turbo/libjpeg-turbo,not sure
libHuiduCppLibs.so,3,1,,not found
libdevinfo.so,3,1,,not found
libccid-reader-jni.so,3,1,,not found
libpcsclite.so,3,1,,not found
libserialport-jni.so,3,1,,not found
libBsPatch.so,3,3,https://github.com/mendsley/bsdiff/blob/b817e9491cf7b8699c8462ef9e2657ca4ccd7667/bspatch.c,not sure
libSpeex.so,3,2,https://github.com/xiph/speex/blob/05895229896dc942d453446eba6f9f5ddcf95422/libspeex/speex.c,not sure
libYuv.so,3,2,https://chromium.googlesource.com/libyuv/libyuv/+/refs/heads/main/source/convert.cc,not sure
libcJSON.so,3,2,https://github.com/DaveGamble/cJSON/blob/6d9f2443ab071f86e5d9b43025a40929ec41c46c/cJSON.c,True
libopencv_java342.so,3,1,https://github.com/opencv/opencv/blob/3.4.2/modules/java/generator/src/cpp/Mat.cpp,True
libAMapSDK_MAP_v10_1_1.so,3,2,https://github.com/amapapi/Android_3D_Demo,not sure
libAMapSDK_MAP_v10_1_102.so,3,2,https://github.com/amapapi/Android_3D_Demo,not sure
libAMapSDK_MAP_v6_7_0.so,3,2,https://github.com/amapapi/Android_3D_Demo,not sure
libAMapSDK_MAP_v7_4_10.so,3,1,https://github.com/amapapi/Android_3D_Demo,not sure
libAMapSDK_NAVI_v10_5_2_02.so,3,2,https://github.com/amapapi/Android_3D_Demo,not sure
libAMapSDK_NAVI_v6_7_0.so,3,1,https://github.com/amapapi/Android_3D_Demo,not sure
libAMapSDK_NAVI_v9_3_5.so,3,1,https://github.com/amapapi/Android_3D_Demo,not sure
libAMapSDK_NAVI_v9_5_1.so,3,1,https://github.com/amapapi/Android_3D_Demo,not sure
libBaiduMapSDK_map_for_bikenavi_v7_4_0.so,3,1,,not found
libBaiduMapSDK_map_for_bikenavi_v7_5_2.so,3,1,,not found
libBaiduMapSDK_map_for_bikenavi_v7_6_5.so,3,2,,not found
libBaiduMapSDK_map_for_navi_v7_0_0.so,3,2,,not found
libBaiduTraceSDK_v3_0_4.so,3,1,,not found
libDXCaptcha-1.7.0.ID1010692.so,3,1,,not found
libDXRisk-l3.108c06a5.so,3,1,,not found
libDXRisk-v7_3_33r_1cc6cb6b.so,3,1,,not found
libDXRisk-v7_7_0r_807fd41a.so,3,1,,not found
libDXRiskComm-l3.108c06a5.so,3,1,,not found
libDXRiskComm-v7_3_33r_1cc6cb6b.so,3,1,,not found
libDXRiskComm-v7_7_0r_807fd41a.so,3,1,,not found
libauth_number_product-2.12.0-log-online-standard-release_alijtca_plus.so,3,1,,not found
libauth_number_product-2.12.3-nolog-online-standard-channel_alijtca_plus.so,3,2,,not found
libbaiduprotect_sdk-272edb5957c360919d5859686d68c48b526102f4.so,3,1,,not found
libbaiduprotect_sdk-d94e78360660355b12a2cabf373d76510001e2a8.so,3,1,,not found
libbaiduprotect_sec_jni_co.so,3,1,,not found
libbytertc.so,3,2,,not found
libhiai_session_impl.so,3,3,https://github.com/946166920/hiai_ddk,not sure
libjcore120.so,3,2,https://github.com/jpush/android-push-example,not sure
libjcore286.so,3,1,https://github.com/jpush/android-push-example,not sure
libjiagu_sdk_JGB_Security_SdkProtected.so,3,2,,not found
libpns-1.1.2-OnlineRelease_alijtca_plus.so,3,1,,not found
libpns-1.2.10-OnlineRelease_alijtca_plus.so,3,2,,not found
libpns-2.14.15-LogOnlineStandardCuumRelease_alijtca_plus.so,3,2,,not found
libpns-9.6.4-NologOnlineV9CuumRelease_alijtca_plus.so,3,2,,not found
libpns-9.7.3-LogOnlineV9CuumRelease_alijtca_plus.so,3,1,,not found
libsgmainso-5.6.14.28528155.so,3,1,https://github.com/sgInnora/alipay-securityguard-analysis,not sure
libsgmainso-6.6.230702.so,3,1,https://github.com/sgInnora/alipay-securityguard-analysis,not sure
libsgmainso-6.6.240604.so,3,1,https://github.com/sgInnora/alipay-securityguard-analysis,not sure
libsgmainso-6.6.241104.so,3,1,https://github.com/sgInnora/alipay-securityguard-analysis,not sure
libsgmiddletierso-5.6.14.28528155.so,3,1,https://github.com/sgInnora/alipay-securityguard-analysis,not sure
libsgmiddletierso-6.6.230702.so,3,1,https://github.com/sgInnora/alipay-securityguard-analysis,not sure
libsgmiddletierso-6.6.240604.so,3,1,https://github.com/sgInnora/alipay-securityguard-analysis,not sure
libsgmiddletierso-6.6.241104.so,3,1,https://github.com/sgInnora/alipay-securityguard-analysis,not sure
libsgmiscso-6.4.47.so,3,1,https://github.com/sgInnora/alipay-securityguard-analysis,not sure
libsgsecuritybodyso-5.6.14.28528155.so,3,1,https://github.com/sgInnora/alipay-securityguard-analysis,not sure
libsgsecuritybodyso-6.6.230702.so,3,1,https://github.com/sgInnora/alipay-securityguard-analysis,not sure
libsgsecuritybodyso-6.6.240604.so,3,1,https://github.com/sgInnora/alipay-securityguard-analysis,not sure
libsgsecuritybodyso-6.6.241104.so,3,1,https://github.com/sgInnora/alipay-securityguard-analysis,not sure
libstidliveness_silent.so,3,1,https://github.com/SoftSugar-Inc/effects-android,not sure
libshell-super.com.saohe.quicktran.so,2,1,,not found
libshell-super.cn.educity.exam.yw.so,2,1,,not found
libdlffmpeg-handle.so,2,1,https://github.com/FFmpeg/FFmpeg,not sure
libsignlib.so,2,1,,not found
libtvad.so,2,2,,not found
libnesun-protector.so,2,1,,not found
libnativecrypt.so,2,1,,not found
liblsc.so,2,1,,not found
libkybencryptutil.so,2,1,,not found
libespeak-ng.so,2,2,,not found
libscissor.so,2,1,,not found
libmini-nmt.so,2,2,,not found
libstarot-g722-codec.so,2,2,,not found
libtipocr.so,2,1,,not found
libytts.so,2,2,,not found
libJniLib.so,2,1,,not found
libpcre32.so,2,1,,not found
libshell-super.com.shangxueba.open.sxb.so,2,1,,not found
liblocalTransEngine.so,2,0,,not found
libopencv_solid.so,2,2,https://github.com/opencv/opencv,not sure
libxtk_core.so,2,1,,not found
libee59b02d1_v10097_aee.so,2,1,,not found
libe14b478a3_v1028_aee.so,2,1,,not found
libm3u8-util.so,2,1,,not found
libshell-super.com.zjtd.boaojinti.so,2,1,,not found
filereader.so,2,0,,not found
data.so,2,0,,not found
libshell-super.com.ykpass.jintihukao.so,2,1,,not found
libshield.so,2,1,,not found
libsensors.so,2,1,,not found
libInappbrowserNitro.so,2,1,,not found
libshell-super.com.bandsoft.haizheng.so,2,1,,not found
libdcalc.so,2,2,,not found
libshell-superv.cn.dxy.inderal.so,2,1,,not found
libshell-super.cn.dxy.inderal.so,2,1,,not found
libshell-supervbasic.cn.dxy.inderal.so,2,1,,not found
libxiUtkukQJstLxMvaSfGz.so,2,1,,not found
libarch.so,2,2,,not found
libutil_stack.so,2,1,,not found
libarkui_observer.so,2,1,,not found
libarkts_math_decimal.so,2,1,,not found
libnetwork-dnkeeper.so,2,1,,not found
libnetwork-grs.so,2,1,,not found
libhms-im.so,2,1,,not found
libhms-chatroom.so,2,1,,not found
libplatformview.so,2,1,,not found
libha_api.so,2,1,,not found
liblogBufferLib.so,2,1,,not found
libhms-sns.so,2,1,,not found
libsecuresdk.so,2,1,,not found
libcalibrate.so,2,1,,not found
libe9b59.so,2,1,,not found
libSigGuard.so,2,1,,not found
libbean.so,2,2,,not found
libbeancrypto.so,2,2,,not found
libSeetaQualityAssessor2.so,2,1,,not found
libTuyaCloudStorageSignatureTools.so,2,1,,not found
libloghouse.so,2,1,,not found
libSeetaFaceLandmarker2.so,2,1,,not found
libfacerecognize.so,2,1,,not found
libSeetaFaceDetector2.so,2,1,,not found
libBaiduMapAutoEngine.so,2,1,,not found
libtuyasmart.so,2,1,,not found
libTYMediaPlayerSDK.so,2,1,,not found
libSeetaFaceRecognizer2.so,2,1,,not found
libseetanet2.so,2,1,,not found
liblicense_tts.so,2,1,,not found
libfrida-detect.so,2,1,,not found
libdsgenerkeys.so,2,1,,not found
libdsobtainkeys.so,2,1,,not found
libdsutils.so,2,1,,not found
libshell-super.com.aion.hyperapp.so,2,1,,not found
libdslog.so,2,1,,not found
libffmpegCommand.so,2,1,https://github.com/FFmpeg/FFmpeg,not sure
libgoa_make_welcome.so,2,1,,not found
libcdble.so,2,1,,not found
libcdblecore.so,2,1,,not found
libshell-super.com.taoche.partner.so,2,1,,not found
libcom_autohome_plugin_carfriend.so,2,2,,not found
libcom_autohome_plugin_setting.so,2,2,,not found
libreact_codegen_AHRNCarBizModuleSpec.so,2,2,,not found
libcom_autohome_main_article.so,2,2,,not found
libcom_autohome_plugin_carscontrast.so,2,2,,not found
libcom_autohome_main_me.so,2,2,,not found
libreact_codegen_AHRNBlockModuleSpec.so,2,2,,not found
libreact_codegen_RNFSManagerSpec.so,2,2,https://github.com/itinance/react-native-fs,not sure
libreact_codegen_AHModulesSpec.so,2,2,,not found
libcom_autohome_main_club.so,2,2,,not found
libcom_autohome_main_car.so,2,2,,not found
libhermesc.so,2,2,https://github.com/facebook/hermes,not sure
libreact_codegen_RNCImageEditorSpec.so,2,2,,not found
libreact_codegen_ViewpagerSpec.so,2,2,https://github.com/callstack/react-native-pager-view,not sure
libkmslib.so,2,1,,not found
libkmssdk.so,2,1,,not found
liboqsjni.so,2,2,,not found
libconstants.so,2,2,,not found
libb920.so,2,1,,not found
libLoaderRiskStub1292.so,2,1,,not found
libshell-super.com.ucar.app.so,2,1,,not found
libaplibrary.so,2,1,,not found
libautophix.so,2,1,,not found
libleapsec_appble.so,2,1,,not found
libleapcrypto.so,2,1,,not found
libbbe0.so,2,1,,not found
libzta.so,2,1,,not found
libnativebridge.so,2,1,,not found
libmychevyso.so,2,1,,not found
libgdamapv4sdk736.so,2,0,,not found
libgdamapv4sdk736ex.so,2,0,,not found
libvirecog.so,2,1,,not found
libBankCardScan.so,2,2,,not found
libcom.jd.jdlive.lib.xwin.so,2,2,,not found
libcom.jd.lib.login.so,2,2,,not found
libframepf.so,2,0,,not found
libanti-monitor.so,2,2,,not found
libcar_native.so,2,2,,not found
libmobile_ffi.so,2,2,,not found
libMyThreeLibs.so,2,1,,not found
libslbluetooth-lib.so,2,1,,not found
libslnative-lib.so,2,2,,not found
libvocmo-lib.so,2,2,,not found
libmjap.so,2,1,,not found
libffbdbcipher.so,2,1,,not found
libtso.so,2,1,,not found
libuct.so,2,1,,not found
libdesn_ffb_jg.so,2,1,,not found
libkj-bspatch.so,2,1,,not found
libxmwebp.so,2,1,https://chromium.googlesource.com/webm/libwebp/,not sure
libramses-shared-lib.so,2,1,,not found
libview3dRamses.so,2,1,,not found
libramses-shared-lib-headless.so,2,1,,not found
libramses-shared-lib-renderer.so,2,1,,not found
libirmsdk_1.2.3.so,2,0,,not found
libPPQt.so,2,1,,not found
libedc02.so,2,1,,not found
libreact_codegen_RTNLegoVideoPlayerViewSpec.so,2,2,,not found
libreact_codegen_RTNLegoImageSpec.so,2,2,,not found
libreact_codegen_RNLegoComponent.so,2,2,,not found
libreact_codegen_RTNLegoWebViewSpec.so,2,2,,not found
libreact_codegen_RTNLegoLoadingSpec.so,2,2,,not found
libServiceKey.so,2,1,,not found
libwebrtc_jni.so,2,1,https://webrtc.googlesource.com/src/,not sure
libcronet.98.0.4758.101.so,2,1,,not found
libcom.tmallyc.store.app_rcp_alijtca_plus.so,2,1,,not found
libcom.tmallyc.store.app_shell_alijtca_plus.so,2,1,,not found
libUACAudio.so,2,2,,not found
libshell-super.com.gxlz.zxc.so,2,1,,not found
liblike-splitting.so,2,1,,not found
libqJtSVbloFOuLSGEMkPmb.so,2,1,,not found
libsixents-core-sdk.so,2,1,,not found
libdata_transfer.so,2,1,,not found
libintelhex.so,2,1,,not found
libhbal_se.so,2,2,,not found
libtbsminiqbres.apk.so,2,1,,not found
libtbsminiqb_dex.jar.so,2,1,,not found
libtbslibcommon_basemodule_jni.so.so,2,1,,not found
libtbsminiqb.conf.so,2,1,,not found
libtbslibmttwebview_plat_support.so.so,2,1,,not found
libtbsTencentLocationSDK.jar.so,2,1,,not found
libtbslibBugly-tbscore.so.so,2,1,,not found
libtbslibwebp_base.so.so,2,1,https://chromium.googlesource.com/webm/libwebp/,not sure
libtbslibmttwebview.so.so,2,1,,not found
libtbslibTbsPatch.so.so,2,1,,not found
libtbslibtencentpos.so.so,2,1,,not found
libtbslibTPGDecoder.so.so,2,1,,not found
libtbstbs_jsapi_plugin.jar.so,2,1,,not found
libtbsvideores.apk.so,2,1,,not found
libtbslibwebviewchromium.so.so,2,1,,not found
libtbs=eDV3ZWJ2aWV3L01BTklGRVNU.so,2,1,,not found
libtbslibLzmaDec.so.so,2,1,,not found
libtbslibresources.so.so,2,1,,not found
libtbslibtbs_crash_handler.so.so,2,1,,not found
libtbstbs_ug_plugin.jar.so,2,1,,not found
libtbslibqb_keystore.so.so,2,1,,not found
libpabeauty.so,2,1,,not found
libtbslibQimei.so.so,2,1,,not found
libtbsres.apk.so,2,1,,not found
libtbslibzh_cn.so.so,2,1,,not found
libtbslibcmdsh.so.so,2,1,,not found
libtbsnative_ad_plugin_dex.jar.so,2,1,,not found
libtbsapache_dex.jar.so,2,1,,not found
libpfmcbeautylib.so,2,1,,not found
libtbsvideo_impl_dex.jar.so,2,1,,not found
libtbsliblinuxtoolsfortbssdk_jni.so.so,2,1,,not found
libtbs1.so,2,1,,not found
libtbslibSharpPDecoder.so.so,2,1,,not found
libtbsDEPS.so,2,1,,not found
libtbslibWxHevcDecoder.so.so,2,1,,not found
libCarAssistJNI.so,2,1,,not found
libWVCachePatcher.so,2,1,,not found
libthemis-v8.so,2,1,,not found
libobdcore.so,2,1,,not found
libRnCachePatcher.so,2,1,,not found
libidcardrecog.so,2,0,,not found
libgencode.so,2,0,,not found
libGtTermb.so,2,0,,not found
libLotusCardDriver.so,2,0,,not found
libowpqc.so,2,1,,not found
libb42b.so,2,1,,not found
libares-g.so,2,1,,not found
libSecretKey.so,2,1,,not found
libd791.so,2,1,,not found
libhwcpipe.so,2,2,,not found
libheapprofd_standalone_client.so,2,2,,not found
libplaycore.so,2,2,,not found
librelease_crypto_tool.so,2,1,,not found
libimagequalitycheck.so,2,1,,not found
libd3c6.so,2,1,,not found
libshell-super.com.zx.awxbdvr.so,2,1,,not found
libpisqlite.so,2,1,,not found
libnplpdWFRTKSDHBFrUpwd.so,2,1,,not found
libyuErjQayEGwzbkSqMTbz.so,2,1,,not found
libTqJvjECzDMsnHtGyKWMz.so,2,1,,not found
libvehiclefrontrecog.so,2,1,,not found
libYCJNI.so,2,1,,not found
libThirdJni.so,2,1,,not found
libmain_jni.so,2,1,,not found
libmain_jni_20251020.so,2,1,,not found
libgeneralocr_android.so,2,1,,not found
lib1AJIE_security_access.so,2,1,,not found
lib1AYUC_security_access.so,2,1,,not found
libavplayer_tcp.so,2,1,,not found
libimage_proc.so,2,1,,not found
libav_stream.so,2,1,,not found
libavimuxer.so,2,1,,not found
libApkPatch.so,2,1,,not found
libJniModule.so,2,1,,not found
liblnAMWQcuIwfUUgGQEejv.so,2,1,,not found
libxMohZGzqWvFCBboBSmuL.so,2,1,,not found
libl57k6b.so,2,1,,not found
libime.so,2,1,,not found
liblogutil-lib.so,2,1,,not found
libxml2midi.so,2,1,,not found
libshell-super.com.xiaoyingshidaquan.video.so,2,1,,not found
libkg_native_algorithm.so,2,1,,not found
libTNET_SOURCE.so,2,1,,not found
libvipercreativecore.so,2,1,,not found
libjvmti.so,2,1,,not found
libkugou_aikpitch.so,2,2,,not found
libkg_tnet_interpret_sdk.so,2,1,,not found
libkgcrhl.so,2,2,,not found
libtraceservice.so,2,1,,not found
libeffect1.so,2,1,,not found
libvipermcs.so,2,1,,not found
libmv3_aachev2dec_arm9e.so,2,0,,not found
libapm-remote-data-observer.so,2,2,,not found
libshell-super.com.diaohei.viyer.so,2,1,,not found
libshell-super.com.sltz.peace.guzheng.so,2,1,,not found
libshell-super.com.lvchabofang.com.so,2,1,,not found
libexo_ffmpeg.so,2,2,https://github.com/FFmpeg/FFmpeg,not sure
libshell-super.com.lixiangdong.songcutter.so,2,1,,not found
libshell-super.com.pysbfq.ppbfq.so,2,1,,not found
libBsUriJFCNVedGaNJCWZC.so,2,1,,not found
libgAFuoRUqWKNsBREgckpz.so,2,1,,not found
libshell-super.com.zhlx.avibfq.so,2,1,,not found
libshell-super.com.xtechiic.vde.so,2,1,,not found
libapisecurity-lib.so,2,2,,not found
libFirebaseCppApp-13_2_0.so,2,1,,not found
libneutronmp.so,2,1,,not found
libbandone.so,2,1,,not found
libshell-super.com.jikanyingshi.xinzhi.so,2,1,,not found
libhlw.so,2,1,,not found
libytdecipher.so,2,1,,not found
libnllvm1663812078.so,2,1,,not found
libshell-super.com.zhuijubof.per.so,2,1,,not found
libaimp3lame.so,2,1,,not found
libenya-lib.so,2,1,,not found
libenyacore.so,2,1,,not found
libenya-all-lib.so,2,1,,not found
libshell-super.com.siren.new.so,2,1,,not found
libshell-super.com.mobile.videonews.li.video.so,2,1,,not found
libMVTrailAudioEngine.so,2,1,,not found
libskmediainfo.so,2,1,,not found
libmtgplayer.so,2,1,,not found
libDynamsoftBarcodeReaderAndroid.so,2,1,,not found
libmtgsdl.so,2,1,,not found
libmtg-adapt-api.so,2,1,,not found
libmtglog.so,2,1,,not found
libmtgffmpeg.so,2,1,https://github.com/FFmpeg/FFmpeg,not sure
libuavs3d.so,2,1,,not found
libavs3a.so,2,1,,not found
libshell-super.com.duoduo.dianyingdq.so,2,1,,not found
libshell-super.com.maoying.rhythm.so,2,1,,not found
libbd_etts_text.dat.so,2,2,,not found
libshell-super.com.lixiangdong.audioextrator.huawei.so,2,1,,not found
libcn.vcinema.cinema_shell_alijtca_plus.so,2,1,,not found
libcn.vcinema.cinema_rcp_alijtca_plus.so,2,1,,not found
libLive2DCubismCoreJNI.so,2,2,,not found
libshell-super.com.bbn.bofangqi.so,2,1,,not found
libiqiqsdl.so,2,1,,not found
libiqiqplayer.so,2,1,,not found
libZWRisk-v6.1.14.9r.a08d8615.so,2,1,,not found
libmv3_PLDownloadJNI.so,2,1,,not found
libZWRiskComm-v6.1.14.9r.a08d8615.so,2,1,,not found
libmv3_PLDownload.so,2,1,,not found
libiqiqffmpeg.so,2,1,https://github.com/FFmpeg/FFmpeg,not sure
libaudiodsp_dynamic.so,2,1,,not found
libgwmediaplayer.so,2,1,,not found
libgwplayer.so,2,1,,not found
libshell-super.com.yoosee.so,2,1,,not found
liblarksmarkemtmfJNI.so,2,1,,not found
libiotvideomulti.so,2,1,,not found
libgwbase.so,2,1,,not found
libmbedtls_gw.so,2,1,https://github.com/Mbed-TLS/mbedtls,not sure
libtxTraeVoip.so,2,1,,not found
libbleconfig.so,2,1,,not found
libgwmarsxlog.so,2,1,https://github.com/Tencent/mars,not sure
libstreamp2p.so,2,1,,not found
libshell-super.com.qyh.mfyy.so,2,1,,not found
libjtaisdk.so,2,2,,not found
libshell-super.com.xiaobai.yemao.so,2,1,,not found
libbee.so,2,1,,not found
libsvlivekit.so,2,1,,not found
libhand_det.so,2,1,,not found
libadmarkJni.so,2,1,,not found
libSvImageProcessing.so,2,1,,not found
libshell-super.com.xiaobai.feise.so,2,1,,not found
libshell-super.com.yjwl.ny.so,2,1,,not found
libfluid-lib-android.so,2,1,,not found
libshell-super.com.yijiawl.siren.so,2,1,,not found
libwanosvirtual.so,2,1,,not found
libImgoMediaPlayer_5.4.0.so,2,1,,not found
libImgoVsr.so,2,2,,not found
libshell-super.com.duoduo.dsjdq.so,2,1,,not found
libice-breaker.so,2,1,,not found
libstpinit.so,2,1,,not found
libbhdserver.so,2,1,,not found
libffomx.so,2,1,,not found
libstxexp.so,2,1,,not found
libffwraper.so,2,1,,not found
libstxsub.so,2,1,,not found
libbfcore.so,2,1,,not found
libjtcore.so,2,1,,not found
liblicensejni.so,2,1,,not found
libcoolbeat.so,2,1,,not found
libshell-super.com.iaxvideop.cn.so,2,1,,not found
libstaffdetect.so,2,2,,not found
libkv.so,2,1,,not found
libcrypto_lib.so,2,2,,not found
libMPskAFqLWeNHwfYKzJJe.so,2,1,,not found
libFiqaKniXRCcGJDzzIQJV.so,2,1,,not found
libshell-super.com.kuaikuaibofangqi.app.so,2,1,,not found
libSimplePictureProcessing.so,2,1,,not found
libjpeg-turbo1500abc.so,2,1,https://github.com/libjpeg-turbo/libjpeg-turbo,not sure
libxecm-booter.so,2,1,,not found
libXECM.so,2,1,,not found
libthermometry.so,2,1,,not found
libuvcabc.so,2,1,,not found
libusb100abc.so,2,1,,not found
libsimplePictureProcessingabc.so,2,1,,not found
libUVCCameraabc.so,2,1,,not found
libthermometryabc.so,2,1,,not found
libkpg.so,2,2,,not found
libkwaivoip.so,2,2,,not found
libsv.so,2,1,,not found
libFptXAXmqYSTbPnPkecVv.so,2,1,,not found
libshell-super.com.ftkw.cn.so,2,1,,not found
libbpdrv.so,2,1,,not found
libmpeghaudio.so,2,1,,not found
libbpau.so,2,1,,not found
libbpio.so,2,1,,not found
libshell-super.com.yinyuejianji.hcnzo.so,2,1,,not found
libaima.so,2,1,,not found
libaims.so,2,1,,not found
libuac.so,2,2,,not found
libshell-super.kuaishibofangqi.com.so,2,1,,not found
libshell-super.com.duoduo.siren.so,2,1,,not found
libshell-super.com.mexvier.playe.so,2,1,,not found
libalgorithmmanager.so,2,2,,not found
libqfsha-key.so,2,1,,not found
libqf-performance-lib.so,2,2,,not found
libqf-private-lib.so,2,1,,not found
libshell-super.com.dilidm.bfq.so,2,1,,not found
libOboePlayerCreator.so,2,2,,not found
libfdkaac-jni.so,2,1,,not found
libkwffutil.so,2,2,,not found
libkwffmpeg.so,2,2,https://github.com/FFmpeg/FFmpeg,not sure
libkwplayer.so,2,2,,not found
libkwsdl.so,2,2,,not found
libnxsdk.so,2,1,,not found
libmusic3d.so,2,2,,not found
libopenalwrapper.so,2,2,,not found
libkwbase.so,2,2,,not found
libkpk.so,2,2,,not found
libshell-super.com.jiujiu.djdqbfq.so,2,1,,not found
libhkfilter.so,2,1,,not found
libHKGeniusBlur.so,2,1,,not found
libshell-super.com.juse.videoplayer.so,2,1,,not found
libAviWriterLib.so,2,1,,not found
libYuvLib.so,2,1,,not found
libshell-super.com.fanhuayingyuan.zhihao.so,2,1,,not found
libshell-super.com.yijiawl.yequbofangqi.so,2,1,,not found
libface_jni.so,2,0,,not found
libshell-super.com.chengseship.yer.so,2,1,,not found
libdetect2.0.6.9.so,2,1,,not found
libns_ts-jni.so,2,1,,not found
libmgRun_07.11.30_01.so,2,1,,not found
libCMCCMediaPlayer.so,2,2,,not found
libmg_corner.so,2,2,,not found
libffmpeg_migumusic.so,2,2,https://github.com/FFmpeg/FFmpeg,not sure
libd4auc.so,2,1,,not found
libjavascript-lib.so,2,2,,not found
libpluginpatch.so,2,2,,not found
libshell-super.com.digua.yer.so,2,1,,not found
libunifydownload.so,2,2,,not found
libmgRun_06.10.30_00.so,2,1,,not found
libaccompany.so,2,2,,not found
libshell-super.com.wowoyingshi.zhihao.so,2,1,,not found
libshell-super.com.duoduo.yingyuan.so,2,1,,not found
libshell-supervbasic.com.bestv.ott.baseservices.mp.xjdx_xjmp.so,2,1,,not found
libshell-superv.com.bestv.ott.baseservices.mp.xjdx_xjmp.so,2,1,,not found
libshell-super.com.bestv.ott.baseservices.mp.xjdx_xjmp.so,2,1,,not found
libnative-leak-sanitizer.so,2,2,,not found
libvisionengine.so,2,2,,not found
libmmu_new_lib.so,2,2,,not found
libshell-super.com.jianjixiangji.mhrut.so,2,1,,not found
libWasusdk45.so,2,1,,not found
libgebrp-x86.so,2,1,,not found
libamiibo.so,2,1,,not found
libgebrp.so,2,1,,not found
libqm_native_decoder_dolby.so,2,2,,not found
libavdatautil.so,2,1,,not found
libnestimage.so,2,1,,not found
libupnp-jni.so,2,2,,not found
libqmashmem.so,2,2,,not found
libng_quic.so,2,1,,not found
libSystemPro.so,2,1,,not found
libuplayer24.so,2,1,,not found
libinnovate_android.so,2,1,,not found
libbrook.so,2,2,,not found
libhound.so,2,1,,not found
libnative_instant_patch.so,2,1,,not found
libshell-super.com.xy.mv.so,2,1,,not found
libMNN_Arm82.so,2,2,,not found
libshell-super.com.yjwl.hmj.so,2,1,,not found
libshell-super.com.netpowerapps.ai.music.so,2,1,,not found
liblocalser.so,2,2,,not found
libtoken.so,2,2,,not found
libshell-super.com.mrobt.ugkc.so,2,1,,not found
liblhdc.so,2,1,,not found
libhibyaudioutils.so,2,1,,not found
libhibylink.so,2,1,,not found
libuatlib.so,2,1,,not found
libusb.so,2,1,,not found
libdlnaserver.so,2,1,,not found
libhibyservice.so,2,1,,not found
libraat-hiby-app.so,2,1,,not found
libhibylinkServer.so,2,1,,not found
libsmartusb_jni.so,2,1,,not found
libroonmanager.so,2,1,,not found
libedge-vod.so,2,2,,not found
libxm-linear-alloc.so,2,1,,not found
libxm_ad_so.so,2,1,,not found
libqm_native_decoder_360ra.so,2,2,,not found
libjnipostproc.so,2,2,,not found
libqm_native_decoder_dts.so,2,2,,not found
libRandomUtilJni_v7a.so,2,2,,not found
libshell-super.com.siyu.yingyuan.so,2,1,,not found
libYTParvatiNativeCore.so,2,1,,not found
libtk_runtime_v0_0_231.so,2,2,,not found
libtk_runtime_lite_v0_0_231.so,2,2,,not found
libshell-super.com.jusbobfq.vier.so,2,1,,not found
libshell-super.com.qcspbfq.qcbf.so,2,1,,not found
libParserKit.so,2,1,,not found
libshell-super.com.zhlx.video.so,2,1,,not found
libCNpkTCuJsvtBFxttgcrq.so,2,1,,not found
libsetup_sdk.so,2,1,,not found
libtrueroom-estimator.so,2,1,,not found
libaaplm.so,2,1,,not found
libnetstart-sdk.so,2,1,,not found
libshell-super.com.ddrj.lutu.so,2,1,,not found
libmonitorhub.so,2,1,,not found
libeagle_sdk.so,2,1,,not found
libsceneclass.so,2,1,,not found
libscenelive.so,2,1,,not found
libshowRecord.so,2,1,,not found
libsoundTouch-lib.so,2,1,https://codeberg.org/soundtouch/soundtouch,not sure
libshow.so,2,1,,not found
libpyin.so,2,1,,not found
libfzero.so,2,1,,not found
libdubbingshow.so,2,1,,not found
libspeechRecognize.so,2,1,,not found
libImage.so,2,1,,not found
libCli.so,2,1,,not found
libshowutil.so,2,1,,not found
libshell-super.com.youchuang.duoduo.so,2,1,,not found
libshell-super.com.yijiawl.xiangcao.so,2,1,,not found
libnative-guji-lib.so,2,1,,not found
libmossvm.so,2,1,,not found
liboplayerjni.so,2,1,,not found
libmossvmp.so,2,1,,not found
liboplayer.so,2,1,,not found
libuencrypt.so,2,1,,not found
libijksdl2.so,2,1,,not found
libvvbase.so,2,1,,not found
libvvproto.so,2,1,,not found
libroomav.so,2,1,,not found
libspeexandenc.so,2,1,,not found
libRoomCon.so,2,1,,not found
libshell-super.com.bbn.dmdq.so,2,1,,not found
libshell-super.com.stkj.dadieji.so,2,1,,not found
libshell-super.com.zhlx.zhuiju.so,2,1,,not found
libmobo_jni_util.so,2,1,,not found
libmobo_command.so,2,1,,not found
libmidisynth.so,2,1,,not found
libshell-super.com.bbn.xueyue.so,2,1,,not found
libposecube.so,2,1,,not found
libhello-jni.so,2,1,,not found
libcfbe0b.so,2,1,,not found
libe763.so,2,1,,not found
libag3.so,2,1,,not found
libsbux-security.so,2,1,,not found
libjni_socket_api.so,2,1,,not found
libp2p_client_sdk.so,2,1,,not found
libjhsoundtouch.so,2,1,https://codeberg.org/soundtouch/soundtouch,not sure
libCloudEye.so,2,1,,not found
libp2p_client.so,2,1,,not found
libcloud_client_sdk.so,2,1,,not found
libparse_sdk.so,2,1,,not found
libnative-admobile-lib.so,2,1,,not found
libDynamsoftImageProcessing.so,2,1,,not found
libDynamsoftDocumentNormalizer.so,2,1,,not found
libDynamsoftCore.so,2,1,,not found
libDynamsoftCameraEnhancer.so,2,1,,not found
libDynamsoftIntermediateResult.so,2,1,,not found
libshell-super.com.cqcsqg.app.so,2,1,,not found
libyygycheck.so,2,1,,not found
libtbuprofen-engine.so,2,2,,not found
liboxgqjwMtXYgoKkPENtdw.so,2,1,,not found
libbrmlZBfRbdGtBtsUPSTT.so,2,1,,not found
libxcfrescale.so,2,1,,not found
libnative_info.so,2,1,,not found
libyfgmssl.so,2,1,,not found
libyfskf_dummy.so,2,1,,not found
libyftech_yuv_opengl.so,2,1,,not found
libyfsdf_dummy.so,2,1,,not found
libyftech_yuv.so,2,1,,not found
libyfgmssljni.so,2,1,,not found
libedfulib.so,2,1,,not found
libbanma-ble-parser.so,2,1,,not found
libbioassay2.so,2,1,,not found
libhttp_parser.so,2,1,,not found
libHprofUtils.so,2,1,,not found
libshell-super.com.wm.dmall.so,2,1,,not found
liblitert_jni.so,2,1,,not found
libLiteRtGpuAccelerator.so,2,1,,not found
libfftools-ffi.so,2,1,,not found
libflutter_mpv_player.so,2,1,,not found
libMp3Codec.so,2,2,,not found
libapkupdate.so,2,1,,not found
libogm3za.so,2,1,,not found
libQuCore-ThirdParty.so,2,1,,not found
libsemanticdui.so,2,1,,not found
liblasa.so,2,2,,not found
libcustomec.so,2,1,,not found
libtxsign.so,2,1,,not found
libshell-super.com.inhe.kafei.so,2,1,,not found
libreact_codegen_ReactNativeBlobUtilSpec.so,2,2,https://github.com/RonRadtke/react-native-blob-util,not sure
libxiaocan.so,2,1,,not found
libkeygen.so,2,1,,not found
libaemonplayer.so,2,2,,not found
libserialportprinter.so,2,0,,not found
libsinopec_vcardpin_for_android.so,2,0,,not found
libVguangZ100.so,2,0,,not found
libsunbox-lib.so,2,0,,not found
libDev.so,2,0,,not found
libdexprotector.lpp3_h.so,2,1,,not found
libminehades.so,2,1,,not found
libab67c9.so,2,1,,not found
libdexprotector.lpp3.so,2,1,,not found
libdpboot.lpp3.so,2,1,,not found
libadx.so,2,1,,not found
libcheckSDK.so,2,1,,not found
libaswso.so,2,1,,not found
libshell-super.com.huoniaomenhu.business.so,2,1,,not found
libtineco_life_base.so,2,1,,not found
libabsl_throw_delegate.so,2,2,,not found
libupb.so,2,2,,not found
libabsl_strings_internal.so,2,2,,not found
libgrpc++.so,2,2,,not found
libabsl_log_severity.so,2,2,,not found
libabsl_raw_logging_internal.so,2,2,,not found
libgpr.so,2,2,,not found
libabsl_base.so,2,2,,not found
libaddress_sorting.so,2,2,,not found
libgrpc.so,2,2,,not found
libabsl_str_format_internal.so,2,2,,not found
libabsl_spinlock_wait.so,2,2,,not found
libabsl_civil_time.so,2,2,,not found
libabsl_bad_optional_access.so,2,2,,not found
libabsl_int128.so,2,2,,not found
libabsl_strings.so,2,2,,not found
libabsl_time.so,2,2,,not found
libabsl_time_zone.so,2,2,,not found
libmixmaster.so,2,1,,not found
libppcurl.so,2,1,,not found
libwindcharger.so,2,1,,not found
libbarcodessl.so,2,1,,not found
libzjtjl.so,2,1,,not found
libFmsuoGBHulTtoeqARCqE.so,2,1,,not found
libniimbot_canvas_image_szwy.so,2,1,,not found
libzbcode.so,2,2,,not found
libfimage.so,2,2,,not found
libwd-lib.so,2,1,,not found
libvd-imgcps-jpeg.so,2,2,,not found
libvd-imgcps-base.so,2,2,,not found
libhi-sign.so,2,1,,not found
libreact_codegen_QGRTNBridgeSpec.so,2,1,,not found
libPPNativeExpand-lib.so,2,1,,not found
libshell-super.com.mige.yanxuan.so,2,1,,not found
libjdi_optimizer.so,2,1,,not found
libTaoLive.so,2,2,,not found
libIQDEngine.so,2,2,,not found
libkill.so,2,1,,not found
libjdUniPush.so,2,2,,not found
libshell-super.cn.touchv.auction.so,2,1,,not found
libshell-super.com.nyhydl.hydaili.so,2,1,,not found
libhip45uv.so,2,1,,not found
libZZxziXfebzMqXtXuPQma.so,2,1,,not found
libALDUzkibNMxIlNboOTHa.so,2,1,,not found
libGW_Terminal.so,2,1,,not found
libshell-super.com.taojinglianmeng.so,2,1,,not found
libyb-native.so,2,1,,not found
libtwentybuy.so,2,1,,not found
libshell-super.com.yyeey.taoyi001.so,2,1,,not found
libshell-super.app.laidianyi.zczg.so,2,1,,not found
libshell-super.com.xiaobaigu.app.so,2,1,,not found
libshell-super.com.geiduoduo.so,2,1,,not found
libshell-super.com.dealmoon.android.so,2,1,,not found
libPFMNN.so,2,1,,not found
libfaceshape.so,2,1,,not found
libvenus_eyebrowcolor.so,2,1,,not found
libvenus_hairtone.so,2,1,,not found
libsecrect.so,2,1,,not found
libksyrtc.so,2,1,,not found
libtmsonic.so,2,2,,not found
libAzAKMSPSedtAcVxBaWWA.so,2,1,,not found
libshell-super.com.zhkpro.app.so,2,1,,not found
libjsirn.so,2,1,,not found
libxszhook.so,2,1,,not found
libiocanary.so,2,1,,not found
libaliadtanx-lib.so,2,1,,not found
libthreadhook.so,2,1,,not found
libsztrace.so,2,1,,not found
libsh_security.so,2,1,,not found
libldp.so,2,1,,not found
libjpush213.so,2,1,,not found
libhhct.so,2,1,,not found
libdu_security.so,2,1,,not found
libijmdetect_drisk.so,2,1,,not found
libdu_edge_ai_mnn.so,2,1,,not found
libxyp2psdk.so,2,1,,not found
libdw-arthack.so,2,1,,not found
libsgsgxdataso-6.6.241101.41744928.so,2,1,,not found
libASPEngineCore.so,2,2,,not found
libASPEngineN.so,2,2,,not found
libmediahub.so,2,2,,not found
libmdnetwork.so,2,2,,not found
libsdwindow.so,2,2,,not found
libsdlog.so,2,2,,not found
libsdaudio.so,2,2,,not found
libssl-1.1.so,2,1,,not found
libxdp.so,2,2,,not found
libcrypto-1.1.so,2,1,,not found
libasp-client-sdk.so,2,2,,not found
libstreamingkit.so,2,2,,not found
libwhale_ffi.so,2,1,,not found
libXCloudSDK.so,2,1,,not found
libbyte_rec_hamlet.so,2,1,,not found
libjnihooklib.so,2,2,,not found
libartenhancelib.so,2,2,,not found
libyyencrypt.so,2,2,,not found
libyylzma.so,2,2,,not found
libnativeMediaUtil.so,2,1,,not found
libFunction.so,2,1,,not found
libVideoKit.so,2,1,,not found
libnativeUtil.so,2,1,,not found
libFunctionJNI.so,2,1,,not found
libnativeKeyUtil.so,2,1,,not found
libshell-super.com.fugui.clock.so,2,1,,not found
libkook_im_sdk.so,2,1,,not found
libwbquicklook.so,2,1,,not found
libwbprusa.so,2,1,,not found
libexo.so,2,2,,not found
libffmetadata.so,2,2,,not found
libdexjni1769677374.so,2,1,,not found
libplayercrypto.so,2,1,,not found
libtpmonet.so,2,1,,not found
libnative_channel.so,2,1,,not found
libbilicr.81.0.3990.1.so,2,1,,not found
libgl-gifdrawable.so,2,1,,not found
libenvsdk.so,2,1,,not found
libijkplayer_haima.so,2,1,,not found
libqrcodeplus.so,2,1,,not found
libgl-gifwatermark.so,2,1,,not found
libijksdl_haima.so,2,1,,not found
libgl-anticheat.so,2,1,,not found
libijkffmpeg_haima.so,2,1,https://github.com/FFmpeg/FFmpeg,not sure
libnativeGodlikeAiLib.so,2,1,,not found
libnep.so,2,1,,not found
libmkey.so,2,1,,not found
libgl-nativeutils.so,2,1,,not found
libxfcg-media-lab.so,2,1,,not found
libVideoEngine.so,2,1,,not found
libpredy-native-ri.so,2,2,,not found
libshadowx.so,2,1,,not found
libfaceAlignJni.so,2,1,,not found
libGDLame.so,2,1,,not found
libgdskia.so,2,2,,not found
libXMpeg.so,2,1,,not found
libXPlayer.so,2,2,,not found
libcheckpoint.so,2,1,,not found
libfaceAlign.so,2,1,,not found
libillusion.so,2,1,,not found
libglm_shared.so,2,2,,not found
libXPlayerInternal.so,2,1,,not found
libFantasy.so,2,2,,not found
libgdweb_foundation.so,2,1,,not found
libgdmobile_foundation.so,2,2,,not found
libXIllusion.so,2,2,,not found
libMosaic.so,2,1,,not found
libonset.so,2,1,,not found
libmmcore.so,2,1,,not found
libcurvetransform.so,2,1,,not found
libXFoundation.so,2,1,,not found
libinference.so,2,1,,not found
libflutterffi.so,2,1,,not found
libVideoTemplate.so,2,1,,not found
libflutterglue.so,2,1,,not found
libgdcanvasview.so,2,1,,not found
libnet_detection.so,2,1,,not found
libf0fcc77441d6.so,2,1,,not found
libhomodisablermock.so,2,1,,not found
libyolo11ncnn.so,2,1,,not found
liboasiscore.so,2,1,,not found
libkeysjni.so,2,1,,not found
libbroadcastchannel.so,2,1,,not found
libijkvodplayer.so,2,2,,not found
libijkvodsdl.so,2,2,,not found
libopbsdiff.so,2,1,,not found
libopsevenz.so,2,1,,not found
libalivedetector.so,2,1,,not found
libshell-super.com.ysg.ai.pptmaker.so,2,1,,not found
librust_linjie.so,2,1,,not found
libencry.so,2,2,,not found
libplugins_imageformats_qjpeg_arm64-v8a.so,2,2,,not found
libplugins_platforms_qtforandroid_arm64-v8a.so,2,2,,not found
libplugins_imageformats_qgif_arm64-v8a.so,2,2,,not found
libplugins_qmltooling_qmldbg_debugger_arm64-v8a.so,2,2,,not found
libplugins_qmltooling_qmldbg_tcp_arm64-v8a.so,2,2,,not found
libplugins_imageformats_qico_arm64-v8a.so,2,2,,not found
libplugins_qmltooling_qmldbg_nativedebugger_arm64-v8a.so,2,2,,not found
libplugins_qmltooling_qmldbg_preview_arm64-v8a.so,2,2,,not found
libplugins_qmltooling_qmldbg_quickprofiler_arm64-v8a.so,2,2,,not found
libplugins_qmltooling_qmldbg_profiler_arm64-v8a.so,2,2,,not found
libplugins_qmltooling_qmldbg_native_arm64-v8a.so,2,2,,not found
libplugins_qmltooling_qmldbg_messages_arm64-v8a.so,2,2,,not found
libplugins_qmltooling_qmldbg_local_arm64-v8a.so,2,2,,not found
libplugins_qmltooling_qmldbg_server_arm64-v8a.so,2,2,,not found
libplugins_qmltooling_qmldbg_inspector_arm64-v8a.so,2,2,,not found
libMediaFoundation.so,2,2,,not found
libadvertiselib.so,2,2,,not found
libef7d69542_v1020_aee.so,2,1,,not found
libebd1bade4_v1054_aee.so,2,1,,not found
libeabb2f029_v1010_aee.so,2,1,,not found
libe14b478a3_v1023_aee.so,2,1,,not found
libevtdm.so,2,1,,not found
libimage_jpeg.so,2,1,,not found
libtabbeaconid.so,2,1,,not found
libGwSUsPJXItyHMSSKtKyc.so,2,1,,not found
libgaianative_64.so,2,1,,not found
libaa867d.so,2,1,,not found
libdata_uniformtypedescriptor.so,2,2,,not found
libutil_linkedlist.so,2,2,,not found
libdata_relationalstore.so,2,2,,not found
libcommoneventmanager.so,2,2,,not found
libcifs.so,2,1,,not found
libescan.so,2,1,,not found
libescani2.so,2,1,,not found
libkey_manager.so,2,1,,not found
libepimage.so,2,1,,not found
librelic_web_socket.so,2,1,,not found
librelic_jni.so,2,1,,not found
librelic.so,2,1,,not found
libwbsecurity.so,2,1,,not found
libunityrelic.so,2,1,,not found
libmegazord.so,2,2,,not found
libwbnative-lib.so,2,1,,not found
libyasio.so,2,1,,not found
libZmvmq-x86.so,2,1,,not found
libZmvmq.so,2,1,,not found
libxnet-lib.so,2,1,,not found
libnetmobsec-4.4.5.so,2,2,,not found
libnapmcore.so,2,1,,not found
libmotracing.so,2,2,,not found
libqq_patch.so,2,0,,not found
libGVoice.so,2,2,,not found
libsquarepants.so,2,2,,not found
libnative-memory-library-lib.so,2,2,,not found
libcftutils_v1.3.1.so,2,1,,not found
libstartup.so,2,2,,not found
libdjinni_interface_core_public.so,2,2,,not found
libDBEncryptV2.so,2,1,,not found
libzhitugif.so,2,1,,not found
libmsgbackup.so,2,2,,not found
libcpu_v1.1.so,2,1,,not found
libMSFKernel.so,2,2,,not found
libunitedconfig.so,2,2,,not found
libLightQuic.so,2,2,,not found
libfreetypejni.so,2,1,https://gitlab.freedesktop.org/freetype/freetype,not sure
libqqdid.so,2,1,,not found
libwx-asr-vad.so,2,1,,not found
libpng-arm64-v8a.so,2,1,,not found
libwechatns.so,2,1,,not found
libQSec.so,2,1,,not found
libqqperfnativetool.so,2,2,,not found
libvoicemessagedenoise.so,2,1,,not found
libdjinni_support_lib.so,2,2,,not found
libzstd-jni-1.5.6-1.so,2,2,https://github.com/luben/zstd-jni,not sure
librtc_node_report.so,2,2,,not found
libAudioFFmpegDecode.so,2,2,https://github.com/FFmpeg/FFmpeg,not sure
libbasic_share.so,2,2,,not found
libsmart-blur.so,2,1,,not found
libBeaconDT.so,2,1,,not found
libturingxq.so,2,2,,not found
libuvjni.so,2,1,,not found
libtriton.so,2,2,,not found
libMiniAppCore.so,2,1,,not found
libnativefilescan.so,2,2,,not found
libPlayerCore.so,2,1,,not found
libtv8rt.so,2,1,,not found
libqwssl_1.0.2.so,2,2,,not found
liboclInfo.so,2,1,,not found
libthreadsuspend.so,2,1,,not found
libkernel.so,2,2,,not found
libcuckoo.so,2,1,,not found
libtvideodownloadproxy_uniform.so,2,1,,not found
libwarbler.so,2,1,,not found
liblogcathook.so,2,1,,not found
libgiflibra.so,2,2,,not found
liblzmadecode.so,2,1,,not found
libandroid_desensitization.so,2,2,,not found
libtav_ffmpeg_cmd.so,2,1,https://github.com/FFmpeg/FFmpeg,not sure
libmodule_service.so,2,2,,not found
libDBFix.so,2,1,,not found
libzkjehee.so,2,1,,not found
libapm-plugin-video-preprocessing.so,2,2,,not found
libmuf-crash.so,2,2,,not found
libmuf-unwind.so,2,2,,not found
libshell-super.com.lqlc.mortgagecalculator.so,2,1,,not found
libhw-pcheck.so,2,1,,not found
libcronet.105.0.5195.68.so,2,1,,not found
libWespy.so,2,1,,not found
libsohook.so,2,1,,not found
libfakeil2cpp.so,2,1,,not found
liblegacy_aecm-lib.so,2,1,,not found
libshell-super.com.twx.clock.so,2,1,,not found
libdangle.so,2,2,,not found
libliteobs_android.so,2,1,,not found
libsqlite_qq.so,2,2,,not found
libshell-super.com.maoying.clockdesktop.so,2,1,,not found
libeegqzSRqUrGGRrHCvExr.so,2,1,,not found
libUaVRujaaIUXXZpPksPfQ.so,2,1,,not found
libmyviewswresample.so,2,1,,not found
libmyviewavutil.so,2,1,,not found
libmyviewavcodec.so,2,1,,not found
libFishEyePlayerJNIAPI.so,2,1,,not found
libmyviewavformat.so,2,1,,not found
libtd_algo_fcu.so,2,1,,not found
libpapcore.so,2,0,,not found
libmyviewavdevice.so,2,1,,not found
libmyviewswscale.so,2,1,,not found
libopusstd-lib.so,2,1,https://github.com/xiph/opus,not sure
libmyviewffmpeg.so,2,1,https://github.com/FFmpeg/FFmpeg,not sure
libmyviewavfilter.so,2,1,,not found
libxcv8.so,2,1,,not found
libheifjni.so,2,1,,not found
libfrd-media.so,2,1,,not found
libzyheif.so,2,1,,not found
libmwengine.so,2,1,,not found
liboctoflutter.so,2,1,,not found
libandroid_deflater.so,2,2,,not found
librngesturehandler_modules.so,2,1,,not found
libzaffmpeg.so,2,1,https://github.com/FFmpeg/FFmpeg,not sure
libAcdfXmGMVuGioXPvcbaj.so,2,1,,not found
libOBcmCPlGnqEjbXNLVbnX.so,2,1,,not found
libFkoUTYcdgFLHahCwwJca.so,2,1,,not found
libhte-native-lib.so,2,1,,not found
libdymediatools.so,2,2,,not found
libmbza.so,2,2,,not found
libdy_im_sdk_jni.so,2,2,,not found
libdyplayer.so,2,2,,not found
libdy_im_sdk.so,2,2,,not found
libdyffmpeg.so,2,2,https://github.com/FFmpeg/FFmpeg,not sure
libapicompat.so,2,1,,not found
libchaos.so,2,1,,not found
libchaos1.so,2,1,,not found
libreweh.so,2,1,,not found
libzy_signature.so,2,1,,not found
libreweh-x86.so,2,1,,not found
libpicodet.so,2,1,,not found
libtrimvideo.so,2,1,,not found
libAudioMNN.so,2,1,,not found
libybuaxz.so,2,1,,not found
libshared-texture.so,2,1,,not found
libmace.so,2,1,,not found
libVoiceChangeEngine.so,2,1,,not found
libVoiceChangeJni.so,2,1,,not found
libAudioWebRTC.so,2,1,https://webrtc.googlesource.com/src/,not sure
librecordlib.so,2,1,,not found
libScreenShot.so,2,1,,not found
libpharos.so,2,1,,not found
libntes-cmd.so,2,1,,not found
libunisec.so,2,1,,not found
libcommand-matcher-lib.so,2,1,,not found
libr3xqg6gc.so,2,1,,not found
libknxhq-x86.so,2,1,,not found
libknxhq.so,2,1,,not found
liboyobkck.so,2,1,,not found
libGSCore.so,2,2,,not found
libnecmMediakEngine.so,2,2,,not found
liblive_bitmap_native.so,2,2,,not found
libjvmpsdk.so,2,1,,not found
libjcmp_sdk.so,2,1,,not found
libjvclient.so,2,1,,not found
libvoiceopus.so,2,2,https://github.com/xiph/opus,not sure
libIDCardRecog.so,2,2,,not found
libwechatnormsg.so,2,2,,not found
libwcdb_legacy.so,2,2,,not found
libmarsquic.so,2,2,,not found
libmatrix-memguard.so,2,2,,not found
libwechatnetwork.so,2,2,,not found
libMeetingAIGenCache.so,2,1,,not found
libMeetingAI.so,2,1,,not found
libdingguard.so,2,1,,not found
libalimedia.so,2,1,,not found
libMeetingPipeline.so,2,1,,not found
libmindAlgo.so,2,1,,not found
libjsi_64.so,2,1,,not found
libvoice_modules.so,2,1,,not found
libpwp_client.so,2,1,,not found
jiagu.so,2,0,,not found
libreact_codegen_ReactNativeWidgetSpec.so,2,2,,not found
libreact_codegen_ReactNativeVideoSpec.so,2,1,https://github.com/TheWidlarzGroup/react-native-video,not sure
libreact_codegen_ReactEntrySpec.so,2,2,,not found
liblogback.so,2,2,,not found
libalitanx-lib.so,2,2,,not found
a2.so,2,0,,not found
libprivapi.so,2,1,,not found
libreact_codegen_ReactNativePagViewSpec.so,2,1,https://github.com/callstack/react-native-pager-view,not sure
libreact_codegen_PagerView.so,2,1,https://github.com/callstack/react-native-pager-view,not sure
libreact_codegen_ReactNativeWebviewSpec.so,2,2,https://github.com/react-native-webview/react-native-webview,not sure
libreact_codegen_ReactNativeGesturehandlerSpec.so,2,1,https://github.com/software-mansion/react-native-gesture-handler,not sure
libmmkv-core.so,2,1,,not found
libreact_codegen_ReactNativeReanimatedSpec.so,2,1,https://github.com/software-mansion/react-native-reanimated,not sure
libreact_codegen_Spec.so,2,1,,not found
libjj2c.so,2,1,,not found
libnjcodec.so,2,1,,not found
libxcc.so,2,1,,not found
libhccc.so,2,1,,not found
libvfxmodelviewer-jni.so,2,2,,not found
libshell-super.com.dlmm.standard.so,2,1,,not found
libwnative_crash.so,2,1,,not found
libfespl.so,2,1,,not found
libnr.so,2,1,,not found
libsspe_2vad.so,2,1,,not found
libfespa.so,2,1,,not found
libdmasp.so,2,1,,not found
libfdm.so,2,1,,not found
libnetmobsec-4.4.11.so,2,1,,not found
libnetty_quiche.so,2,1,,not found
libkurilCipher.so,2,1,,not found
libbenchmarkNative.so,2,1,,not found
libtdydf-x86.so,2,1,,not found
libtdydf.so,2,1,,not found
libanimojisdk.so,2,2,,not found
libformat_convert.so,2,2,,not found
libvoicechanger_shared.so,2,2,,not found
libXHumanActionSDK.so,2,2,,not found
libpitu_voice.so,2,2,,not found
libxserver.so,2,1,,not found
libsdk29helper.so,2,1,,not found
libOpenglRender.so,2,1,,not found
libuserkernel.so,2,1,,not found
librender_server.so,2,1,,not found
libVPhoneGaGaLib.so,2,1,,not found
libvirglrenderer.so,2,1,,not found
libshell-super.com.leo.friendshipalarm.so,2,1,,not found
libshell-super.com.dlpw.app.so,2,1,,not found
libqoi_image.so,2,1,,not found
libeoBArCAgijLPLpLYQkIR.so,2,1,,not found
libfilament-assetlib.so,2,1,,not found
libfilament-group-jni.so,2,1,,not found
libshell-super.com.pwrd.steam.esports.so,2,1,,not found
libjinglingmobsec_loader.so,2,2,,not found
libspectrumpluginpng.so,2,1,,not found
libspectrumpluginwebp.so,2,1,https://chromium.googlesource.com/webm/libwebp/,not sure
libshell-super.com.sw.suno.so,2,1,,not found
libdefensetower.so,2,1,,not found
libc49c.so,2,1,,not found
libjzszb.so,2,1,,not found
libjzszb-x86.so,2,1,,not found
libouterchecker.so,2,1,,not found
libshell-super.com.camera.ligo.so,2,1,,not found
libreact_codegen_RNPullToRefreshSpec.so,2,1,,not found
libjpeg-turbo1500_ss.so,2,1,https://github.com/libjpeg-turbo/libjpeg-turbo,not sure
libuvc_ss.so,2,1,https://github.com/libuvc/libuvc,not sure
libusb100_ss.so,2,1,,not found
libUVCCamera_ss.so,2,1,,not found
libwheelPath.so,2,1,,not found
libbanyackey.so,2,1,,not found
libijkpreload.so,2,2,,not found
libyhook.so,2,1,,not found
libomgmotion.so,2,1,,not found
libnativecxxmodule.so,2,2,,not found
libAisound.so,2,2,,not found
libifxasr.so,2,1,,not found
libaiot-resample.so,2,1,,not found
libaiot-alg.so,2,1,,not found
libdjgrid.so,2,1,,not found
libspeech-asr-jni.so,2,1,,not found
libaiot-vad.so,2,1,,not found
libhummer2.so,2,1,,not found
libaiot-speech.so,2,1,,not found
libaiot-dangerword.so,2,1,,not found
libfalcon.so,2,1,,not found
libd4d4.so,2,1,,not found
libmWuqHIqFBSEitIEfWxGa.so,2,1,,not found
libshell-super.com.cxyw.suyun.ui.so,2,1,,not found
libzqzn_faceu_liveness.so,2,1,,not found
libhljsi.so,2,1,,not found
libhbPatchProcessor.so,2,1,,not found
libaeskeys.so,2,1,,not found
libthreadshield.so,2,1,,not found
libprototest.so,2,0,,not found
libmycommon-lib.so,2,1,,not found
libMyTest-lib.so,2,1,,not found
libec99.so,2,1,,not found
libMapNavBaseLibc.so,2,1,,not found
libfintech_android_helper.so,2,1,,not found
libRecogKitAndroid.so,2,1,,not found
libgdresample.so,2,1,,not found
libMapGlobalNavBase.so,2,1,,not found
libe90335889_v1006_aee.so,2,1,,not found
libccxf-lib.so,2,1,,not found
libccface_fp.so,2,1,,not found
libmaxengine_esr.so,2,1,,not found
libe09f01506_v1010_aee.so,2,1,,not found
libPluto.so,2,1,,not found
libshell-super.cn.charge.so,2,1,,not found
libcodegen_react_codegen_DRNEDPackage.so,2,1,,not found
libapp_BaiduMapBaselib.so,2,1,,not found
libapp_BaiduMapApplib.so,2,1,,not found
libsj6433t0.so,2,1,,not found
libi6lbem6h.so,2,1,,not found
libeusc.so,2,1,,not found
libajfjZ-x86.so,2,1,,not found
libajfjZ.so,2,1,,not found
libnative-hll-license.so,2,1,,not found
libhttpssafelib.so,2,1,,not found
libd39ih2.so,2,1,,not found
libOdNbVxydTsyDItplMqZd.so,2,1,,not found
librOHwwvshGJUgqJwLKWzy.so,2,1,,not found
libZMAqoHEXtQwDegCSrahI.so,2,1,,not found
libavcodec_ly.so,2,1,,not found
libb3db.so,2,1,,not found
libavutil_ly.so,2,1,,not found
libswscale_ly.so,2,1,,not found
libavfilter_ly.so,2,1,,not found
libyuv_ly.so,2,1,,not found
libavformat_ly.so,2,1,,not found
libpluse.so,2,1,,not found
libshell-super.com.bikeuser.benben.so,2,1,,not found
liblpcnet.so,2,1,,not found
libtts_tfliteinfer.so,2,1,,not found
liby28tr.so,2,1,,not found
libBase.so,2,1,,not found
libweridego.so,2,1,,not found
libnfefq-x86.so,2,1,,not found
libnfefq.so,2,1,,not found
libJMSmartMediaPlayer.so,2,1,,not found
libZJLog.so,2,1,,not found
libp2ptransdk.so,2,1,,not found
libble-native-lib.so,2,1,,not found
libJMOrderCoreKit.so,2,1,,not found
libJimiVideoPlayer.so,2,1,,not found
libijkplayercc.so,2,2,,not found
libijksdlcc.so,2,2,,not found
libijkffmpegcc.so,2,2,https://github.com/FFmpeg/FFmpeg,not sure
librsaKey_jni.so,2,1,,not found
libshell-super.com.ttyongche.ttpinecone.so,2,1,,not found
librtcmedia.so,2,1,,not found
libnetbridge.so,2,1,,not found
libadseclient.so,2,1,,not found
libadsesr.so,2,1,,not found
libadsecore.so,2,1,,not found
libglance.so,2,2,,not found
libdidaAudioEngine.so,2,1,,not found
libkiss-fft-lib.so,2,1,,not found
libexocrlpr.so,2,1,,not found
libygse_security.so,2,1,,not found
libdimaplog.so,2,1,,not found
libfCwrGazrDRvcrEIuKZxE.so,2,1,,not found
liboZYfbHYdIiaNDlnPpFOu.so,2,1,,not found
libwtfAMnPhdpWaVmhamlep.so,2,1,,not found
libcrtnativelib.so,2,1,,not found
libbd_sk.so,2,1,,not found
libcharge_index-lib.so,2,1,,not found
libperson-lib.so,2,1,,not found
libcharge_index_jni-lib.so,2,1,,not found
libHLLLocation.so,2,1,,not found
libHLLLocationKit.so,2,1,,not found
libHLLCoreTTS.so,2,1,,not found
libHLLCoreUtilKit.so,2,1,,not found
libHLLNavKit.so,2,1,,not found
libhll.so,2,1,,not found
libHLLCoreTTSKit.so,2,1,,not found
libscalpel_core.so,2,1,,not found
libHLLLocationMMP.so,2,1,,not found
libHLLCoreUtil.so,2,1,,not found
libdriver_error_hook.so,2,1,,not found
libyh_lib.so,2,1,,not found
libpunus-x86.so,2,1,,not found
libpunus.so,2,1,,not found
libwb1djqts.so,2,1,,not found
libstaticsecretkey.so,2,1,,not found
libwjETC.so,2,1,,not found
libGZSerialPort.so,2,1,,not found
libDEVdriver.so,2,1,,not found
libGPIOControl.so,2,1,,not found
libjniunitoll.so,2,1,,not found
libreact_codegen_RuqiNativeModuleSpec.so,2,1,,not found
libposeestimator.so,2,1,,not found
libMsHumanSdk.so,2,1,,not found
libwlqq_security.so,2,1,,not found
libdetector.so,2,2,,not found
libNativeCrypt.so,2,1,,not found
libcat.so,2,1,,not found
libProto.so,2,0,,not found
libBin.so,2,0,,not found
libshell-super.com.wuba.huoyun.so,2,1,,not found
libreact_codegen_CBGVideoFeedViewSpecs.so,2,1,,not found
libreact_codegen_CBGSvgaViewSpecs.so,2,1,,not found
libreact_codegen_CBGScanViewSpecs.so,2,1,,not found
libnetsecsdk-3.1.4.so,2,1,,not found
libreact_codegen_CBGGuideViewSpecs.so,2,1,,not found
libreact_codegen_RNCbgLoadingView.so,2,1,,not found
libcbg_model_native.so,2,1,,not found
libreact_codegen_CBGCustomDescTextViewSpecs.so,2,1,,not found
libUniMatrixNet.so,2,1,,not found
libreact_codegen_CBGVodPlayerViewSpecs.so,2,1,,not found
libNgSocialNet.so,2,1,,not found
libreact_codegen_RNSearchBarSpecs.so,2,1,,not found
libreact_codegen_XRouterSpec.so,2,1,,not found
libreact_codegen_cbg_spec.so,2,1,,not found
libnetseckit-4.2.3.so,2,1,,not found
libreact_codegen_CBGQRCodeViewSpecs.so,2,1,,not found
libcom.jd.bmall.live.so,2,2,,not found
libhappigo.so,2,1,,not found
libshell-super.com.callme.mall.so,2,1,,not found
libyylc.so,2,1,,not found
libhbbspatch.so,2,1,,not found
libcommon-jni.so,2,1,,not found
libEasy4IpComponent.so,2,1,,not found
libHPSQRDecoder.so,2,2,,not found
libPayCodeThreeJNI.so,2,2,,not found
libImageFilter.so,2,2,,not found
libdetect2.0.7.10.so,2,2,,not found
libshell-super.com.maimaidongdongmmdd.app.so,2,1,,not found
libappnewcore.so,2,1,,not found
libkeyinfo.so,2,2,,not found
libDes3Helper.so,2,1,,not found
libvcspnewcore.so,2,1,,not found
libandroid-zip.so,2,1,,not found
lib2ul.so,2,1,,not found
libcicada_plugin_mpf_filter.so,2,1,,not found
libbeacon.so,2,0,,not found
libcommon_basemodule_jni_v8a.so,2,0,,not found
libtbsqmp.so,2,0,,not found
libbeacon_v8a.so,2,0,,not found
libjdjr-idcard_ocr-lib.so,2,2,,not found
libshell-super.com.meiyintutu.app.so,2,1,,not found
libnativeboot-lib.so,2,1,,not found
libm04yj6.so,2,1,,not found
libxnn_gl.so,2,2,,not found
libAwooSecurity.so,2,1,,not found
libWLCGYuv.so,2,1,,not found
libreact_codegen_UUNativeModuleSpec.so,2,1,,not found
libPailitaoCUtil.so,2,2,,not found
libs266dec.so,2,2,,not found
libwatsons-native.so,2,1,,not found
libshell-super.com.taokeshidaitksd.app.so,2,1,,not found
libnativeCpp.so,2,1,,not found
libopensles_ts_soundbackend.so,2,1,,not found
libts3client.so,2,1,,not found
libts3client-wrapper-lib.so,2,1,,not found
libAPSE_5.0.5.so,2,1,,not found
libCropGridyNdk.so,2,1,,not found
libNFEpt.so,2,1,,not found
libshell-super.com.mishengwang.baodu.so,2,1,,not found
libshella-4.5.3.20.so,2,1,,not found
libxtoken.so,2,1,,not found
libtensorflowlite_pf.so,2,1,,not found
libvenus_skincare.so,2,1,,not found
libLeone.so,2,1,,not found
libstrongbox.so,2,1,,not found
libentryKey-lib.so,2,1,,not found
libgat.so,2,1,,not found
libSmartAppUpdates.so,2,1,,not found
libparams.so,2,1,,not found
libcommon_security.so,2,1,,not found
libcrypt-Engine.so,2,1,,not found
libshell-super.com.etongbang.app.so,2,1,,not found
libdet_beauty_face_landmark.so,2,1,,not found
liboialgo.so,2,1,,not found
libStoreInfo.so,2,1,,not found
libshell-super.com.hiyuyi.shoes.so,2,1,,not found
libc5_rust_bridge.so,2,1,,not found
libCertUtil-jni.so,2,1,,not found
libewa.so,2,1,,not found
libSdkHelper_ewa.so,2,1,,not found
libboundscheck.so,2,2,,not found
libbaseinfo.so,2,1,,not found
libhuiliu_image.so,2,1,,not found
libhuiliu_invoke.so,2,1,,not found
libvh-auth-fu.so,2,1,,not found
libImgo3DAdec.so,2,1,,not found
libImgoMediaPlayer_5.11.1.so,2,1,,not found
libsafetools.so,2,1,,not found
libyfnet_mongotv.so,2,1,,not found
libwanosvirtualV2.so,2,1,,not found
libImgoBinauralRender.so,2,2,,not found
libKWKeyUtils.so,2,1,,not found
libnfcsdk-crypto.so,2,1,,not found
libddsecurity.so,2,1,,not found
libaudio_convert.so,2,1,,not found
libatnetsdk.so,2,1,,not found
libkclient.so,2,1,,not found
libsga.so,2,1,,not found
libduv8.so,2,1,,not found
libhawk.so,2,1,,not found
libsn-code.so,2,1,,not found
libcheck-env.so,2,1,,not found
libdecryption.so,2,1,,not found
libhealth.so,2,1,,not found
libshell-super.com.dm.metro.so,2,1,,not found
libarchtest.so,2,1,,not found
libmarco_phoenix.so,2,2,,not found
libmarco_wolverine.so,2,2,,not found
libcom_koudai_weishop_statistics.so,2,2,,not found
libcom_koudai_weishop_payment.so,2,2,,not found
libcom_koudai_weishop_customer.so,2,2,,not found
libcom_koudai_weishop_hybrid.so,2,2,,not found
libcom_koudai_weishop_push.so,2,2,,not found
libcom_koudai_weishop_webview.so,2,2,,not found
libcom_koudai_weishop_status.so,2,2,,not found
libcom_koudai_weishop_account.so,2,2,,not found
libcom_koudai_weishop_order.so,2,2,,not found
libcom_koudai_weishop_im.so,2,2,,not found
libcom_koudai_weishop_income.so,2,2,,not found
libcom_koudai_weishop_album.so,2,2,,not found
libcom_koudai_weishop_workorder.so,2,2,,not found
libcom_koudai_weishop_weex.so,2,2,,not found
libcom_koudai_weishop_boostbus.so,2,2,,not found
libcom_koudai_weishop_image.so,2,2,,not found
libcom_koudai_weishop_share.so,2,2,,not found
libcom_koudai_weishop_wechat_collection.so,2,2,,not found
libcom_koudai_weishop_scancode.so,2,2,,not found
libcom_koudai_weishop_newscenter.so,2,2,,not found
libcom_koudai_weishop_content_edit.so,2,2,,not found
libsand.so,2,1,,not found
libcom_koudai_weishop_wdkot.so,2,2,,not found
libcom_koudai_weishop_subaccount.so,2,2,,not found
libcom_koudai_weishop_goods.so,2,2,,not found
libcom_koudai_weishop_main.so,2,2,,not found
libcom_koudai_weishop_fellowship.so,2,2,,not found
libcom_koudai_weishop_verification.so,2,2,,not found
libcom_koudai_weishop_location.so,2,2,,not found
libcom_koudai_weishop_shop_decorated.so,2,2,,not found
libcom_koudai_weishop_library_base.so,2,2,,not found
libcom_koudai_weishop_manager_notes.so,2,2,,not found
libcom_koudai_weishop_shop_management.so,2,2,,not found
libcom_koudai_weishop_flutter.so,2,2,,not found
libcom_koudai_weishop_marketing_tools.so,2,2,,not found
libeqr-core.so,2,2,,not found
libicing.so,2,2,,not found
liblbcrashhandler.so,2,1,,not found
liblbkv.so,2,1,,not found
libnativeywg.so,2,1,,not found
libshell-super.com.youeshop.app.so,2,1,,not found
lib00uv.so,2,1,,not found
libgoblin_6_1_1.so,2,2,,not found
libBoyiHQDataJNI.so,2,1,,not found
libBoyiUpdateData.so,2,1,,not found
libBoyiIndexJNI.so,2,1,,not found
libBoyiYTZDataJNI.so,2,1,,not found
libBoyiUpdateDataJNI.so,2,1,,not found
libJY_DTSDK.so,2,1,,not found
libBoyiTradeSpeed.so,2,1,,not found
libJY_PointSDK.so,2,1,,not found
libBoyiTradeSpeedJNI.so,2,1,,not found
libBoyiYTZData.so,2,1,,not found
libBoyiTrade.so,2,1,,not found
libBoyiHQData.so,2,1,,not found
libBoyiTradeJNI.so,2,1,,not found
libBoyiIndex.so,2,1,,not found
libnexgo_sdkemvexapdujni.so,2,1,,not found
libiSecurityPAB.so,2,0,,not found
libtsdb-jni.so,2,1,,not found
libattsdb.so,2,1,,not found
libblackboxclient.so,2,2,,not found
libJY_PT60.so,2,1,,not found
libcross.so,2,1,,not found
libauthmanager.so,2,1,,not found
libwxpkeymgr.so,2,1,,not found
libffmpeg_wrapper.so,2,1,https://github.com/FFmpeg/FFmpeg,not sure
libdjinni-support-jni.so,2,1,,not found
libturingpri_mini.so,2,1,,not found
libnative-yuv-to-buffer-lib.so,2,1,,not found
libKeyStore.so,2,1,,not found
libhoneybee.so,2,1,,not found
libqzccbank.so,2,1,,not found
libdexjni1772067843.so,2,1,,not found
libbsn.so,2,1,,not found
libcvcard_api.so,2,1,,not found
libindex3.0.2.so,2,1,,not found
libBqLog.so,2,1,,not found
libBqLog_Symbol.so,2,1,,not found
libfabricsuffer.so,2,1,,not found
libbitmap_native.so,2,1,,not found
libdbkey.so,2,1,,not found
libsecrecy.so,2,1,,not found
libsafetool.so,2,1,,not found
libfpssdk.so,2,1,,not found
libSWSSLVPN.so,2,2,,not found
libsplitskf.so,2,2,,not found
libverifycase.so,2,1,,not found
libdexjni1770708843.so,2,1,,not found
libsmoothNI.so,2,2,,not found
libcom-mpaas-ocr-ocrbase.so,2,2,,not found
libmultimedia-xmedia.so,2,2,,not found
libcom-mobile-mbank-h5service-h5service.so,2,2,,not found
libcom-mobile-mbank-login-login.so,2,2,,not found
librtecg.so,2,1,,not found
libfile_decrypt.so,2,1,,not found
libdecor.so,2,1,,not found
libfindEmulator.so,2,1,,not found
libJRSecurity.so,2,2,,not found
libGkdNative.so,2,2,,not found
libread-config.so,2,1,,not found
libifly_face.so,2,0,,not found
libdexjni1771914502.so,2,1,,not found
libnffund-sign.so,2,1,,not found
libjmfsqlcipher.so,2,2,https://github.com/sqlcipher/sqlcipher,not sure
libjmfbspatch.so,2,2,,not found
libdexjni1769567870.so,2,1,,not found
libxyclient.so,2,1,,not found
libhci_nlu.so,2,1,,not found
libhci_nlu_local_recog.so,2,1,,not found
liblocal.so,2,1,,not found
libpresetplugin.so,2,1,,not found
libplugincomm.so,2,1,,not found
libhci_nlu_cloud_recog.so,2,1,,not found
libhci_nlu_jni.so,2,1,,not found
libsignature_check.so,2,1,,not found
libopusutil-lib.so,2,1,https://github.com/xiph/opus,not sure
libnetcore.so,2,1,,not found
libcom.niuguwang.stock_shell_alijtca_plus.so,2,1,,not found
libloc-live.so,2,1,,not found
libh5pdecoder.so,2,1,,not found
libdcryptor.so,2,1,,not found
libdriptts.so,2,2,,not found
libsec_ring.so,2,1,,not found
libshell-super.com.jlpay.merch.so,2,1,,not found
libcn.win_trust.cronet.86.0.4240.281.so,2,1,,not found
libnccencryptLib.so,2,1,,not found
libindicatorAlgo.so,2,1,,not found
libyaxin.so,2,1,,not found
libvideoLive.so,2,1,,not found
libzjrcu_bsdiff.so,2,1,,not found
libplayercorejni.so,2,1,,not found
libptts.so,2,1,,not found
libgeit_idcardutils.so,2,1,,not found
libgeit_wlt2bmp.so,2,1,,not found
libnllvm1624074807.so,2,1,,not found
libcom_yitong_miniprogram_framework_android_widget_gif.so,2,1,,not found
libMsxfEndIntelligence.so,2,1,,not found
libMSMNN_Express.so,2,1,,not found
libmpaas-common.so,2,2,,not found
libkdencode.so,2,0,,not found
libnllvm1624503486.so,2,1,,not found
libNXYBank_RA.so,2,0,,not found
libNXYBank_JS.so,2,1,,not found
libxd_encrypt.so,2,1,,not found
libecny-lib.so,2,1,,not found
libThreeCertificate.so,2,1,,not found
libAuth.so,2,2,,not found
libFineMachineLearning.so,2,1,,not found
libAbbyyZLib.so,2,1,,not found
libFineObj.so,2,1,,not found
libdbgchk.so,2,1,,not found
libbochk_aos.so,2,1,,not found
libabbyy-mi-sdk.so,2,1,,not found
libpdfinterface.so,2,1,,not found
libprtcsdk.so,2,1,,not found
libFineMachineLearningExt.so,2,1,,not found
libImage.Mobile.so,2,1,,not found
libMobileImaging.so,2,1,,not found
libc++_shared_pdf.so,2,1,,not found
libCustomAllocator.so,2,1,,not found
libGMJNISSL.so,2,1,,not found
libnllvm1733389172671.so,2,1,,not found
libpuhuibspatch.so,2,1,,not found
libPaemNativeDataLib.so,2,1,,not found
libxsyh.so,2,1,,not found
libZJKSipCryptor.so,2,1,,not found
libczar.so,2,0,,not found
libLkeySafe.so,2,1,,not found
libdexjni1768898348.so,2,1,,not found
_hashlib.so,2,1,,not found
_csv.so,2,1,,not found
chaquopy_android.so,2,1,,not found
libopensslLib.so,2,1,,not found
libdexjni1770345527.so,2,1,,not found
libIcbcJni.so,2,2,,not found
libyuv_ttt.so,2,1,,not found
libTSMAES.so,2,1,,not found
libcodec_ttt.so,2,1,,not found
libmyaudio_so.so,2,1,,not found
libzrgkCpp.so,2,1,,not found
libJMEncryptBoxHf.so,2,1,,not found
libwlt2bmps.so,2,1,,not found
libJin10Indicator.so,2,1,,not found
libdexvmp1734500943.so,2,1,,not found
liblivenessdetection_mult_v2.4.3.so,2,1,,not found
libnllvm1698042216341.so,2,2,,not found
libnllvm1649745727.so,2,1,,not found
libtestapp.so,2,1,,not found
libailabface_crypto_tool.so,2,2,,not found
libHZPassGuard.so,2,2,,not found
libKeyMgrApi.so,2,1,,not found
libJniKeyMgrApi.so,2,1,,not found
libcodelib.so,2,1,,not found
librim_yuv.so,2,1,,not found
libidcard_quality.1.2.1.so,2,2,,not found
libmlkbar_v4.so,2,1,,not found
libcom-android-mobile-tradeplugin.so,2,2,,not found
libmerged-bundles-res-124.so,2,2,,not found
libFalconSmartRecog.so,2,2,,not found
libstock_biz.so,2,2,,not found
libf2-stock.so,2,2,,not found
libandroid-phone-wallet-SNSContentEditor.so,2,2,,not found
libLongJiangSipCryptor.so,2,1,,not found
libexidcard.so,2,1,,not found
libcsrPackage.so,2,2,,not found
libtmqhnxjni.so,2,2,,not found
libandroidhwcodec.so,2,2,,not found
libSinosunCsp.so,2,1,,not found
libXygjEncryptLib.so,2,1,,not found
libCsiiGestureLock.so,2,1,,not found
libsm9.so,2,1,,not found
lib_portal_plugin_tmp_.so,2,1,,not found
libreadersdk.so,2,1,,not found
libandroid-phone-thirdparty-androidsupportrecyclerview.so,2,2,,not found
libKeyUtils.so,2,1,,not found
libAntiFraudKeys.so,2,1,,not found
libcrypto.3.so,2,2,,not found
libssl.3.so,2,2,,not found
libdexjni1769997454.so,2,1,,not found
libget_prop.so,2,1,,not found
libndbcliapi.so,2,1,,not found
libdexjni1769079222.so,2,1,,not found
libskbaymse-lib.so,2,1,,not found
libRtmpPlayer.so,2,1,,not found
libPAPILiPei_OCRSDK_v1.0_0628.so,2,1,,not found
libruntimecore.so,2,2,,not found
libpalphbscose.so,2,1,,not found
libso_loader.so,2,1,,not found
libruntimecore_java.so,2,2,,not found
libchampion.so,2,1,,not found
libYTCrypto.so,2,1,,not found
libisec_wbsm4p.so,2,1,,not found
libyeedoctor.so,2,1,,not found
libnllvm1637742755.so,2,1,,not found
libopenreflect.so,2,2,,not found
libshell-super.com.rong360.app.so,2,1,,not found
libhsbc_hsbcchina.so,2,1,,not found
libwkb.so,2,1,,not found
libjygproc.so,2,1,,not found
libsecurity-key.so,2,1,,not found
libstastic.so,2,2,,not found
libFFmpegCodec.so,2,2,https://github.com/FFmpeg/FFmpeg,not sure
libpaddle_ocr.so,2,1,,not found
libsignature-lib.so,2,2,,not found
libgfencrypt-lib.so,2,1,,not found
libJniDecrypt.so,2,1,,not found
libkeyguard.so,2,1,,not found
libshell-super.com.rong.fastloan.so,2,1,,not found
libvoicemp3lame.so,2,1,,not found
libcreporter.so,2,1,,not found
libnllvm1719477760684.so,2,1,,not found
libnllvm1719477540834.so,2,1,,not found
libfund.so,2,1,,not found
libupttsdkjson.so,2,2,,not found
libupttsdk.so,2,2,,not found
libumasdkcrypto.so,2,1,,not found
libshell-super.net.zxfqimingjieming.android.so,2,1,,not found
libcqtkbltcommauth.so,2,2,,not found
libshell-super.com.jlpay.cashierManager.so,2,1,,not found
libMacaoLife.so,2,1,,not found
libgifimage_x86.so,2,2,,not found
libimagepipeline_x86.so,2,2,,not found
libaudio_ffmpeg.so,2,1,https://github.com/FFmpeg/FFmpeg,not sure
libCNamaSDK_UNITY_PLUGIN.so,2,1,,not found
libbili-upload.so,2,1,,not found
libmnn_predictor.so,2,1,,not found
libzplog.so,2,1,,not found
libviso.so,2,1,,not found
libytplayer.so,2,1,,not found
libRendererCore.so,2,1,,not found
libmotcrash.so,2,1,,not found
libavs3dec.so,2,1,,not found
libcom_ruofeisinian_ad_base.so,2,1,,not found
libytrecord.so,2,1,,not found
libKmShareKey.so,2,1,,not found
libKmEncrypt.so,2,1,,not found
libWave.so,2,1,,not found
libKmPlatformKey.so,2,1,,not found
libMusicUtils.so,2,1,,not found
libevmp3encoder.so,2,1,,not found
libEvIntonation.so,2,1,,not found
libEvEvaluator.so,2,1,,not found
libxmopus-decoder.so,2,1,https://github.com/xiph/opus,not sure
libxmvad.so,2,1,,not found
libGraphicsEngineOpenGL.so,2,1,,not found
libheytaplog.so,2,2,,not found
libwifidirect.so,2,1,,not found
libshella-4.6.3.4.so,2,1,,not found
libblcodec.so,2,1,,not found
libshell-super.cn.bestv.m5gtv.so,2,1,,not found
libvideofeature.so,2,1,,not found
libwsvd.so,2,1,,not found
libadapter.so,2,1,,not found
libin_memory_dex.so,2,2,,not found
libp2pproxy.so,2,1,,not found
libdypusherdot.so,2,1,,not found
libTxCodec_neon.so,2,1,,not found
libjniopengles.so,2,1,,not found
libdy_mobile.so,2,1,,not found
libdylive.so,2,1,,not found
libPlayerCore_neon.so,2,1,,not found
libts_scoreengine2sdk.so,2,1,,not found
libchvqx.so,2,1,,not found
libchvqx-x86.so,2,1,,not found
libsecret-tfm.so,2,1,,not found
libad_appid.so,2,1,,not found
libaudio_sdk.so,2,1,,not found
libcbijkplayer.so,2,1,,not found
libhydecoder.so,2,2,,not found
libLizard-V8-JNI.so,2,2,,not found
libhyssl.so,2,2,,not found
libLizard-JSC-JNI.so,2,2,,not found
libgifMaker.so,2,2,,not found
libhyencoder.so,2,2,,not found
libhyrtmputils.so,2,1,,not found
libhydt.so,2,2,,not found
liblua5.4.so,2,2,,not found
libhydeviceid.so,2,2,,not found
libLizard.so,2,2,,not found
libhyrn_turbomodules.so,2,1,,not found
libtea.so,2,2,,not found
libnative-device-util.so,2,1,,not found
libngtcp2_crypto_boringssl.so,2,2,https://github.com/google/boringssl,not sure
libhycrender.so,2,2,,not found
libmtkEnhance.so,2,2,,not found
liblogcat-libs.so,2,1,,not found
libLizard-JS-V8.so,2,2,,not found
libHYNN_QNNV68.so,2,2,,not found
libmtpencrypt.so,2,2,,not found
libhysignalcore.so,2,2,,not found
libtnc.so,2,2,,not found
libposix_quic_ngtcp.so,2,2,,not found
libkapm.so,2,1,,not found
libhymediatrans.so,2,2,,not found
libhyquic.so,2,1,,not found
libYCloudLive.so,2,2,,not found
libLizard-Hermes-JNI.so,2,2,,not found
libnsdt.so,2,1,,not found
libhyaudioengine.so,2,2,,not found
libLizard-JS-JSC.so,2,2,,not found
libhycrypto.so,2,2,,not found
libhymediasdkrtmpupload.so,2,1,,not found
libhyaudioai.so,2,1,,not found
libhycrashreport.so,2,2,,not found
libfasterrender.so,2,2,,not found
libCampSdk.so,2,2,,not found
libstreaminfo.so,2,1,,not found
libbsdiff_jni.so,2,2,,not found
libjsiwup.so,2,1,,not found
libLizard-JS-Hermes.so,2,2,,not found
libLizard-JNI.so,2,2,,not found
libunitytools.so,2,2,,not found
libhyscript.so,2,1,,not found
libishow_core.so,2,1,,not found
libishow_protocol.so,2,1,,not found
libVideoCore.so,2,1,,not found
libte.so,2,1,,not found
libwzc_webrtc_ns.so,2,2,https://webrtc.googlesource.com/src/,not sure
libshell-super.com.ifext.newvideo.so,2,1,,not found
librunning.so,2,1,,not found
libwlmedia-1.1.4.so,2,1,,not found
libwlmediautil-1.1.4.so,2,1,,not found
libtrtcplayer.so,2,2,,not found
libcocosnative.so,2,1,,not found
libsys-jni.so,2,1,,not found
libqylivertc.so,2,1,,not found
libh5parser.so,2,2,,not found
libWeBankFaceTracker.so,2,1,,not found
libQdCUtil.so,2,1,,not found
libkooplayer.so,2,1,,not found
libHJRender.so,2,1,,not found
libreact_codegen_RNDatePickerSpecs.so,2,2,,not found
libcronet.72.0.3626.122.so,2,2,,not found
libNALImageRecognition.so,2,1,,not found
libSquareSDK.so,2,1,,not found
libcom_yjjwlkj_ad_base.so,2,1,,not found
libezjfr.so,2,1,,not found
libdrmclient.so,2,1,,not found
libitysdl.so,2,1,,not found
libityplayer.so,2,1,,not found
libityffmpeg.so,2,1,https://github.com/FFmpeg/FFmpeg,not sure
libtk_runtime_lite_v0_0_259.so,2,1,,not found
libcalifornia.so,2,1,,not found
libtraffic-detector.so,2,1,,not found
libkjs_j2j.so,2,1,,not found
libanr_anesthetic.so,2,1,,not found
libschedulercenter.so,2,1,,not found
libkjs_jsi_v8_jni.so,2,1,,not found
libkjs_jsi.so,2,1,,not found
libcpu-sched.so,2,1,,not found
libti-agent.so,2,1,,not found
libbianque.so,2,1,,not found
libkjs_jsi_v8_lite_jni.so,2,1,,not found
libfullapk.so,2,2,,not found
libnative-render.so,2,1,,not found
libvrtc.so,2,1,,not found
libVImageCompress.so,2,1,,not found
libmediaserver.so,2,1,,not found
libvpoly.so,2,1,,not found
libpoly.so,2,1,,not found
libvrtc_helper.so,2,1,,not found
libSyncNowJNI.so,2,1,,not found
libshell-supervbasic.com.cctv.yangshipin.app.androidp.so,2,1,,not found
libshell-superv.com.cctv.yangshipin.app.androidp.so,2,1,,not found
libuvpusher.so,2,1,,not found
libhippycanvas.so,2,1,,not found
libhippybridge.so,2,1,,not found
libcctv_rmp.so,2,1,,not found
libimfreevideo_jni.so,2,1,,not found
libsoxr.so,2,1,,not found
libbitmaphook.so,2,1,,not found
libplayer_engine.so,2,1,,not found
libkgdrlibary.so,2,1,,not found
librpsl.so,2,1,,not found
libKCrypt.so,2,1,,not found
libapm-capture.so,2,1,,not found
liburtc_urtcsdkapi_jni.so,2,1,,not found
libdetect2.0.3.6.so,2,1,,not found
libsnupnp.so,2,1,,not found
libanim_util.so,2,1,,not found
libucps.so,2,1,,not found
libshell-super.com.ifext.news.so,2,1,,not found
libshell-super.com.ykpass.boaoclassroom.so,2,1,,not found
libblowfish.so,2,1,,not found
libdkkernel.so,2,1,,not found
libmboom.so,2,1,,not found
libdkarch.so,2,1,,not found
libzdcrypto.so,2,1,,not found
libLKMapSDK_map_v2_3_3.so,2,1,,not found
libLKMapSDK_base_v2_3_3.so,2,1,,not found
libqm_offline_res.so,2,1,,not found
libqimao_ad_logan.so,2,1,,not found
libqmtraceroute.so,2,1,,not found
libqm_abtest.so,2,1,,not found
libqm_focus.so,2,1,,not found
libformats.so,2,1,,not found
libthreadclipping.so,2,1,,not found
libjvmtienable.so,2,1,,not found
libencdet.so,2,1,,not found
ffmpeg.so,2,1,https://github.com/FFmpeg/FFmpeg,not sure
libjninbd.so,2,1,,not found
libwell.so,2,1,,not found
libBD_YUEDU_V1.so,2,1,,not found
libBD_YUEDU_VIP_V1.so,2,1,,not found
libmiguplay_gif.so,2,1,,not found
libIjksdl_migu_haima.so,2,1,,not found
libIjkffmpeg_migu_haima.so,2,1,https://github.com/FFmpeg/FFmpeg,not sure
liblightplay-coree.so,2,1,,not found
libxrtc_router.so,2,1,,not found
libIjkplayer_migu_haima.so,2,1,,not found
libReportEncrypt.so,2,1,,not found
libAntiEncrypt.so,2,1,,not found
libAesEncrypt.so,2,1,,not found
libency.so,2,1,,not found
libwraudio.so,2,1,,not found
libweread-tts.so,2,1,,not found
libwereadnative.so,2,1,,not found
libnative_net_check_helper.so,2,1,,not found
libcommonSec.so,2,1,,not found
libshell-super.com.shangxueba.sxb.so,2,1,,not found
libcobub.so,2,2,,not found
libatgen.so,2,1,,not found
libapm-rtmpdump.so,2,2,,not found
empty.so,2,1,,not found
libdevicemark.so,2,1,,not found
libnativesupport.so,2,1,,not found
libeaster_egg.so,2,1,,not found
libabr.so,2,1,,not found
libnsclear.so,2,1,,not found
libxbnlog.so,2,1,,not found
libraster-renderthreadopt.so,2,1,,not found
libsecurityverify.so,2,1,,not found
libqklkn-x86.so,2,1,,not found
libqklkn.so,2,1,,not found
liblyRaBNhZIuahJbOFEzml.so,2,1,,not found
libnative-log.so,2,1,,not found
libSafeKeyboard.so,2,1,,not found
libopencc.so,2,2,,not found
libsfdata.so,2,2,,not found
libcaixin.so,2,1,,not found
libdust.so,2,1,,not found
libshell-super.com.ifeng.news2.so,2,1,,not found
libstarRTC.so,2,1,,not found
libzrs888688-20211119.so,2,1,,not found
libume-guardian-20250123.so,2,1,,not found
libbkcore.so,2,1,,not found
libbookanresourcelib.so,2,1,,not found
libresHash.so,2,1,,not found
libappinfo.so,2,1,,not found
libfdl_utils.so,2,1,,not found
libvideoedit.so,2,2,,not found
libwbjsbridge.so,2,1,,not found
libpay-util-lib.so,2,1,,not found
libsandhook-native.so,2,1,,not found
libaispeechaudio.so,2,2,,not found
libwave_audioprocessing.so,2,1,,not found
libwaveaudio.so,2,1,,not found
libilink_tdi.so,2,1,,not found
libprivate_protobuf.so,2,1,https://github.com/protocolbuffers/protobuf,not sure
libwehear-ilink.so,2,1,,not found
libadblock_component.so,2,1,,not found
libqtt-bspatch.so,2,1,,not found
libyoda.so,2,1,,not found
libvxproto-1.0.3.so,2,1,,not found
libAdvertPhoneMark.so,2,1,,not found
libdocument_detect.so,2,1,,not found
libaudiokernelplus.so,2,1,,not found
libmediaapiplus.so,2,1,,not found
libshell-super.com.xuehu.baoyantong.so,2,1,,not found
libTextEngine.so,2,1,,not found
libtracker-lib.so,2,1,,not found
libfkccclll.so,2,1,,not found
libbbPlayer.so,2,1,,not found
libsecurity_keystore.so,2,1,,not found
libsecurity_helper.so,2,1,,not found
libsogouenc.so,2,1,,not found
libshell-super.com.cqmapp.zkt.so,2,1,,not found
libkooffmpeg.so,2,1,https://github.com/FFmpeg/FFmpeg,not sure
libijksdlgk.so,2,1,,not found
libijkffmpeggk.so,2,1,https://github.com/FFmpeg/FFmpeg,not sure
libmediareporter.so,2,1,,not found
libijkplayergk.so,2,1,,not found
libqkplayerffmpeg.so,2,1,https://github.com/FFmpeg/FFmpeg,not sure
libLoadPtrace.so,2,1,,not found
libHFKey.so,2,1,,not found
libshell-super.com.hoge.android.chinablue.so,2,1,,not found
libLLVO.so,2,2,,not found
libc-plugin.so,2,2,,not found
libeasouencrp.so,2,1,,not found
libcallstack.so,2,1,,not found
libffi_native_bi.so,2,1,,not found
libywad-own.so,2,1,,not found
libnativekey.so,2,1,,not found
libwnsnet.so,2,2,,not found
libwnscrypt.so,2,1,,not found
libjade2.so,2,1,,not found
libadsdk.so,2,1,,not found
libconfusionzh-lib.so,2,1,,not found
libdynamicloader.so,2,1,,not found
libSQFVPlayer.so,2,1,,not found
libSQNativeMediaCodec.so,2,1,,not found
libqyar_human_analysis.so,2,1,,not found
libdance_sdk.so,2,2,,not found
libsd_encryp_tools.so,2,1,,not found
libCC00000069524FB2000ED66CDBBA0CD4.so,2,1,,not found
libcamerawirelesscontrol.so,2,2,,not found
libBGEraser-lib.so,2,1,,not found
libSignature.so,2,1,,not found
libgourdblur.so,2,1,,not found
libmarkijpeg.so,2,2,,not found
libyyservicesdk.so,2,1,,not found
libglcore.so,2,2,,not found
libai_model.so,2,2,,not found
libexocamera.so,2,2,,not found
libgpumark.so,2,2,,not found
libshell-super.com.stkj.watermarkcameras.so,2,1,,not found
libailut.so,2,1,,not found
libhld.so,2,1,,not found
libscenedetect.so,2,1,,not found
libskindetector.so,2,1,,not found
libcapturer.so,2,1,,not found
libo_g_l_p_c.so,2,1,,not found
libo_g_l_c_m.so,2,1,,not found
libo_g_v.so,2,1,,not found
librex.so,2,2,,not found
libkoloro_vav.so,2,1,,not found
libimginpaint.so,2,1,,not found
libgodzilla-acurate-asan.so,2,2,,not found
smart_cut.ofx.so,2,2,,not found
libfrankie.so,2,1,,not found
libshell-super.com.photo.xjxx.so,2,1,,not found
libglesproc.so,2,1,,not found
libfVSiMfyqqXrZQHmmLgzm.so,2,1,,not found
libkOoImdylWNdJSnWQxYnT.so,2,1,,not found
libYrcZfbhesYCmEFAsPDkp.so,2,1,,not found
librs.filters.so,2,1,,not found
librs.warmth.so,2,1,,not found
librs.pixelate.so,2,1,,not found
librs.frame.so,2,1,,not found
librs.orientation.so,2,1,,not found
librs.exposure.so,2,1,,not found
librs.sharpness.so,2,1,,not found
libbeauty.so,2,2,,not found
libzjz.so,2,2,,not found
libhiarqrcode.so,2,1,,not found
libsmarthome_log.so,2,1,,not found
libhiarplugin.so,2,1,,not found
libhiar.so,2,1,,not found
libimage_segment.so,2,1,,not found
libjson2image.so,2,1,,not found
libbutterfly.so,2,1,,not found
libctoolslib.so,2,1,,not found
libaot-Microsoft.Maui.Controls.Compatibility.dll.so,2,1,,not found
libaot-Xamarin.GooglePlayServices.Tasks.dll.so,2,1,,not found
libaot-CommunityToolkit.Mvvm.dll.so,2,1,,not found
libaot-Plugin.Maui.AppRating.dll.so,2,1,,not found
libaot-Xamarin.AndroidX.Lifecycle.Common.Jvm.dll.so,2,1,,not found
libaot-Xamarin.KotlinX.Serialization.Core.Jvm.dll.so,2,1,,not found
libaot-SkiaSharp.Views.Android.dll.so,2,1,,not found
libaot-NativeMedia.Permision.Maui.dll.so,2,1,,not found
libaot-SkiaImageView.dll.so,2,1,,not found
libaot-Xamarin.Google.Android.Play.Review.dll.so,2,1,,not found
libaot-System.IO.Pipelines.dll.so,2,1,,not found
libaot-Maui.ColorPicker.dll.so,2,1,,not found
libaot-System.Threading.ThreadPool.dll.so,2,1,,not found
libaot-SkiaSharp.Views.Maui.Controls.Compatibility.dll.so,2,1,,not found
libaot-System.Runtime.InteropServices.RuntimeInformation.dll.so,2,1,,not found
libaot-System.Net.Requests.dll.so,2,1,,not found
libaot-SkiaSharp.Views.Maui.Controls.dll.so,2,1,,not found
libaot-Xamarin.AndroidX.Browser.dll.so,2,1,,not found
libaot-SkiaSharp.Views.Maui.Core.dll.so,2,1,,not found
libaot-SQLite-net.dll.so,2,1,,not found
libaot-PixelArt.dll.so,2,1,,not found
libaot-Xamarin.AndroidX.Collection.Jvm.dll.so,2,1,,not found
libaot-System.IO.Compression.Brotli.dll.so,2,1,,not found
libaot-Xamarin.AndroidX.Lifecycle.ViewModel.Android.dll.so,2,1,,not found
libaot-NativeMedia.dll.so,2,1,,not found
libgzysegmentSam.so,2,1,,not found
libobject_label.so,2,1,,not found
liblib_gzy_pk_search.so,2,1,,not found
libtone_jni.so,2,1,,not found
libshell-super.com.maoying.picturecompression.so,2,1,,not found
libimagentv.so,2,1,,not found
libjdisDRMaqZDyCTVsMFqH.so,2,1,,not found
libjKmpIFbgKcFDaojGGPxd.so,2,1,,not found
libshell-super.com.xiaoyun.change.photorepair.so,2,1,,not found
libdepix.so,2,1,,not found
libimgip.so,2,1,,not found
libdjivideojni.so,2,1,,not found
libjl_convert.so,2,1,,not found
librslic.so,2,1,,not found
libcomotionstabilizer.so,2,1,,not found
libvideo_jni.so,2,1,,not found
libvstabilization.so,2,1,,not found
libimsl_vad.so,2,1,,not found
libthemis.so,2,1,,not found
libtapsdkcore.so,2,1,,not found
libshell-super.com.duoduo.bling.so,2,1,,not found
libv5wjn6a4l.so,2,1,,not found
libshell-super.com.qyh.zjzzp.so,2,1,,not found
libbhookProxy.so,2,1,,not found
libshell-super.com.xiaoyun.format.so,2,1,,not found
libmrtc_ndi.so,2,1,,not found
libmrtc_core_jni.so,2,2,,not found
libdjifs_jni-CSDK.so,2,2,,not found
libDJIFlySafeCore-CSDK.so,2,2,,not found
libcloud_access_jni.so,2,2,,not found
libFlightRecordEngine.so,2,2,,not found
libmarkesj.so,2,1,,not found
libz3w48ujpb.so,2,1,,not found
libshell-super.com.xiaoyun.rubber.so,2,1,,not found
libshell-super.com.wl.zpshuiyinxiangji.so,2,1,,not found
libEGL_angle.so,2,1,,not found
libGLESv2_angle.so,2,1,,not found
libmultapp.so,2,2,,not found
libpg_face_detector.so,2,2,,not found
libq3m89.so,2,1,,not found
libshell-super.com.Runway.gwsta.so,2,1,,not found
libre_config.so,2,1,,not found
libanative.so,2,1,,not found
libshell-super.com.zhuoxiang.ai.meitu.so,2,1,,not found
libapibase-lib.so,2,1,,not found
libshell-super.com.pang.bigimg.so,2,1,,not found
libtimecutcv.so,2,1,,not found
libdeflicker.so,2,1,,not found
libgls.so,2,1,,not found
libv++_ext.so,2,2,,not found
libufc.so,2,1,,not found
libvcrt2_ext.so,2,2,,not found
libshell-super.com.myd.textstickertool.so,2,1,,not found
libPGREGOSDK.so,2,1,,not found
libAINormDetectYP.so,2,1,,not found
libpano.so,2,2,,not found
libshell-super.com.bbn.moka.so,2,1,,not found
libfm-script-engine.so,2,2,,not found
libDashi.so,2,1,,not found
libWhEkSmcFpDGXmFIUpsxZ.so,2,1,,not found
libnvTimeFollowing.so,2,1,,not found
libtouchretouch.so,2,0,,not found
libjxl.so,2,1,,not found
libjxlcoder.so,2,1,,not found
libqoi-coder.so,2,1,,not found
libjxl_threads.so,2,1,,not found
libjpeglicoder.so,2,1,,not found
libjxl_cms.so,2,1,,not found
libfast-noise.so,2,1,,not found
libbrotlienc.so,2,1,,not found
libdrawutil.so,2,1,,not found
libncnn4j.so,2,1,,not found
libVKWmXdJWdKIvWcIILaLd.so,2,1,,not found
libDRzPNXVqAhpDHiHkezvK.so,2,1,,not found
libHiWwXujGLCtwKMeKUfit.so,2,1,,not found
libwxmedia.so,2,1,,not found
liblib-opengl.so,2,1,,not found
libwxffmpeg.so,2,1,https://github.com/FFmpeg/FFmpeg,not sure
libvxqrscan.so,2,1,,not found
libndicameralib.so,2,1,,not found
libVxAV.so,2,1,,not found
libVxNDILib.so,2,1,,not found
libVxBase.so,2,1,,not found
libmeitubao.so,2,1,,not found
libjpeg-qy.so,2,1,,not found
librs.convolve3x3.so,2,2,,not found
libsupxy.so,2,2,,not found
libpromotion.so,2,2,,not found
librs.grey.so,2,2,,not found
libimage-procs.so,2,1,,not found
librs.grad.so,2,2,,not found
libshell-super.com.xinxiu.pintu.so,2,1,,not found
libandroidmp3recorder.so,2,1,,not found
libgles.so,2,1,,not found
libiphoto.so,2,1,,not found
oppo_game_service_203008.so,2,0,,not found
libtext-core.so,2,1,,not found
libText-Rendering.so,2,1,,not found
libimagebeautyjni.so,2,1,,not found
libpmi.so,2,1,,not found
libimage_processing_of_opencv4.so,2,2,https://github.com/opencv/opencv,not sure
libshell-super.com.juhe.imagematting.so,2,1,,not found
libPinguoAIEngine.so,2,1,,not found
libncnn_lib.so,2,2,,not found
libvideo_track_lib.so,2,2,,not found
libyuv_convert_lib.so,2,2,,not found
libbaozouface_fuse_lib.so,2,2,,not found
libisdlTceWZdJAmNOCNXtI.so,2,1,,not found
libJHXrYsIdOvkAjyWEOdAQ.so,2,1,,not found
libkxjQkfZwsZnzrdtUdFxk.so,2,1,,not found
libfix-exercise.so,2,2,,not found
libdream-utils.so,2,2,,not found
libyuv-jni.so,2,1,,not found
libresample-jni.so,2,1,,not found
libpolarr.so,2,1,,not found
libraw.so,2,1,,not found
libNeonRECore.so,2,1,,not found
libAiPN_3CS_API.so,2,1,,not found
libStreamerClient.so,2,1,,not found
libEasyCamSdk.so,2,1,,not found
libapms.so,2,1,,not found
libstreamparse.so,2,1,,not found
libHWH265_API.so,2,1,,not found
libWakeupAndQueryApi.so,2,1,,not found
libSPS_API.so,2,1,,not found
libbleLibrary.so,2,1,,not found
libAdpcmCodec.so,2,1,,not found
libHWH265_GetWidth_API.so,2,1,,not found
libMaasSDK.so,2,2,,not found
libvcdb.so,2,1,,not found
libwkverify.so,2,1,,not found
libjcbtQHRaTXAmnUODPRUo.so,2,1,,not found
libhbsv8.so,2,1,,not found
libspeed.so,2,1,,not found
libXNv.so,2,1,,not found
libtnet_aio.so,2,1,,not found
libCULinklib.so,2,1,,not found
libbiz_utils.so,2,1,,not found
libdexjni1772156146.so,2,1,,not found
libnkrNatBehaviorDiscovery.so,2,1,,not found
libbiz_onboard.so,2,1,,not found
libbiz_device.so,2,1,,not found
libJDLinkCloundlib.so,2,1,,not found
libbiz_async.so,2,1,,not found
libp2pEngine.so,2,1,,not found
libCyberPlayer_mediacodec_lowdelay.so,2,1,,not found
libbiz_gateway.so,2,1,,not found
libsmbonboardsdk.so,2,1,,not found
libCyberCloud.so,2,1,,not found
libdexjni1772156228.so,2,1,,not found
libvirtcsdk2.so,2,1,,not found
libHomeMateSecurity.so,2,1,,not found
libtnet_p2p.so,2,1,,not found
libbiz_device_core.so,2,1,,not found
libbiz_discover.so,2,1,,not found
libfingerlib.so,2,1,,not found
libnetecho_android.so,2,1,,not found
libaqcenter.so,2,1,,not found
libTqDnp.so,2,1,,not found
libnveasyopus.so,2,1,https://github.com/xiph/opus,not sure
libnveasysdk.so,2,1,,not found
liblame-mp3.so,2,1,,not found
libkpsdmtb.so,2,1,,not found
libevmd.so,2,1,,not found
libsdk-extension.so,2,2,,not found
libgl1vu2s46.so,2,1,,not found
libshadow.so,2,2,,not found
libsafelib.so,2,2,,not found
libxl_bridge_jni.so,2,1,,not found
libxl_common_jni.so,2,1,,not found
libx-bsdiff.so,2,1,,not found
libfd_limit_utils.so,2,1,,not found
libsoundchat2.so,2,1,,not found
libremotessh.so,2,1,,not found
libremotecmd.so,2,1,,not found
libwebrtcaudio.so,2,1,https://webrtc.googlesource.com/src/,not sure
libremotefile.so,2,1,,not found
libremote_camera.so,2,1,,not found
libhostmanager.so,2,1,,not found
libZMDZip.so,2,1,,not found
libZMCoreUnZip.so,2,1,,not found
libWindowController.so,2,1,,not found
libkaErNmNPojqepioOlMrB.so,2,1,,not found
libgOtnVKggRlCDQZgztqvD.so,2,1,,not found
libsdk-jni.so,2,2,,not found
liba4xmediakit.so,2,1,,not found
libpublish.so,2,1,,not found
liba4xsignal.so,2,1,,not found
liba4xDatachannel.so,2,1,,not found
libA4xSoundTouch.so,2,1,https://codeberg.org/soundtouch/soundtouch,not sure
libFace_Register.so,2,1,,not found
libacme_devlink.so,2,1,,not found
libcoap-3.so,2,1,,not found
libaudiodetect.so,2,1,,not found
libaplink.so,2,1,,not found
liba4xaudiomixer.so,2,1,,not found
libsa_super_resolution.so,2,1,,not found
libRMPCore.so,2,1,,not found
libcit32di.so,2,1,,not found
libhzwq.so,2,1,,not found
libfhcD7.so,2,1,,not found
libIWy8o.so,2,1,,not found
lib984f7w6h.so,2,1,,not found
libvahfynsg.so,2,1,,not found
libpanorama.so,2,2,,not found
libfcore.so,2,1,,not found
libsecurityi.so,2,1,,not found
libhichain_fwk.so,2,1,,not found
libcryptosc.so,2,1,,not found
libiotcrypto.so,2,1,,not found
libgeelevel_sdk.so,2,1,,not found
libVDecoder.so,2,1,,not found
libdftptrans2.0.so,2,1,,not found
libBiImgProc.so,2,1,,not found
libHJwAfBrfLGHNnrGmQVFj.so,2,1,,not found
libHnRrtUYrrLuQwWmoAXLI.so,2,1,,not found
libqmdeviceinfo.so,2,1,,not found
libinput_sender.so,2,1,,not found
libttgcore.so,2,1,,not found
librtcso-lib.so,2,1,,not found
libLCBSPatch.so,2,1,,not found
libIoTClient.so,2,1,,not found
libLCSign.so,2,1,,not found
libmap_formatter.so,2,1,,not found
libMediaProcessor.so,2,1,,not found
libmqqtoken.so,2,1,,not found
libtracejni.so,2,1,,not found
libesdtr.so,2,1,,not found
libcommonutility.so,2,1,,not found
libesaod.so,2,1,,not found
libkeyenclib.so,2,1,,not found
libstiff.so,2,1,,not found
libsjpeg_w.so,2,1,,not found
libsacalib.so,2,1,,not found
libes2command.so,2,1,,not found
libbgrem.so,2,1,,not found
libepsonscan2.so,2,1,,not found
libx.so,2,1,,not found
libijkencoder.so,2,1,,not found
liblightbuzz_jpeg.so,2,1,,not found
libQWoxrqlTeYFuqHPdmbDM.so,2,1,,not found
libIOeTHKBlVlwzuuvfJqfT.so,2,1,,not found
libsSieNSDRHsJuFFMzDrjr.so,2,1,,not found
libWdNYYyjatTYjuVAnYFJg.so,2,1,,not found
libXBWfQUbQtVkFOSuorkdI.so,2,1,,not found
libkd100-security.so,2,1,,not found
libCleanSpeedLib.so,2,1,,not found
libjgcqm.so,2,0,,not found
libjDfaweUwMQHGhkGqlOYy.so,2,1,,not found
libXjIFoPfYfuVfhBmLhbKT.so,2,1,,not found
libTaYvKvSqvkwEwHUZMUxU.so,2,1,,not found
liblog_util.so,2,2,,not found
libencode_ml.so,2,2,,not found
libopencv_world_dn.so,2,2,https://github.com/opencv/opencv,not sure
libym_app.so,2,1,,not found
libsvm.so,2,1,,not found
librs-speedtest-client-jni.so,2,1,,not found
libwsgmproxy.so,2,1,,not found
libsl_ping.so,2,1,,not found
libsl_utils.so,2,1,,not found
libwxlog.so,2,1,,not found
libcqnsynergia.so,2,2,,not found
libsoundmod.so,2,1,,not found
libsyncsdk.so,2,1,,not found
libwx_stlport_shared.so,2,1,,not found
libgrender.so,2,1,,not found
libAlidenoise.so,2,1,,not found
libslimladycore.so,2,2,,not found
libqnmessage.so,2,2,,not found
librtlive-jni.so,2,1,,not found
libmuxg711.so,2,1,,not found
libkiot_media.so,2,1,,not found
libkiot-media-server.so,2,1,,not found
libCMAPICore.so,2,1,,not found
libkrtmp.so,2,1,,not found
libnearby_nstackx.so,2,1,,not found
libCC00000068FF3AD2000048B33929D742.so,2,1,,not found
libturbo-png-0.0.4.so,2,1,,not found
libabi-detect.so,2,1,,not found
libshell-super.com.uhaozu.app.so,2,1,,not found
libjetlib.so,2,1,,not found
librip.so,2,1,,not found
libjet_laser.so,2,1,,not found
libHprtXls.so,2,1,,not found
libffJpqtWakwdOwPwuLpvA.so,2,1,,not found
libewNUALAqguDCeIvEDLET.so,2,1,,not found
libnjpaQMKIVVNXoBDiIhNJ.so,2,1,,not found
libScclKeEsZNLGTHGBYNGW.so,2,1,,not found
libbJLhgBRicgdxjeINFxac.so,2,1,,not found
libshell-super.com.jincheng.supercaculator.so,2,1,,not found
libStitcherLib.so,2,1,,not found
libVideoEnhancer.so,2,1,,not found
libFisheyePlayer.so,2,1,,not found
libqplatedetect.so,2,1,,not found
libNativeHelper.so,2,1,,not found
libmyssl.so,2,1,,not found
libsmprecord-lib.so,2,1,,not found
libqpd_ffi.so,2,1,,not found
libdetectNcnn.so,2,1,,not found
libgodSeesDebug.so,2,1,,not found
libQHVASessionJNI.so,2,1,,not found
libqhappnavi.so,2,1,,not found
libjoh14j.so,2,1,,not found
libNitroHaptics.so,2,1,,not found
libnative_water.so,2,1,,not found
libwego_czxing.so,2,1,,not found
libWgImageUtils.so,2,1,,not found
libBsPatchYwl5320.so,2,1,,not found
libnative_water_ime.so,2,1,,not found
libsqlite_vec.so,2,1,,not found
libentryexprointl.so,2,1,,not found
libhuawei_wallet_ca.so,2,1,,not found
libexocrenginehw.so,2,1,,not found
libblhttp.so,2,1,,not found
libxhsgraphicemobile_jni.so,2,1,,not found
libvexhm7.so,2,1,,not found
libsettinglib.so,2,1,,not found
librenderlib.so,2,1,,not found
liblibPrism.so,2,1,,not found
libyuvJni.so,2,1,,not found
libvpxEncodeJni.so,2,1,https://github.com/webmproject/libvpx,not sure
libmuseplus.so,2,1,,not found
libudxJni.so,2,1,,not found
libfiletransplus.so,2,1,,not found
libfiletransengine.so,2,1,,not found
libhitlog.so,2,1,,not found
libvpxDecodeJni.so,2,1,https://github.com/webmproject/libvpx,not sure
libyuv_youqu.so,2,1,,not found
liblibDurex.so,2,1,,not found
libmobesutilsec.so,2,1,,not found
libutilenc.so,2,1,,not found
libgcrash_dumper.so,2,1,,not found
libAxCrash_dumper.so,2,1,,not found
libdomain.so,2,1,,not found
libgcrash_jni.so,2,1,,not found
libAxCrash.so,2,1,,not found
libcubedebug.so,2,1,,not found
liblivenessdetection_v2.4.1.so,2,1,,not found
libx_booster_core_sdk_shared-nodbg.so,2,1,,not found
libvk_virtual_sdk.so,2,2,,not found
libturbonet.3.2.1819.4.so,2,2,,not found
libaudio_process.so,2,1,,not found
libbd_virtuallicense.so,2,2,,not found
liblocalirdb.so,2,1,,not found
libtiqiaa_blue_std.so,2,1,,not found
libtiqiaadev.so,2,1,,not found
libtiqiaautil.so,2,1,,not found
libpQmsUPThrzNOllzAfhrv.so,2,1,,not found
libiBovWdprZFlItpmxSFwy.so,2,1,,not found
libKrOvclhaLMKwhpVTeqjh.so,2,1,,not found
libmorpho_imagerefiner_jni.so,2,2,,not found
libduersr.so,2,2,,not found
libmorpho_ImageRefiner.so,2,2,,not found
libcrablite_native.so,2,2,,not found
libmorpho_camera_util.so,2,2,,not found
libNisqaNemo.so,2,2,,not found
libVocalNemo.so,2,2,,not found
libmorpho_Ldc.so,2,2,,not found
libsharememory.so,2,2,,not found
libmorpho_ImageRefinerUnpack.so,2,2,,not found
libmsd2pw5.so,2,1,,not found
libspeedup.so,2,1,,not found
libshell-super.com.julanling.app.so,2,1,,not found
libTidrwqEdZmqIutjwceFk.so,2,1,,not found
libKcINyNAPgZSZOIYWFQHH.so,2,1,,not found
libXJGSMMgsVDCrMzbVtmfd.so,2,1,,not found
libkp.so,2,1,,not found
libaapt.so,2,1,,not found
libffmpeg-native-lib.so,2,1,https://github.com/FFmpeg/FFmpeg,not sure
libffmpeg-swresample-2.so,2,1,https://github.com/FFmpeg/FFmpeg,not sure
libffmpeg-avutil-55.so,2,1,https://github.com/FFmpeg/FFmpeg,not sure
libcdGFQmdvvrYlzunTYwGS.so,2,1,,not found
libakeRxMmUKhKVTqxYfFPg.so,2,1,,not found
libJNIDemo.so,2,2,,not found
libshell-super.com.duoku.calculator.so,2,1,,not found
libWKGDI.so,2,2,,not found
libnetdisk-security-rand.so,2,2,,not found
libyuvconverter.so,2,2,,not found
libeve.so,2,1,,not found
libvastplayer.so,2,2,,not found
libBDPrecreate.so,2,2,,not found
libz1qk5hr.so,2,1,,not found
libcapem.so,2,1,,not found
libinitHelper.so,2,2,,not found
libwebrtc_lib_android.so,2,1,https://webrtc.googlesource.com/src/,not sure
libImageDecrypt.so,2,1,,not found
libyolotest.so,2,1,,not found
libmediasdk_common.so,2,1,,not found
libJniBtLib.so,2,1,,not found
libmediasdk_jni.so,2,1,,not found
libksmain.so,2,2,,not found
libwboxalg_crypto_tool.so,2,1,,not found
libwboxalg_crypto_tool_r.so,2,1,,not found
libaqfr1f6hmw.so,2,1,,not found
libDrClientLib2.so,2,1,,not found
libCC0000006840197900004FA472B4C507.so,2,1,,not found
libh8uuf.so,2,1,,not found
libapplypatch.so,2,1,,not found
libzs-probe-ping.so,2,1,,not found
libzs-local-x8.so,2,1,,not found
libzs-probe-ping-x8.so,2,1,,not found
libld-sdk.so,2,1,,not found
libcore-client.so,2,1,,not found
libstreamer.so,2,2,,not found
libwlc_lame_v3.100.so,2,2,,not found
libnllvm1655955547988782283.so,2,1,,not found
liblisten.so,2,1,,not found
libusprest.so,2,1,,not found
libusphimts.so,2,1,,not found
libusphimpcall.so,2,1,,not found
libusphip2p.so,2,1,,not found
libusphmeaudio.so,2,1,,not found
libusphip2pturn.so,2,1,,not found
libusphiimsend.so,2,1,,not found
libuspice.so,2,1,,not found
libnetwork-websocket.so,2,1,,not found
libsparkrtc-rtsa.so,2,1,,not found
libusphiwebsocket.so,2,1,,not found
libusplogin.so,2,1,,not found
libfncrypto.so,2,1,,not found
libusphishare.so,2,1,,not found
libusphimpp2p.so,2,1,,not found
libnetwork-api.so,2,1,,not found
libusphimsn.so,2,1,,not found
libusphibase.so,2,1,,not found
libkeyindexlib.so,2,1,,not found
libuspstun.so,2,1,,not found
libusphirtx.so,2,1,,not found
libnetwork-hwhttp.so,2,1,,not found
libusphttp.so,2,1,,not found
libuspwatcher.so,2,1,,not found
libusphitrace.so,2,1,,not found
libmir.so,2,1,,not found
libusphintpp.so,2,1,,not found
libusphitun.so,2,1,,not found
libusphirich.so,2,1,,not found
libhuawei-securec.so,2,1,,not found
libuspprotocol.so,2,1,,not found
libuspbase.so,2,1,,not found
libusphifts.so,2,1,,not found
libboringssl.cr.so,2,1,https://github.com/google/boringssl,not sure
libperspectivetrans_1.0.2.so,2,1,,not found
libusphidec.so,2,1,,not found
libusphisignV3.so,2,1,,not found
libusphmevideo.so,2,1,,not found
libusphiconnector.so,2,1,,not found
libusphiStory.so,2,1,,not found
libhrtsa_sdk_wrapper.so,2,1,,not found
libwearclonecard.so,2,1,,not found
libskeleton_1.0.2.so,2,1,,not found
libusphisign.so,2,1,,not found
libusphiimsync.so,2,1,,not found
libusphiuser.so,2,1,,not found
libusphichannel.so,2,1,,not found
libuspmedia.so,2,1,,not found
libusphiquic.so,2,1,,not found
libusproom.so,2,1,,not found
libusphicall.so,2,1,,not found
libusphiact.so,2,1,,not found
libusptls.so,2,1,,not found
libusphicfg.so,2,1,,not found
libmright.so,2,2,,not found
libshell-super.cn.paperang.mm.so,2,1,,not found
liblld-jni.so,2,1,,not found
libPaintLib.so,2,1,,not found
libcolormanager.so,2,1,,not found
libAudioLib.so,2,1,,not found
libcl3c7u.so,2,1,,not found
libDNS.so,2,1,,not found
libxpt_enhancer.so,2,1,,not found
libxptsdl.so,2,1,,not found
libxptffmpeg.so,2,1,https://github.com/FFmpeg/FFmpeg,not sure
libSR_Difference_Algorithm.so,2,1,,not found
libxptplayer.so,2,1,,not found
libwxqrcode.so,2,1,,not found
libWatchLog.so,2,1,,not found
libxptp2piot-lib.so,2,1,,not found
libxptclientiot.so,2,1,,not found
libaudio_enhancer.so,2,1,,not found
libiotmqtt.so,2,1,,not found
libSxjzYaEXXuMhYkZfSiqK.so,2,1,,not found
libCbDgudKXhLMMERAshyaY.so,2,1,,not found
libdITwMmPZGKWhHRvmlIZv.so,2,1,,not found
libSRPAIExt.so,2,1,,not found
libPandora.so,2,1,,not found
libSRPAIMate.so,2,1,,not found
libSRPAI.so,2,2,,not found
libglide_ttheif_dec.so,2,1,,not found
libedge-algorithm.so,2,2,,not found
libsmartnetwork.so,2,2,,not found
libJPEG-LIB.so,2,1,,not found
libfastpngencoder.so,2,1,,not found
libicu_lark.so,2,1,,not found
libappmonitor.so,2,2,,not found
libglide_heif.so,2,1,,not found
liblark.so,2,2,,not found
libFTOTPMobileAlg.so,2,1,,not found
libxnbnc-x86.so,2,1,,not found
libxnbnc.so,2,1,,not found
libInsightWrapper.so,2,2,,not found
libzeusEngine.so,2,2,,not found
libredffmpeg.so,2,2,https://github.com/FFmpeg/FFmpeg,not sure
libproduct_multimodalcamera.so,2,2,,not found
libblox_plugin.so,2,2,,not found
libbloxwrap.so,2,2,,not found
libky_active_server.so,2,1,,not found
libactivate_jni.so,2,1,,not found
libshell-super.com.julangling.xsgjz.so,2,1,,not found
libCBSLteCommon.so,2,1,,not found
libHole.so,2,1,,not found
libCBSClient.so,2,1,,not found
libiot.so,2,1,,not found
libxxtea.so,2,1,,not found
libpubgm.so,2,1,,not found
libwZNDLRbmSBvbvOKKbuuE.so,2,1,,not found
libvhWCXagdKTDSyjlkQhcM.so,2,1,,not found
libyXusZTRgeToGMLFIjAoc.so,2,1,,not found
libreact_codegen_rngesturehandler.so,2,1,https://github.com/software-mansion/react-native-gesture-handler,not sure
libsf_ncnn.so,2,1,,not found
libsf_signverify.so,2,1,,not found
libtc_crypto.so,2,1,,not found
libsecurity_master.so,2,1,,not found
libchangeSound.so,2,1,,not found
libvmos.so,2,1,,not found
vmos_start_sh.so,2,1,,not found
libjnitest.so,2,1,,not found
libabopus.so,2,1,https://github.com/xiph/opus,not sure
libjl_vtool.so,2,1,,not found
libjla_v2.so,2,1,,not found
libef7d69542_v10110_aee.so,2,1,,not found
libjl_audio_v2.so,2,1,,not found
libkey_jni.so,2,1,,not found
libwebrtc_audio.so,2,1,https://webrtc.googlesource.com/src/,not sure
libaBeBKqmQOdsWFAYSAvCm.so,2,1,,not found
libXiAVLhsHgcYgtXazkLCx.so,2,1,,not found
libnUxGhHjvzlPUpArDsfUu.so,2,1,,not found
libRDzZsRznRRpFiHnWDoXj.so,2,1,,not found
libtddevicefingerprint.so,2,1,,not found
libxwzo659e.so,2,1,,not found
libkof.so,2,1,,not found
libhgjf.so,2,1,,not found
libn23av7uid.so,2,1,,not found
libnaHpRlGgTkzLXVPIXdxs.so,2,1,,not found
libBuorpAcdoqYfSWpaTmGa.so,2,1,,not found
libvDNvDFoILgwfsSYfQbDV.so,2,1,,not found
libuwfqu.so,2,1,,not found
libepocr_camera.so,2,1,,not found
libepocr_core.so,2,1,,not found
libindex1.0.13.13.so,2,1,,not found
libcxtdiff.so,2,1,,not found
libnearmelog.so,2,1,,not found
libqad_core.so,2,1,,not found
libindex3.0.1.so,2,1,,not found
libcfcaSepMLog.so,2,1,,not found
libiProtectCJCCB.so,2,1,,not found
libInfoSDK.so,2,1,,not found
libJCJIndex.so,2,1,,not found
libmzffmpeg.so,2,1,https://github.com/FFmpeg/FFmpeg,not sure
libmzplayer.so,2,1,,not found
libmzndkbitmap.so,2,1,,not found
libmzsdl.so,2,1,,not found
libreact_codegen_NativeBridgeSpecs.so,2,1,,not found
libpuzeNative.so,2,1,,not found
libCcallJava.so,2,1,,not found
libhxpatch-lib.so,2,1,,not found
libhssign.so,2,1,,not found
liblibbzip2_support.so,2,1,,not found
libsnappyjava.so,2,2,https://github.com/google/snappy,not sure
libahutil.so,2,1,,not found
libgmutils.so,2,1,,not found
libindex3.0.4.so,2,1,,not found
libfvtengine.so,2,1,,not found
libda2-slim-risk-v1_3_3r_e9962ffb.so,2,1,,not found
libfhcrypt.so,2,1,,not found
libfvt_video.so,2,1,,not found
libfncore.so,2,1,,not found
libdxmUpdate.so,2,1,,not found
libreact_codegen_NativeTurboModules.so,2,1,,not found
libClientData.so,2,1,,not found
libJniKeyData.so,2,1,,not found
libsosop.so,2,1,,not found
libsosop-x86.so,2,1,,not found
libctpk.so,2,1,,not found
libnativeplugins.so,2,1,,not found
libdexjni1770275381.so,2,1,,not found
libnativersa.so,2,1,,not found
libapexlicense.so,2,1,,not found
libtzyk_encrypt.so,2,1,,not found
libagfgr-x86.so,2,1,,not found
libBengine.so,2,1,,not found
libagfgr.so,2,1,,not found
libdexjni1770262733.so,2,1,,not found
libksatraderapi.so,2,1,,not found
libksatraderapi_wrap.so,2,1,,not found
libllmplayer.so,2,1,,not found
libnllvm1761297033310.so,2,1,,not found
libsecureconstant.so,2,1,,not found
lib06d72608-e1b8-4177-b252-62c2b95e0cc3.so,2,1,,not found
lib8e067208-0f1c-41f4-9a60-de2e78b4291e.so,2,1,,not found
lib26f8740b-176c-4e1f-bcbd-380afc380896.so,2,1,,not found
libdd4b8e68-2b6a-4bfc-a02e-da66b585a6c3.so,2,1,,not found
libc4189d98-90f5-4193-b418-79f020dd5670.so,2,1,,not found
libebe6eca5-3622-4d4f-997c-4545424bd06f.so,2,1,,not found
libc467b112-03c0-42ff-a37d-5b32e9b00c94.so,2,1,,not found
libe2a8bb85-4314-4731-b527-dcd41cfc6eb8.so,2,1,,not found
lib2b4c081c-b84b-49ef-a4f2-c377d52b4193.so,2,1,,not found
lib9f87b662-d2b4-4ebd-a11f-114c4d3c7aa7.so,2,1,,not found
lib6eb37287-9041-4660-a98e-98197febd4cf.so,2,1,,not found
lib7737d9e9-b80d-4f5f-99be-7bd4f0376f00.so,2,1,,not found
libe2bc3b18-305b-4272-8f66-d46a545d33c7.so,2,1,,not found
lib65188ca9-4395-4aee-8b23-c3220c1a6d63.so,2,1,,not found
lib98f7a7cd-c822-4997-a0cc-8f5da9835289.so,2,1,,not found
libb97e7160-94d0-4978-958c-f2695da64a3c.so,2,1,,not found
lib5c0aadb5-4cd6-49ba-b8b4-0ec2d6f8cdb2.so,2,1,,not found
lib76d2503a-0c3e-4d97-80e2-ca5090174af8.so,2,1,,not found
lib427a7479-0a91-4c56-91b9-b604ef78eae0.so,2,1,,not found
lib53047dc4-0481-4ff1-8e62-4b99f3872d4b.so,2,1,,not found
lib8ac231b9-099a-441c-ad03-a1fbd38bc518.so,2,1,,not found
lib4e7496aa-4b7e-4a38-8c9a-9387159db4a7.so,2,1,,not found
libe9158c4c-7576-4b95-95c2-dcaf9a65af08.so,2,1,,not found
libb183708e-c3cb-4a9c-a818-aeb311204505.so,2,1,,not found
lib3c0954a6-55ae-45d3-af6f-15f98aae127f.so,2,1,,not found
lib5cc3a639-1a65-4702-aaf5-d5e802eac147.so,2,1,,not found
lib12f10119-1b9e-4229-82d9-898ea54a428c.so,2,1,,not found
lib6f2c2014-1738-4e18-b056-76b3ae90792d.so,2,1,,not found
lib2ad6e665-c82b-4edb-a784-1df24b2eeaf2.so,2,1,,not found
lib734a1003-3dab-47cf-943d-c09f3a54b59c.so,2,1,,not found
libe7ea3ac7-a830-4809-97ad-d8043cc56e45.so,2,1,,not found
libcc44e9f0-d5bd-4730-aa5c-77b0f91b2a9c.so,2,1,,not found
lib74453022-fdbe-4592-9061-2cb5e5bdb6c0.so,2,1,,not found
libb7b1ed36-ad22-4071-94d4-513e5bf72a11.so,2,1,,not found
lib13ea45b9-cd7b-4e57-8ba7-ad780f20b686.so,2,1,,not found
lib78ee4e68-76c6-4804-9fd8-97bc04a4674e.so,2,1,,not found
lib0948e32e-6bd6-429a-a173-23dfedf83367.so,2,1,,not found
lib63b56728-df67-48d2-ad47-772c3f0e5a1a.so,2,1,,not found
libbe667c27-ddea-4f71-9880-f4b77dcec832.so,2,1,,not found
lib19150702-d3ff-479d-957d-d4e78508e937.so,2,1,,not found
lib5323e904-3f28-447a-a08a-ca282c39fc0f.so,2,1,,not found
liba6aef5b9-518d-4c67-8af8-89420791c9bb.so,2,1,,not found
lib0c7820b0-3a0b-4146-89b7-35e48b8c0b7f.so,2,1,,not found
lib29d11395-dd70-435b-8143-637e7a02f378.so,2,1,,not found
lib656e133c-caa7-4552-a6b0-30a7968adaf8.so,2,1,,not found
lib30616067-ea6b-441a-adb4-047144595525.so,2,1,,not found
lib76fde766-5ef7-43dc-861f-ad6697e465cc.so,2,1,,not found
lib455ff145-fba2-498f-8fc8-0d06d5998adf.so,2,1,,not found
lib20204b2b-a010-41ea-a997-cf5fb29ba4c1.so,2,1,,not found
libf2d7bc2e-dd45-4307-a07c-c17a4dbe78a3.so,2,1,,not found
lib7769da97-345e-439b-b94c-7ada51a78356.so,2,1,,not found
lib4feb101d-2ca2-498a-8e4d-2e4fb2873814.so,2,1,,not found
lib529eab2b-9594-4cd8-8db6-2359e5018454.so,2,1,,not found
lib3b93bd55-d340-4010-921f-91074f08265f.so,2,1,,not found
lib04883fe6-7f7d-48f6-aa13-95c4c986e1f5.so,2,1,,not found
libb7325875-18bd-4665-a1fe-f8dac53c6968.so,2,1,,not found
libbbff191e-a2b2-45a7-94ed-95c3ecbcc0e3.so,2,1,,not found
lib59981fe0-1b1e-4f9c-b518-66560705eb6b.so,2,1,,not found
libd9f8d705-6d7e-496c-b756-a947ce4be85d.so,2,1,,not found
libfeeb4d0a-825a-4036-b0cd-09db7d727fb7.so,2,1,,not found
libaa231fe7-5499-4fa9-a397-64fed9967ef2.so,2,1,,not found
libb5b7c7ff-8b96-4b10-be6e-c14395fd78c4.so,2,1,,not found
libf76a22a9-0751-49f8-b23d-7e51c9d296ef.so,2,1,,not found
libe4098359-167d-4491-a0f3-326f1a14ac06.so,2,1,,not found
lib2a2852f5-22ac-4b8d-a867-defbe053b815.so,2,1,,not found
libd2ef9b70-4a83-4b9a-831e-da2726108463.so,2,1,,not found
liba0b7522e-422e-4487-a4d1-4cefb63ab815.so,2,1,,not found
lib5a3baae0-9cb8-4ce5-b4bd-6c2fbc10b2e4.so,2,1,,not found
lib45d97c2e-3143-4639-9b28-29161338871b.so,2,1,,not found
libfb5fbc2a-94cd-46ff-862b-8bde566847ec.so,2,1,,not found
lib3e1a3a7c-3e2b-4f6f-ace5-79e2674cffd9.so,2,1,,not found
lib194015be-7ee3-4674-8ed8-89cc07675398.so,2,1,,not found
lib6f0d5af8-8fee-47d5-a2ad-d5b16cf2c4e9.so,2,1,,not found
lib667f61db-e8ba-4283-a4ae-b858284f5af8.so,2,1,,not found
lib5a975f8b-923a-4792-ab8f-c94fe0f056b6.so,2,1,,not found
lib729db8f6-e042-415f-b805-84ea22cf7f06.so,2,1,,not found
lib93fdd93c-dd23-4f5b-a290-b9cfce5c1b75.so,2,1,,not found
libcb7a57ce-5f95-4226-9c26-e54537478529.so,2,1,,not found
lib28f4caee-2551-4a42-a9b9-f3ed06095a21.so,2,1,,not found
lib0458bba0-1bee-467e-9ffe-7e9a5727f2cd.so,2,1,,not found
libfd954fa8-060d-40a8-a32d-233aa905f234.so,2,1,,not found
lib14f4677a-a4f0-4629-bda1-8f5ec1fcccd7.so,2,1,,not found
lib60f061e6-9c09-42a4-ba3b-acc8588b89cd.so,2,1,,not found
lib3d0e98d5-3920-4bb8-87e5-ecddf245a5a4.so,2,1,,not found
lib21133a7c-e895-4583-ba76-33070a4cb61b.so,2,1,,not found
lib39462a8a-d307-4efe-a047-8c1655a8c848.so,2,1,,not found
lib582cffa5-3487-40f3-a063-cb12a7736bbb.so,2,1,,not found
libd23fcd11-6758-48c3-aa60-ad90d041d692.so,2,1,,not found
libe8f9cafa-0911-4495-af29-9ec481d44e49.so,2,1,,not found
lib8476c318-c4b7-4e44-954c-e0d667c4a437.so,2,1,,not found
lib622bb154-09b9-483d-8a5f-678cd511b4e5.so,2,1,,not found
libeea4fdf6-472d-4188-93b0-1a6c0a23bc7a.so,2,1,,not found
lib3a0940e9-160f-4d24-98bb-ae095685bdd2.so,2,1,,not found
libfb152506-aa7b-474a-9e25-f88032324905.so,2,1,,not found
lib61e5371d-695f-4591-beab-050ee65471fe.so,2,1,,not found
lib94da9520-7960-433d-8655-82815b556a2c.so,2,1,,not found
libd5295a03-0bd3-4190-90c3-0f4c037ab45d.so,2,1,,not found
libc0e02b07-daec-4c24-a0fe-a7723e5340ff.so,2,1,,not found
lib86da64e9-d4e0-4a2a-b3ad-35a94837d4be.so,2,1,,not found
libf3a6b403-ba7e-42b6-942e-b1c788c38bde.so,2,1,,not found
lib8568f882-d8e8-4708-8c06-aad7a9f451b7.so,2,1,,not found
lib6db682f5-586b-4379-9bc5-3e41d29b3e5e.so,2,1,,not found
lib3de350a6-b608-48a2-9c16-bf614c9a5a95.so,2,1,,not found
libac859d87-dc8c-49e4-9b56-0395dc1c8b63.so,2,1,,not found
lib2c4c2505-b4bc-4366-9b06-5f5b3c46bc9d.so,2,1,,not found
liba5f5530e-90cd-4019-8c8d-73bccff802ac.so,2,1,,not found
lib5a7ffe1a-04d0-459e-aea8-da118a90611b.so,2,1,,not found
lib82e8ba2e-98f7-4cb3-b280-a7e1fbb68571.so,2,1,,not found
lib80d2efc7-5f8e-4462-aecb-4625c52866d2.so,2,1,,not found
lib139cc39c-3a8f-4c2a-a6ab-b422a7b5e808.so,2,1,,not found
lib2fa6f9f7-c0d5-46b6-9ecb-bce98dcc1ab6.so,2,1,,not found
lib0ba51370-c90e-4ff5-812e-c9f4d63a8fe5.so,2,1,,not found
lib7b7dc368-ce2b-43a3-8f35-a988b21a5b7d.so,2,1,,not found
libbcb73801-a7cd-473b-b3c0-286dae408af2.so,2,1,,not found
lib381e6e7b-0687-499c-b694-6f67cd59903b.so,2,1,,not found
lib1058a1e9-3686-4a01-a77e-a78f78a9fa8d.so,2,1,,not found
lib0be42486-e9f3-4328-a63e-5bcd419af53b.so,2,1,,not found
lib55411348-c701-493f-bb5f-595a5c0b1c92.so,2,1,,not found
lib10b84026-c56a-43fd-ab95-674a5dfbee69.so,2,1,,not found
lib479c8c8f-acfc-4f56-bfe9-3f3d844cf02d.so,2,1,,not found
libd73065b6-31a4-4d96-b873-c458f0bbff53.so,2,1,,not found
lib3d6038a8-388f-4c28-aa98-a409c3656b53.so,2,1,,not found
lib0703845d-a529-423b-80ad-49feab86b0ab.so,2,1,,not found
lib65e3f07b-e682-471d-a97b-ed4fd23a0d36.so,2,1,,not found
lib7e5ca0bb-e83a-4ca4-aa71-f841496bc842.so,2,1,,not found
lib8e1cbfba-5496-41bd-96c1-77d813310164.so,2,1,,not found
lib8f19765b-63f8-4a3a-bcd3-5eb1cfa39ebf.so,2,1,,not found
libc8a98078-af4e-45d3-a74d-a239ca6eaa88.so,2,1,,not found
lib9671d534-6c69-46b3-8995-6009a10f4eb0.so,2,1,,not found
lib2ae65cb1-2733-4799-8bbf-f6af9e1fb9a0.so,2,1,,not found
lib48a0cfc6-6de0-45d7-9fc6-906c52d621f6.so,2,1,,not found
lib921ea014-e4e0-4337-bea9-85753ffeaaf6.so,2,1,,not found
lib6c209e41-7ba2-46d4-9924-fefe7142e9df.so,2,1,,not found
lib7ce963c8-fba5-41d1-8a36-e3cafcda7551.so,2,1,,not found
libe93aca36-a888-44f7-9ce8-3a2003e5bbb6.so,2,1,,not found
lib70f80cff-7b19-4007-a366-2578f8266147.so,2,1,,not found
lib49572138-9443-4cf1-8ecc-af332cf5c557.so,2,1,,not found
lib234bd866-ec41-4ec9-8286-67c9f94efb68.so,2,1,,not found
libd53bbf82-0633-43f1-a332-78d060eb8d85.so,2,1,,not found
lib11725b03-9afb-40ed-b370-4b7d418efab4.so,2,1,,not found
lib463cde50-dd67-49f6-80a8-c987e362e9fd.so,2,1,,not found
lib706fa376-da7b-4481-b507-fb31eaf373cd.so,2,1,,not found
lib70124a98-0689-421d-9e2c-040f24234870.so,2,1,,not found
lib968d48cc-e171-4101-9cc1-7bdef471a228.so,2,1,,not found
libb2ec01c1-2ed3-45f6-aa07-e5b72f4915c5.so,2,1,,not found
libsfeALG-lib-jni.so,2,2,,not found
lib228dda62-5a1d-4110-aa28-23def0ebcc9e.so,2,1,,not found
libd91e7404-ab6c-48ed-83f8-5a35125521ea.so,2,1,,not found
lib2ffb478a-c495-4cac-ad94-2a0307a753c1.so,2,1,,not found
lib40bbd548-a65a-4989-9930-c101717cb166.so,2,1,,not found
lib990ae0c6-44c9-431f-b8fd-ead428d12da6.so,2,1,,not found
lib03f0067b-e6ff-42f2-9297-0a3cef57a81a.so,2,1,,not found
libd7a4d0ab-ab77-42e6-af5a-628468c0801f.so,2,1,,not found
liba4a7e453-d858-435c-879d-b585b0bf2cba.so,2,1,,not found
lib7ef3a903-a14d-4deb-bb87-8671ceaa1f3d.so,2,1,,not found
lib3f2f5558-36ae-40f0-8ef5-f2b8122bc09a.so,2,1,,not found
lib8476ec5d-4234-4c0a-a96d-7a532f6cfc11.so,2,1,,not found
liba8a93bfb-d035-47d8-841d-b3714a8f9e66.so,2,1,,not found
lib7c875f2d-e4ab-472f-875f-7d1393f34d1b.so,2,1,,not found
lib8a001a55-4e04-42c1-a83f-48042e058ff4.so,2,1,,not found
libee8bd3a5-9413-4563-9665-c6c3175c4bd6.so,2,1,,not found
lib832ce030-a527-4d10-bdea-ad6946c0c0b1.so,2,1,,not found
libb160b21a-70eb-4e59-87a5-75621f8e11c3.so,2,1,,not found
lib1f01eaa2-ebb1-440a-bf40-11d4082d218b.so,2,1,,not found
lib4dfc9014-4eec-4447-a84e-cb0630cc2688.so,2,1,,not found
lib7092b732-3d3e-4542-a440-1a573d3b5ff3.so,2,1,,not found
libd0568c52-f8ff-44cb-82d0-a548abc429f1.so,2,1,,not found
lib34c5fe8c-71e6-4da3-91e4-b6fe671a8f42.so,2,1,,not found
liba578852e-4c68-4733-b12c-48a0a648a7fb.so,2,1,,not found
libac3d30a0-6340-4b7d-8b23-bf95d81f485c.so,2,1,,not found
lib509077be-b9e0-43ec-8db0-30f7fe9cfdc6.so,2,1,,not found
libafa0f730-21ac-498e-9362-21a99a840097.so,2,1,,not found
liba7429881-cde9-4495-8ddf-834813b366ef.so,2,1,,not found
lib9ba15c3b-db97-4b7a-b11c-1ca3b7c489df.so,2,1,,not found
lib54e8b76e-0bfd-426e-9598-dbbbf54c5bfd.so,2,1,,not found
liba8f5f629-a1f1-4a15-ba8c-0d98b8b03fff.so,2,1,,not found
lib79a1ea78-2de7-4448-8515-6b75e02a60da.so,2,1,,not found
lib5b3aabec-dbe2-4b56-a1cc-b0ba7be7c8ab.so,2,1,,not found
libf3be1328-8241-4e3c-80a9-7ab785c1c6e1.so,2,1,,not found
libac3ac13a-75dd-4b33-b3b8-a1f9d56d5ee3.so,2,1,,not found
lib260d5297-c454-4d3b-a6fb-a82736c63638.so,2,1,,not found
libedd0e637-e342-49bc-a74c-4b3fa5a57ce5.so,2,1,,not found
libff70a93e-7973-4368-97a9-eb222e4ed156.so,2,1,,not found
lib3f4626c6-0b38-4480-81dd-c970c60cd9cf.so,2,1,,not found
lib7509f280-a19b-41f2-9e3c-cdc2765780a1.so,2,1,,not found
libb46de40e-5ea7-4e39-a830-aca9e19d7743.so,2,1,,not found
libfcanvas_jsi.so,2,2,,not found
libde80e311-9754-45ad-9c56-b81a59917164.so,2,1,,not found
libda40adb1-eff3-4aa1-984c-cdf5c925a6b0.so,2,1,,not found
lib5ae6eee3-8c72-4d6d-9174-3bf3ef2dd57b.so,2,1,,not found
lib445ae5f6-4eb6-467f-8ed8-232776c1ff80.so,2,1,,not found
lib8c9e3762-f1b3-40c8-99a7-9752a561106c.so,2,1,,not found
lib1e1f7cc9-26dc-4844-8fd8-2517e28c53b9.so,2,1,,not found
lib538f47ea-64aa-4396-8ca9-fc4825cccb1d.so,2,1,,not found
lib73933288-79d7-4432-9716-036e2e5020e0.so,2,1,,not found
libb520a5aa-a95a-4bcb-8d85-fd80674dff66.so,2,1,,not found
libdb1f9db6-298a-4e60-a7a2-0148f4a86f57.so,2,1,,not found
lib473236dc-46c4-487a-8a62-aaec9aa8daab.so,2,1,,not found
liba410327b-aa6d-43a2-8a9e-b5ab46e1b0c1.so,2,1,,not found
lib4f042f14-c296-483e-9b0a-6ff5bc7569e2.so,2,1,,not found
lib12a01ce0-1560-4262-a16b-b1ebd6e74b32.so,2,1,,not found
lib48c038cd-4ef3-4c55-a922-1ceb8dd86194.so,2,1,,not found
lib4d6aee35-79c1-417f-babb-32b90bbd545a.so,2,1,,not found
libd912cd7b-6b26-4a4a-98f4-d9b53f930245.so,2,1,,not found
libd3984cdb-fe0c-42bd-83d2-253326390160.so,2,1,,not found
lib67adaf02-b17b-4c21-bbb4-54eca71a7ed3.so,2,1,,not found
libcebfa8aa-c45e-4763-ba83-83bca9fdeadb.so,2,1,,not found
lib8263340a-3ed2-4e15-a4a3-c616f12fdf2f.so,2,1,,not found
lib7ee34d2d-f257-4304-9c75-10ae244e9188.so,2,1,,not found
lib45939ca8-bb6e-4b51-a6c6-438cdeb234fa.so,2,1,,not found
lib57cf5f3f-4a37-45ae-8386-15e4cc3995fe.so,2,1,,not found
lib729fa4c2-9636-4b02-9d4d-105c469e71c1.so,2,1,,not found
lib66de2ac3-dae5-40bb-bdda-7bc572789f48.so,2,1,,not found
libc7712f5e-6860-4d96-a837-67a81d03286b.so,2,1,,not found
lib09c3066d-abc2-4e8b-8d75-77dd85b31f44.so,2,1,,not found
libb34318d9-d609-47c5-bb35-760c1527009e.so,2,1,,not found
libb94af34e-774e-404e-b853-75a54fb9fb80.so,2,1,,not found
lib46ee1c5f-3ee7-492b-8f0d-3ab7ec7c0607.so,2,1,,not found
liba005693e-d96a-4b33-8617-fd8757993763.so,2,1,,not found
lib745a0fa5-d398-4b95-a362-15e9a6260cd4.so,2,1,,not found
libfc356d11-0a93-469a-8ffe-445c3fb6d58f.so,2,1,,not found
lib48ddccd7-4b1b-483e-a1ab-04091118c216.so,2,1,,not found
lib1e413dea-15ed-4fda-af58-89ce19f45211.so,2,1,,not found
lib0cc24914-b42b-41ea-871d-ea093ecff9dc.so,2,1,,not found
libebd8f1e8-c6e5-449d-86dd-91f6405a573c.so,2,1,,not found
libd4ac8697-e3e6-4973-8c0f-2a1e066b7161.so,2,1,,not found
libccf78b69-6ffb-4d08-97c5-2dc86bba87ea.so,2,1,,not found
lib1d994785-05ef-4b54-821a-478323be552e.so,2,1,,not found
lib96cd56c8-3556-43d8-ad0e-56b0547797eb.so,2,1,,not found
lib2e86832b-a3ec-42f8-8b40-a90725793e1f.so,2,1,,not found
lib7f3ce052-8f31-4ca8-b2e6-a002bef9bc07.so,2,1,,not found
lib962f5d3c-bb8e-4df3-8145-1cfa1086dd8d.so,2,1,,not found
lib36910606-9654-4b2a-b840-9935a137ae7f.so,2,1,,not found
lib158db0bc-9587-45c0-a5ea-74c362aad45e.so,2,1,,not found
lib7be779e6-dac6-4da3-b812-0a0222b08700.so,2,1,,not found
libbe1fad8b-7fea-4137-94d7-af88a96c094e.so,2,1,,not found
lib6a5f8857-81dc-47cc-b643-87c876b2984d.so,2,1,,not found
lib574ca4b4-c459-49c3-85c9-1cfc7fa69d1a.so,2,1,,not found
lib3aae223c-f486-4281-83c7-83c4de6fbe04.so,2,1,,not found
oppo_game_service_202711.so,2,0,,not found
libnative-cube-lib.so,2,1,,not found
libcube-lib.so,2,1,,not found
libae82d278-e621-4ced-b4d8-37278e1874df.so,2,1,,not found
lib9cfdcc12-7330-47f6-95e8-b46370746985.so,2,1,,not found
lib52db4274-0c6f-44de-bc18-d123eea81eec.so,2,1,,not found
lib084c0ac0-b56d-40bd-85d3-221f778a0538.so,2,1,,not found
lib02936df3-1cff-4bc5-8ee8-2f7948db82d9.so,2,1,,not found
libc4337046-857f-4e99-8d51-bcb69bf3b03a.so,2,1,,not found
lib02007692-097f-42bb-b1da-eacb8003fe13.so,2,1,,not found
libfa50704a-c7f7-47cd-a0b4-e0e16c5524b3.so,2,1,,not found
lib32b56b75-f46a-496d-95c2-59ffaae571c2.so,2,1,,not found
lib54985e22-86f0-4d7a-9c59-9a4b66c13189.so,2,1,,not found
lib2ed44298-e01e-4843-ae7a-f82e4c0ff07d.so,2,1,,not found
libe868f1d4-37ae-45a5-98a8-08e15bcfbcbc.so,2,1,,not found
lib9f8cf4b8-2550-481e-a4b5-df1c077194d7.so,2,1,,not found
libe6de4926-83d2-4f29-bb22-0a67ef617632.so,2,1,,not found
libeeb65dff-dbea-480a-bef7-10457d2a646b.so,2,1,,not found
lib934bfea6-9c6d-44ab-aec1-98d6d14f1c25.so,2,1,,not found
libd6d03345-7386-4f42-bee0-e14637f0ab63.so,2,1,,not found
libe694c459-378a-4d4a-9891-c2e68e6ee02f.so,2,1,,not found
libb192af31-894b-42eb-8f74-757a4f9036cf.so,2,1,,not found
libbb2557df-f2c1-41ed-8689-ee1fb8b5d4ff.so,2,1,,not found
liba6a235b8-baf7-4469-83f2-a72de61876c9.so,2,1,,not found
lib55c5a21d-f8ca-4aa3-b473-92e3e6c228af.so,2,1,,not found
libbacktrace-native.so,2,1,,not found
lib38d090db-5437-45a9-9242-e92a977db1d4.so,2,1,,not found
lib79490b64-fbf6-4529-a567-df41a58b2f5f.so,2,1,,not found
liba05bbbb2-5fcd-428e-b248-93d128fa96e7.so,2,1,,not found
libb5f379a1-09b2-4b0c-9b8a-4dbe8fa07b01.so,2,1,,not found
libaa48536d-8847-4084-b1f2-6d0dc630a9b5.so,2,1,,not found
libd110853a-de8f-4ebf-b715-4c9163c12657.so,2,1,,not found
libfa3f8ab9-bbe5-4cf8-9e0b-bab84da28ccc.so,2,1,,not found
lib28d195ec-0708-4358-936d-4757807806fe.so,2,1,,not found
lib8d104396-d111-40db-99b7-0db94597c199.so,2,1,,not found
lib364a13dd-ca9f-4890-986e-6ad94c7340fe.so,2,1,,not found
libdf6e6e7c-3b11-4a76-9207-d6d248b5f03b.so,2,1,,not found
lib4c0c4e50-359c-454b-a90f-1c6662d0cf0c.so,2,1,,not found
libbb6ef6a4-6876-45c3-a967-84706a11ca0c.so,2,1,,not found
lib6bc7df73-4f0b-41c9-9a79-7ee35d103635.so,2,1,,not found
libef2b9de1-39c8-49d9-9007-4db22b965eb0.so,2,1,,not found
libeda370eb-e4da-47db-9922-d1cc8cef22fa.so,2,1,,not found
lib358e8941-ffbf-4908-8116-4a03e870de20.so,2,1,,not found
libbea37114-d944-472e-adcb-bc4bda851a46.so,2,1,,not found
libf9be6b47-75dd-44ab-87a8-3224f8933c05.so,2,1,,not found
lib4d3c583c-b961-4a8d-844f-30a2ac4318da.so,2,1,,not found
lib22138829-61ec-47bf-8adf-536a9c2deedf.so,2,1,,not found
lib4cbb26cf-b979-4216-a485-f6f37b183716.so,2,1,,not found
libac69b424-ca38-490c-ad19-588ac8565f50.so,2,1,,not found
lib60829499-aef7-4311-bcee-864f03b2d061.so,2,1,,not found
libca1798b6-f7d8-48a6-bf4b-d5f226f13353.so,2,1,,not found
libCryptorFile.so,2,1,,not found
libImgFun.so,2,1,,not found
libunicodec.so,2,1,,not found
lib1d089243-9188-42e2-888b-c1d4aed25e77.so,2,1,,not found
lib57e09ba7-815f-45cb-86c9-875ae3f8f972.so,2,1,,not found
lib0f85ca1e-c6b2-407c-983c-d5592c05965c.so,2,1,,not found
libc9977791-9ba6-4846-8c20-c1dd7dab0b98.so,2,1,,not found
libebdb66b3-8287-4d6d-abd1-ecc8b19b800a.so,2,1,,not found
libc01ce97c-2503-4ae6-85f1-d702878ddbea.so,2,1,,not found
libee694bd6-cfd8-40f3-a3fc-f41ca1dcd4ff.so,2,1,,not found
lib2d2f16c3-da49-4107-aa12-cec90d493953.so,2,1,,not found
libf677d2a5-0728-41e7-a2bd-20a6b18c7027.so,2,1,,not found
lib05f74195-32bf-4fb1-bf15-faef8d2e62ca.so,2,1,,not found
lib5dcb70d0-c66b-499b-a424-e20c70a4b43c.so,2,1,,not found
lib5741f814-3e31-46af-a761-77db1ba1b0bf.so,2,1,,not found
libf7fc65d9-0c3b-48de-9eb0-664c03b6d31d.so,2,1,,not found
lib346b20ed-d051-4bc1-b3bc-f60512f7fd26.so,2,1,,not found
lib75e70e61-6499-48a6-9869-3d104316c16a.so,2,1,,not found
lib5b2b55f6-5068-4d5d-b1d8-b672e6907f2a.so,2,1,,not found
libf9b63791-cffb-410f-9fdb-4f960f615405.so,2,1,,not found
libb5637693-b725-4aff-80e3-e04ab0539122.so,2,1,,not found
lib541edf71-7cae-4853-ac58-246349e186b6.so,2,1,,not found
lib17d7925b-75bf-40cc-8bdc-2505c1bf0980.so,2,1,,not found
lib14f4fb39-0bd2-4227-a772-843f63bbb7c3.so,2,1,,not found
libb1873683-7c86-40c0-bad3-0123c027268f.so,2,1,,not found
liba780f6af-410b-4b42-ac06-61226a2a4942.so,2,1,,not found
libbe81651b-6120-4088-a35c-c5f4869c4aab.so,2,1,,not found
lib6f88076d-e993-4ff0-a4da-e9accdbbf669.so,2,1,,not found
lib0e4a39be-50ef-45ce-894d-12670144cfa1.so,2,1,,not found
libc54288c2-d630-4841-9654-182714315e39.so,2,1,,not found
libsfpatch.so,2,1,,not found
lib81692A8B.so,2,1,,not found
lib73af4423-ab21-478e-9135-d5c400c29a11.so,2,1,,not found
lib5aa577a9-52d8-4726-9ec6-cdecf1c22185.so,2,1,,not found
lib4882f372-ff99-47ba-81eb-c3757e650088.so,2,1,,not found
lib26020ff1-4e68-42c1-8834-a419a0be3e08.so,2,1,,not found
lib6657dbbd-bb3b-466d-8290-d09748b9808d.so,2,1,,not found
lib3a385d26-14ae-43fc-94c1-5bc47cf6f99d.so,2,1,,not found
lib36ec159e-5b44-4eb2-b2d3-ff38a71da679.so,2,1,,not found
lib5a33fb65-7339-4982-87c2-08acfd189808.so,2,1,,not found
libed6cb657-d7dc-4e9b-9937-475ba5434786.so,2,1,,not found
lib19e4d878-b275-4b4d-8e0c-cf08d3abebbd.so,2,1,,not found
lib629f0bec-b4dd-4162-89b7-1947dc436a53.so,2,1,,not found
lib40a93779-f9fd-497b-a938-6d4577b099e8.so,2,1,,not found
lib4ed19944-8545-4a59-8c56-e1e1e201fce2.so,2,1,,not found
libb68b1211-ab4c-448a-a99c-4f79194aeb66.so,2,1,,not found
libf9f35546-1ae3-44e1-8f8d-4697d6a1404c.so,2,1,,not found
libb06771a8-dc81-449d-9ec1-b9a29ac2ea77.so,2,1,,not found
lib93a01bac-cb0a-434d-811d-0dd9f6b12ff9.so,2,1,,not found
lib34e50c65-3a8c-49aa-af41-5b5f0c29f983.so,2,1,,not found
lib645ded5c-7f07-4539-8db3-8f22d68bb01a.so,2,1,,not found
lib304d5605-e870-4543-b7d2-d3e060d0ef6f.so,2,1,,not found
libeed94917-509c-4b52-909b-a2ad5d5685bf.so,2,1,,not found
lib2c4a3610-d967-4730-b2c6-3a8e81965d45.so,2,1,,not found
lib47ebc060-a854-4da8-a395-ee8c0ca64973.so,2,1,,not found
lib4124f51b-cc5d-4a82-990a-2da35cc1c779.so,2,1,,not found
libf4c57cc3-2161-4523-bee7-8783575a71fa.so,2,1,,not found
lib85528992-dea9-4790-ad18-c38b002ef4b3.so,2,1,,not found
lib7cef91b2-9870-4069-9ab4-9da3e4f28c5b.so,2,1,,not found
libf02dfabf-32e8-49a3-89c7-9259876e14f1.so,2,1,,not found
lib620e7fa5-909c-44dd-891f-4b9100bdb4db.so,2,1,,not found
libaa812074-b292-4d2a-90aa-a1b63240070b.so,2,1,,not found
lib6689d307-b1b3-4b0a-a029-1972c5f9d4f2.so,2,1,,not found
lib3eb6ff1f-2eeb-4342-88c4-bd8546cbda44.so,2,1,,not found
lib66fac17f-8eba-41aa-8a89-33ddddc7c5c7.so,2,1,,not found
libee29789e-198c-4a0b-a859-8f3d672e2375.so,2,1,,not found
libcc473a45-59e6-4d73-a971-432ad58ceeeb.so,2,1,,not found
libaf5eae6c-f5c2-430c-88f8-fe3e6c1ecfd3.so,2,1,,not found
lib753feac5-6671-4948-980d-a01d0419e887.so,2,1,,not found
lib57a0a326-8169-475e-9c16-205a4c88e5a3.so,2,1,,not found
lib1aa33553-9dc4-425a-98ce-1f3b5da694a6.so,2,1,,not found
lib8569ba8b-9cbd-4d84-aa2f-155ac5986d69.so,2,1,,not found
lib14430150-2fd4-49d5-90d2-e44f69bab455.so,2,1,,not found
libf54c2636-4f72-4e38-8a9e-cff1937a7171.so,2,1,,not found
lib56987636-d6d1-44f0-ae4f-8cf83410a44d.so,2,1,,not found
lib7a63b57b-41b2-47f4-a673-60259d249089.so,2,1,,not found
libb3349a83-5efa-4996-8d5a-d4f1ee2fe585.so,2,1,,not found
libab8e3014-9261-4013-8d06-c6e823961fae.so,2,1,,not found
lib8e595fc6-a9ad-496a-b070-5f16980fa095.so,2,1,,not found
libNativeCommandParser.so,2,1,,not found
libdrawer.so,2,1,,not found
lib466a0003-a05a-4aef-9c12-3dcf753843fb.so,2,1,,not found
lib97d8637e-b536-4c83-b3e5-50f802d83aa3.so,2,1,,not found
lib981e5a54-6206-441e-a965-5150afa2e71a.so,2,1,,not found
lib203505d6-0b8a-44b5-92cb-50de642fc8a5.so,2,1,,not found
libc041bafd-07c7-4e61-9936-e6f2f852cdfa.so,2,1,,not found
lib6d78135c-8fe4-43f6-9d35-0ce867926074.so,2,1,,not found
libfe00224a-f436-41e0-9b3f-f38d8f51b271.so,2,1,,not found
lib0831d4ea-c3ba-4cd4-bf3f-ad09687d0467.so,2,1,,not found
lib68fa1623-3832-4754-87ea-1eca49b45b7e.so,2,1,,not found
lib7137b039-f5c2-4e63-8647-a6e71f7678b7.so,2,1,,not found
lib96f99025-8cb4-4439-94e9-3782b8290825.so,2,1,,not found
libfa2e0494-a9d1-4eff-81f7-e32e7dcdde91.so,2,1,,not found
libcb7aa016-6f35-469c-bf11-56edae946400.so,2,1,,not found
lib4a09d526-5082-4414-8f5e-944329547f3d.so,2,1,,not found
lib9b1011a7-6a18-43d2-9f82-53ed57d41047.so,2,1,,not found
libb4d1abbd-10b6-4ea0-975d-57a3e5793e27.so,2,1,,not found
lib6edb8e72-088a-4ef9-b5ae-79291df4042e.so,2,1,,not found
lib3709d992-9915-4c9c-bad8-52bf67f0c045.so,2,1,,not found
lib38ad4286-a23b-41c0-908f-b9311d3a4843.so,2,1,,not found
lib8a77e2a5-74b6-4d97-9676-941c742cf576.so,2,1,,not found
liba0d61865-2739-4f25-83ca-ff4c2d59f63a.so,2,1,,not found
lib48afb319-b3f1-484f-a64b-b5a3517be2ab.so,2,1,,not found
lib35d86ba8-851f-4ac4-b88b-32c72ade2740.so,2,1,,not found
lib6723fd66-36bb-4df2-8a0c-38370ab98fdf.so,2,1,,not found
libf934cdb8-defb-4792-91a7-dd71580d0667.so,2,1,,not found
libreactnativexlog.so,2,1,,not found
libaudiolib.so,2,1,,not found
libgpmpa.so,2,1,,not found
libgpmpa-x86.so,2,1,,not found
libgdx-bullet.so,2,1,,not found
libd8d7f919-cddf-429e-8b32-b04206480444.so,2,1,,not found
lib866bad52-f8d7-49b1-a2ca-ad673723adbd.so,2,1,,not found
lib8130329a-ecaf-4247-8318-a7d55a5671c9.so,2,1,,not found
lib0e0aae3a-53f1-4fe5-9a96-588def870e64.so,2,1,,not found
lib7015c691-74ba-4aa4-9929-c8f2efc929da.so,2,1,,not found
libbd6c17ba-6783-41b7-8344-c44430f0122f.so,2,1,,not found
libdf1b9379-480a-40f7-bd39-75dec24f3af4.so,2,1,,not found
lib8e5bf0a6-f299-4d36-974b-6318408c7890.so,2,1,,not found
libf1b4c4df-05f7-4886-874d-c514451ff959.so,2,1,,not found
libe81fe273-5504-42ca-93d4-d1b7606a7a03.so,2,1,,not found
lib99d38d18-5b42-49a1-bb29-9b087b98addc.so,2,1,,not found
lib5000b0cb-e1e7-4f7a-88e8-e9dbc788b19f.so,2,1,,not found
lib5df65911-b65f-4100-bbae-f02893f87bb2.so,2,1,,not found
libc034d70b-313e-4980-9756-32581d6fac4d.so,2,1,,not found
libfe489221-56c1-40ff-aa16-58f413b27c9b.so,2,1,,not found
lib626e3007-c32e-4a54-8c3c-994eb2089784.so,2,1,,not found
libca94fbac-9f75-4238-9a6b-6a56b3f9d581.so,2,1,,not found
libe319dc87-b512-4aed-9f14-e9753d44df60.so,2,1,,not found
lib4efdf9ff-9a28-4a98-ba8f-34282540bc32.so,2,1,,not found
lib144334c1-1395-47df-9c44-19ae826d1aa5.so,2,1,,not found
liba23f54e0-e02d-4ef3-be06-b0a45839a512.so,2,1,,not found
libe0c196a6-9603-42e1-91ac-3705a361a9da.so,2,1,,not found
lib01a2bd91-8b72-42e2-9ab4-44f8850700ca.so,2,1,,not found
lib3bf893e7-f4ee-4e41-a5ff-333f79585cf3.so,2,1,,not found
liba0d0aaed-1fb3-44b1-8631-f28bb8dc8e2d.so,2,1,,not found
lib8bd332ca-345c-4c04-b188-f2852a0c9777.so,2,1,,not found
libfffb5279-e8ff-46b4-89c5-5b879eb7f070.so,2,1,,not found
lib8d3476db-4e38-457b-81c8-91a48242f8a3.so,2,1,,not found
libde5dbe2a-eff5-478f-a12b-16f7dd2ca0a4.so,2,1,,not found
lib4d756e80-a6ce-4f94-b018-340e888d2a61.so,2,1,,not found
lib3b5e0962-23cb-44bb-bc2b-da85f05bb90f.so,2,1,,not found
lib63529409-5342-4301-9a04-eaf183b8058c.so,2,1,,not found
lib6c4aaf1e-7bfd-4d02-9102-82bf6372f50a.so,2,1,,not found
libdcf4f8c7-53c6-4dad-a494-6b90cf91cd10.so,2,1,,not found
libd3714fa1-8d5e-4343-b1f3-3580fed1d1ff.so,2,1,,not found
lib8eaaf2f5-1ac3-4629-b254-651b2eaffbb2.so,2,1,,not found
libc849e413-5614-4f15-a6bf-1287de642743.so,2,1,,not found
lib0861b0d9-d6d6-4a86-bae3-fbb9a1ef16f7.so,2,1,,not found
libd8deaa6d-888b-419f-92f1-052b59448b9a.so,2,1,,not found
lib21819dc7-b344-45fc-87dd-6158c043bb0d.so,2,1,,not found
lib2137b79d-2918-4497-a2a1-d19b505de11f.so,2,1,,not found
lib5c4e388c-9b98-4a35-8da8-6d8101b9e967.so,2,1,,not found
lib3a7f42a6-b3ce-4e63-b9b5-d3b65b8f3477.so,2,1,,not found
libb05fd265-02f7-4227-97b7-508bb921bf7a.so,2,1,,not found
libda207603-ff39-4e2a-8035-ab824efb6973.so,2,1,,not found
lib5ad0bcf1-c42e-4fd3-878a-d83930cad281.so,2,1,,not found
lib2c28d037-fe50-4fe4-9cc9-c59202f2197c.so,2,1,,not found
lib2bd8dc95-8a73-4fc6-8c85-fc415020e585.so,2,1,,not found
libc8d88082-2da8-4a56-a203-d6edb529b13a.so,2,1,,not found
lib1e56cf41-ecd3-4144-81bf-c1e8ba59b279.so,2,1,,not found
lib99fdda45-8682-4f9e-a754-d8845a23b26c.so,2,1,,not found
lib87a5883f-f036-4139-b97b-1b0bcd71e65d.so,2,1,,not found
libb4f7cf40-db2f-4933-aca0-ef2df7ad75b1.so,2,1,,not found
libc3a24385-5cef-4053-8414-b294dcae27e5.so,2,1,,not found
lib018cdf58-7fa6-492f-a2b0-95c87a9653d7.so,2,1,,not found
lib2424fdbc-1f2a-4d17-840e-b8a0923b956d.so,2,1,,not found
lib509bf799-c442-46be-abdf-1dbf447f6944.so,2,1,,not found
lib7443f061-1eb0-4a45-abec-9b1a6cf620c9.so,2,1,,not found
lib33aa8cd9-d804-450b-8f99-21b17c5d3295.so,2,1,,not found
liba74a6e30-18fc-43b0-ac9f-3184096b22da.so,2,1,,not found
liba179d473-c13c-43e6-b78f-9da3bcc4165a.so,2,1,,not found
lib3c4be2eb-5f71-4629-817f-ae0ad185f6d0.so,2,1,,not found
lib087a8b86-dc54-4d5c-94ef-b9e8cfdfd895.so,2,1,,not found
lib96de61e6-347d-4b08-9dda-3243b54be4e2.so,2,1,,not found
libb168fdeb-7a8e-48eb-9e6e-8894be0a71fe.so,2,1,,not found
liba1bf1cc4-d31a-40e2-949c-bcae687914b7.so,2,1,,not found
lib67b0ceba-db27-43f4-a601-dce949e5195c.so,2,1,,not found
lib2d0547f8-643c-4675-8f5f-9e9fb4adf795.so,2,1,,not found
lib968fb92c-de0a-4ddc-ac59-9c33f044b774.so,2,1,,not found
libc4c7cf2a-75f1-4c3e-83dd-b097828e12d9.so,2,1,,not found
lib2bff3981-bfe9-42dd-9507-061bd7da180f.so,2,1,,not found
libe34779b8-aa06-44bd-994f-b53a56ea9ca0.so,2,1,,not found
lib0370e500-49ad-4925-9fd2-c59a9e593c0f.so,2,1,,not found
lib63e3ffb2-7aa6-4f59-b448-3487670ff2d3.so,2,1,,not found
lib99ff5e1b-639e-4468-8989-84f421ec7f9e.so,2,1,,not found
libd4e90b0b-6c83-4076-a062-1ca4b6ae7bc7.so,2,1,,not found
lib541b1db5-9c01-4e43-af92-0b405aa2c690.so,2,1,,not found
lib852f8078-6924-4627-926e-b4999b2939a4.so,2,1,,not found
lib85356158-3afb-449e-983d-6230725a85eb.so,2,1,,not found
libf86a0560-ddda-41a8-a551-9c9db6a4122d.so,2,1,,not found
lib1de8ece4-df3b-453b-a7ad-47dd2db41e99.so,2,1,,not found
libc022caff-2ff0-4f38-99a6-6d4cb18029d3.so,2,1,,not found
liba82c214c-f6de-4d88-86b8-f9e4d90fc8d2.so,2,1,,not found
lib7b9d887b-c78b-4403-93da-e14059aecaf6.so,2,1,,not found
libef2fcdab-313c-4c18-93ea-b226fb3e1b08.so,2,1,,not found
lib4eb4572b-af88-405f-9e4f-d100d9df6402.so,2,1,,not found
lib3779096c-745a-4e3e-8eeb-802e01e89ff0.so,2,1,,not found
lib64e4a941-a38f-4085-89c4-49787a641e97.so,2,1,,not found
lib23976764-47ef-4c64-8981-09f8f5b329d6.so,2,1,,not found
lib45bbf559-c712-44a8-a78a-2e4f887d81b6.so,2,1,,not found
lib5fe518c5-2e45-4fff-9751-01fbf07a8393.so,2,1,,not found
lib3e274c0d-e442-46fe-a00f-65caeeedca2a.so,2,1,,not found
lib74f449ef-b0ba-4e03-ad34-91d10f00a3c5.so,2,1,,not found
lib71f1af76-d05b-4143-a616-119011ee8552.so,2,1,,not found
lib7662abb1-1a18-4653-ab2b-1e50627e447a.so,2,1,,not found
lib77fcedc5-ed77-47d2-a340-d6ec244b8d69.so,2,1,,not found
libbb42aaf4-95d2-49e4-9e45-576c0d56234d.so,2,1,,not found
libdexprotector_h.so,2,1,,not found
libdpboot.so,2,1,,not found
libdexprotector.so,2,1,,not found
libxmccjs.so,2,2,,not found
lib48257067-cc7c-4cff-8805-1c64ec4e517e.so,2,1,,not found
lib468fa360-4799-4bca-82fb-98469e2cd800.so,2,1,,not found
lib733103d9-810b-4ccf-aa14-f44407f64006.so,2,1,,not found
lib42684855-c38a-4f78-8908-6c5d9e6397c1.so,2,1,,not found
lib34547096-7254-4d06-9882-f177b424d35d.so,2,1,,not found
lib04286aa6-6621-4e7b-a9fb-3db8e65a3115.so,2,1,,not found
libd864672f-bc69-44a6-aabe-6f1aab142e02.so,2,1,,not found
lib53765acb-aa1f-470c-ada8-36011d71bfdf.so,2,1,,not found
liba7205d34-8913-436f-8aa0-7030fdb89d57.so,2,1,,not found
lib72d94d93-69fa-46d6-a7bb-e46e4c8eef60.so,2,1,,not found
libb65289fd-0516-40ad-b734-3dab7a5d6968.so,2,1,,not found
lib3daf0439-15e8-42cd-ac4f-e1e068d9be91.so,2,1,,not found
lib9beb6f29-fb1b-4e01-afff-2af99737ba25.so,2,1,,not found
lib5fecde5c-ff6e-4565-9e0f-7883fd175920.so,2,1,,not found
lib7a99790a-551d-4764-9717-af871c0ffade.so,2,1,,not found
lib84a3616f-68a3-4b0b-a9f9-16973d838df2.so,2,1,,not found
lib185eb72c-0d46-4361-8f48-ccb5b21f689c.so,2,1,,not found
lib50bc27f0-bb49-4f25-9cee-e0792279e4cc.so,2,1,,not found
lib9bd8d5a3-e837-4285-91d2-2f37dfaf6510.so,2,1,,not found
libf000ef6b-71c4-4003-8c37-7dc5d9c10967.so,2,1,,not found
lib49067ba8-b3f9-47eb-88e9-7a8b88bfb2b4.so,2,1,,not found
liba2dbdfa3-4ed5-4c14-9aac-bd92e73f5a2c.so,2,1,,not found
lib8bd8d55a-6fd7-4441-95c9-48ebbfecfaa2.so,2,1,,not found
lib7b4062cc-f800-451a-9a02-a8e844ee0846.so,2,1,,not found
lib386cd4ea-3196-47bf-8072-e83823038988.so,2,1,,not found
lib2548aacd-17bd-4825-8241-92ce0d265a61.so,2,1,,not found
lib181745eb-5504-48fc-a859-bb0d60fe8314.so,2,1,,not found
lib7397c496-63eb-4f9f-bd7c-7989186107cc.so,2,1,,not found
libDataBus.so,2,1,,not found
libb0067e16-b491-4b68-a849-0b2a2d1c19b3.so,2,1,,not found
lib38a4ade0-ce8c-4a76-8d0e-ddea6ba76330.so,2,1,,not found
libac4eb65d-f607-4284-9e92-872cb5d2c883.so,2,1,,not found
libf2efbd0d-9a77-4b28-8e95-be4fc21647f0.so,2,1,,not found
libf708a1f5-7ea8-45ed-9992-bc79f4277bae.so,2,1,,not found
libd8bf4b14-6a2f-407d-a511-b38b8ae62150.so,2,1,,not found
liba9476e47-6db0-40f7-92f4-5fbd16e9c398.so,2,1,,not found
lib45ccdc13-a607-428c-bd17-570e4fb17f20.so,2,1,,not found
libd124e23f-bbde-4db8-9974-284f4dbcf362.so,2,1,,not found
lib24e53b08-3e51-4808-ba92-38d61b7e5c1f.so,2,1,,not found
lib49128aac-18cb-4eac-a21d-41c7e10750ab.so,2,1,,not found
lib82261b36-1636-4e59-87fb-8373353f2e1b.so,2,1,,not found
libbedc8469-69ac-483e-a772-1e8630db2e3c.so,2,1,,not found
libcce9a45d-18b5-4078-8235-d10598487fb1.so,2,1,,not found
lib4cfdf426-a453-4f98-8cc5-b5ee9db2dc94.so,2,1,,not found
lib28a32bbd-5e28-406d-8bd2-fec0532a9947.so,2,1,,not found
lib2efed27b-78a3-4f9b-b0a6-d652c4996097.so,2,1,,not found
libf9cbb0fd-d41c-4d45-bf79-7af4b0c3e4ee.so,2,1,,not found
lib0737be74-a400-4b00-8ab9-307947e004a3.so,2,1,,not found
libd77da5ea-c660-47da-b269-a4d431d2b784.so,2,1,,not found
libc1abfea7-438e-4df3-b3ca-a717ccf347bf.so,2,1,,not found
lib331cf986-5495-426c-abf4-1de299c0aea9.so,2,1,,not found
lib6b014c54-fb93-4ed1-8710-b7d64474b3a8.so,2,1,,not found
lib34d89271-6c43-44fd-9561-748ada5de4e6.so,2,1,,not found
lib292a30cc-0b2b-4b93-8609-c691601babf4.so,2,1,,not found
libaf1a653f-efa4-4591-812d-a3504407fdfe.so,2,1,,not found
lib0d88907c-8a17-417d-b34b-196e3e9ab854.so,2,1,,not found
lib5524f465-eefd-4ebb-822c-381b01946e75.so,2,1,,not found
lib8a2c6b5d-4613-4b65-abe7-89a157e1f855.so,2,1,,not found
libc764dbc7-8cac-48b7-84f6-e40d1fc0a5ce.so,2,1,,not found
lib5aaef3a7-a930-403a-8dcb-be1db5d8abfc.so,2,1,,not found
lib6bc0d0a2-75d2-414a-9900-2c3c0142a18f.so,2,1,,not found
libad86e85b-5bc1-4f75-99f6-f7cbcec9f245.so,2,1,,not found
libb4e71875-91b5-4eef-a469-6b7255205f6e.so,2,1,,not found
lib4f804539-ce00-409e-946e-dc7ee5e4cf83.so,2,1,,not found
liba811aa2d-cf02-4ad0-979f-42f69bb8bc48.so,2,1,,not found
lib8541b398-acf0-40f6-a0fa-675fc31dac82.so,2,1,,not found
libfa1fe4f9-e028-4bcd-91de-a8eed4f1f4f3.so,2,1,,not found
lib590d2483-a138-40f0-aa15-56e816f9b57f.so,2,1,,not found
lib9ccb86bd-6a9e-4f1a-8a76-3448525371ba.so,2,1,,not found
lib5deea976-0a61-4ce0-9229-4726f58cd787.so,2,1,,not found
libedb88424-395b-45c5-a4c4-de8be1e14f0f.so,2,1,,not found
lib30d3d83e-5245-42fd-8367-d9db1b9f599f.so,2,1,,not found
lib99576e80-dc82-410b-8494-e95bcd4732cc.so,2,1,,not found
lib12f9ec0b-ff8a-4702-b72c-3e97a02f7ae7.so,2,1,,not found
libb2221a96-1dc2-43d4-b791-9387aa0b66c0.so,2,1,,not found
lib7103ac8a-9ce1-4773-8dda-ee31b207f844.so,2,1,,not found
lib3f63887f-4a25-42e4-b573-dbca4b5d1480.so,2,1,,not found
lib7c46d78e-7827-4ff5-9fdc-f41751ffd4cf.so,2,1,,not found
lib35ddf34e-ac83-4a5d-bef2-5724fd21d07e.so,2,1,,not found
lib0953264e-5142-43a2-8c56-439292bbfcbe.so,2,1,,not found
libe2e1f431-1c88-40bd-b644-eb1d6982092e.so,2,1,,not found
libe1ce453a-4994-452e-85b6-ea26a5458982.so,2,1,,not found
lib73076768-81a6-47d3-8155-0e665c200a32.so,2,1,,not found
lib48e9b697-fd02-432c-97c1-59dddd824d3e.so,2,1,,not found
lib2fd3e299-3631-4f09-ac3e-60ebd7e677ae.so,2,1,,not found
lib3ea24ab2-f6aa-40c3-a318-11a875e9cfd1.so,2,1,,not found
lib8a6dfd81-a65b-4036-9716-0f2f366e86a7.so,2,1,,not found
libe390ec0d-6d00-443c-860a-63d0f9559b70.so,2,1,,not found
lib56f5f1cc-c08d-41a1-bf0f-44d81be08d7b.so,2,1,,not found
lib23a927d4-2159-4702-9a7f-93743f43a8c4.so,2,1,,not found
lib0b0254e8-d177-4818-b7b9-24e2f22c0c2a.so,2,1,,not found
libb548cb92-cf09-452d-9452-55f2da7063a4.so,2,1,,not found
lib30e4f38c-33e5-48c1-8466-be81e96af23f.so,2,1,,not found
lib84f8fdca-d36b-4c82-ba09-2c869edec350.so,2,1,,not found
lib2191b35f-f62b-44ae-bd8b-57b8050a17cc.so,2,1,,not found
lib2d40c51f-7263-431e-985f-2569d95205be.so,2,1,,not found
lib77cf3544-81c6-4fe4-bd82-e72dab8a4a32.so,2,1,,not found
lib87eba55d-1f9f-466c-82d7-8a3badbcf38b.so,2,1,,not found
lib82139ced-4345-4689-b7c8-794d6d0506a9.so,2,1,,not found
lib321b227d-4bd9-4fc4-a80d-6eaaf231ce1e.so,2,1,,not found
lib97a5b0b7-8223-4e9e-99da-3cd2c2f528c9.so,2,1,,not found
lib76bc5f2f-ee3e-404d-9eea-6d0da23ec0ef.so,2,1,,not found
lib570ad7c6-2022-45f3-8c04-9b796b3941c7.so,2,1,,not found
lib5d789b2b-93fb-4f8c-96fa-727fa42db6fd.so,2,1,,not found
lib206c5801-4f39-4a85-a40a-b852fbf79159.so,2,1,,not found
lib5ca4aa06-bd02-4a04-83c6-d1744b601ac6.so,2,1,,not found
lib3546e5d1-643a-412c-96c5-6829afcfa99e.so,2,1,,not found
lib3a395ddf-9e28-4223-be54-148ce8d88575.so,2,1,,not found
lib7d493ae4-cc90-4f2a-a4da-1ded75caa57a.so,2,1,,not found
lib7d576521-3163-42bf-b462-bb6b1ea8d64c.so,2,1,,not found
libe9d76c01-bc7a-4302-8385-5d5cd972c667.so,2,1,,not found
libfbe74d56-d1b3-4f42-aaf9-0057e8cd99b1.so,2,1,,not found
lib1748437c-5a98-403f-8a42-71cf287248d8.so,2,1,,not found
libc4136ed6-1235-4f55-9836-bdf5b19e02a0.so,2,1,,not found
lib5697fe49-3a36-42a9-bdf9-3e521649bf88.so,2,1,,not found
lib20988723-c6c8-4248-9121-33e4a2b5339e.so,2,1,,not found
libbb42cf95-fab6-440c-abb6-ce13d927f10d.so,2,1,,not found
lib551053c4-696c-47fe-ae18-2a94ec06c0ef.so,2,1,,not found
lib15828f78-1636-43d2-87f9-8e9a3510fc9f.so,2,1,,not found
liba815b7bd-5055-4fd8-9da2-f51f9e52be09.so,2,1,,not found
lib3405dcfd-37cc-4b1a-b33a-72057a314d5b.so,2,1,,not found
libe762c081-ef45-461c-8ded-58afd17581fe.so,2,1,,not found
libe950bf7c-72b1-4655-a9af-d9472884edf1.so,2,1,,not found
libb6cdcdec-15e1-4bd4-a616-a3d12dba9791.so,2,1,,not found
libebbf42ae-d54b-4c10-a642-d061fbdc5f01.so,2,1,,not found
lib9b8b8e95-459e-49a2-8a02-d48211c7844f.so,2,1,,not found
libcb863cb2-8204-4fcb-9657-78b88b00eb3a.so,2,1,,not found
lib267704fe-2605-4d50-a336-a7757581858b.so,2,1,,not found
lib4b6dbf39-7d5f-459f-b78f-7e4c6c99146c.so,2,1,,not found
libd196690c-c553-4544-8a39-45bd6aad069b.so,2,1,,not found
lib3b590ade-8558-4fd0-90db-413a294dd9ee.so,2,1,,not found
lib242a5100-91e2-4cf9-969e-f6443aaae309.so,2,1,,not found
lib63d93fd6-8a76-4f60-9fe4-e8dbc082ed74.so,2,1,,not found
libd453caa2-1628-4ac4-a93c-11e4d684ed85.so,2,1,,not found
libfac4305b-d3de-41ac-ba38-285aae91b0f1.so,2,1,,not found
lib784e9fa5-7f41-46d3-830f-565a892d6fc9.so,2,1,,not found
liba2a07984-507a-4db7-9010-30162bd582f4.so,2,1,,not found
lib6eaf0330-5ac4-4d7a-8ca3-8f52b8d4f866.so,2,1,,not found
libfa5d953b-899a-4b4e-9587-a530864e897d.so,2,1,,not found
lib1abf6869-95a4-44a0-8d9a-5c5f8597cac2.so,2,1,,not found
libf6be077c-c396-4dff-b8d7-9c72a0566dd3.so,2,1,,not found
lib50dc391f-d73d-47e6-ba7f-569576e6ce78.so,2,1,,not found
lib29e062d2-56a1-47e0-b2a2-61812ab6f682.so,2,1,,not found
lib2c0fc6af-4b02-4b42-a901-2fb5fa88e4a7.so,2,1,,not found
libd4e83495-55f9-407b-b4ae-49cc174c1fb5.so,2,1,,not found
lib9229b529-4cc4-40a6-8244-f66fd82c755a.so,2,1,,not found
lib4dcd137d-641b-439c-817b-d8120c7804b6.so,2,1,,not found
lib1279fb63-ea97-479c-b0b2-b92b966f061c.so,2,1,,not found
lib9125078b-81a3-4171-a23a-2ac8f6e32385.so,2,1,,not found
lib30071bef-9ec5-46df-b8e8-f93c2a5a04f4.so,2,1,,not found
lib58dad901-1547-4248-9888-ad76f7e2fe0e.so,2,1,,not found
lib8f85ea00-0460-419d-8885-efed1642de31.so,2,1,,not found
lib31d4f3ae-b58d-4cac-b81d-5e9e0c08597e.so,2,1,,not found
liba540b7e0-94a6-48a1-8e74-4deeee70ceab.so,2,1,,not found
lib8fd9973e-7fa9-482b-9797-2d7b91a82c4a.so,2,1,,not found
lib256bac4d-e026-43e0-84e1-7a61bfb2fba7.so,2,1,,not found
lib24d43626-8716-4329-b742-63bcd802b6d0.so,2,1,,not found
lib7bedffc6-53d5-4ea8-b310-b6b5ff203bdb.so,2,1,,not found
lib72b4acfa-df50-4108-8a3b-5c6a8e2fa60d.so,2,1,,not found
lib5661f6c8-b2d4-4da7-a543-a268077e2cb7.so,2,1,,not found
lib1503ad79-7b7f-4767-9683-2730b8fe27eb.so,2,1,,not found
libd2f818bd-2c42-43f8-9e7d-f4fc2d081778.so,2,1,,not found
libbb62bdc1-ca56-43d8-9c62-f1f9e779d5c1.so,2,1,,not found
libb45b8e41-3f19-44b2-95cd-00236bb9f77e.so,2,1,,not found
lib29e5731f-49cf-4f50-913c-6b03cb528114.so,2,1,,not found
lib0059fc14-be36-4048-a118-6142c1587a2c.so,2,1,,not found
lib38480f1b-6d60-467e-bc04-59ec8a725f42.so,2,1,,not found
lib6b26c451-d96a-4140-a320-7d7972072735.so,2,1,,not found
lib0409d88b-31c0-4d6a-a83e-920180c7ba6d.so,2,1,,not found
lib72e6fb67-5b3d-47ac-809c-fc1c81a062d6.so,2,1,,not found
lib104da8e2-4fbb-411e-be45-f87b2d644b52.so,2,1,,not found
lib78cd3ec5-c6d8-4bbe-a307-91d41a49bc0e.so,2,1,,not found
libf1b88e7f-3eda-46d9-a550-e5416730192e.so,2,1,,not found
lib25d566b6-b10e-4bb4-8591-d4c4eacd7d69.so,2,1,,not found
libSilverTau_NSR.so,2,1,,not found
libcommon-key.so,2,1,,not found
libCocosGameView.so,2,1,,not found
lib80e9b2a6-4254-432b-bd38-0820968be5b3.so,2,1,,not found
libbd6b6cbf-cc56-48e7-8d61-a3b5e2627c81.so,2,1,,not found
libac2c8fa1-df04-489c-8acc-c5f764d73a38.so,2,1,,not found
lib3debdb6c-4f33-49e5-b195-a03c0f0911af.so,2,1,,not found
lib114c15e9-7890-4044-9c2b-717f89c4d172.so,2,1,,not found
libe5660d38-8161-4e4c-8ef5-f263649a105e.so,2,1,,not found
lib47a18980-87b4-4502-8723-4918f729ca84.so,2,1,,not found
lib10b3b37f-be16-4479-9637-d54eb4642cad.so,2,1,,not found
lib67dcbfa7-a769-450d-9c26-7baa3a9d92d1.so,2,1,,not found
lib6e5adece-3d2f-4904-9b6b-e99db544d9f5.so,2,1,,not found
libcc7672e9-183a-42bc-89c1-41f6872b0067.so,2,1,,not found
libbf7b9b17-a43d-4f89-a741-51cf4926f8cc.so,2,1,,not found
lib38279cbd-a7bc-428b-a9bd-ffbae410fbd3.so,2,1,,not found
lib6d9d243f-2886-4605-b6e0-80327b186d96.so,2,1,,not found
lib47e660ac-8d54-42e1-b79c-311e34807722.so,2,1,,not found
libd7f9753a-b151-41d6-9fc2-315774e6b336.so,2,1,,not found
libf7d346ff-b1e5-4bb1-9102-92daeac73b46.so,2,1,,not found
lib3a0cb5f2-cf59-4b4e-88db-50e94f1eeaab.so,2,1,,not found
lib1c786b6f-318d-4272-9a41-0a291b9e95e0.so,2,1,,not found
lib340cb691-4221-4dfb-98b4-b692abb8646a.so,2,1,,not found
lib87012e2d-a1ef-4fc3-a2b6-f312d38b4104.so,2,1,,not found
lib8cbcda55-5398-4af8-90cc-a9914adf7b1a.so,2,1,,not found
lib0681e4fc-5549-4ae9-acdc-8cd1a6247716.so,2,1,,not found
lib2d17b90a-c6c1-40c4-ad55-5b96b841a4f1.so,2,1,,not found
lib5ab033ee-355e-4609-ab02-ff39481026b0.so,2,1,,not found
libf4a5cb41-4f1c-4663-af4a-47f11c3846e8.so,2,1,,not found
libb4e64c63-2247-4935-a3d8-85c691ad6ce6.so,2,1,,not found
libe7c02940-801f-4ee9-9640-163c8340cf06.so,2,1,,not found
lib8679fcf1-3a1c-4df5-ac63-02b73da9dba9.so,2,1,,not found
liba7b82893-eb32-42f3-89f1-f50d0815f601.so,2,1,,not found
lib3b77a03d-7e4f-4a83-b680-76cd03cc6329.so,2,1,,not found
libc21270c0-a049-4c68-bcb3-c8badd981552.so,2,1,,not found
libad273a66-8cf7-4e14-b1af-2d80523a1de7.so,2,1,,not found
lib880c0f4c-e652-404a-b44a-0c25a9124606.so,2,1,,not found
lib8f5e5bcd-29c3-4427-96b3-159eeb11895d.so,2,1,,not found
lib90ae2b0f-b2e7-4ead-bf71-01b1da9692dc.so,2,1,,not found
lib2ba71d10-b1aa-4e4f-8ed0-19faf069665a.so,2,1,,not found
liba1d12290-ba31-43ee-9ddd-90c680cd56f6.so,2,1,,not found
lib8132f304-7010-485b-b238-3bd33b2403d1.so,2,1,,not found
lib733a3b81-362a-4acd-872d-d4f5cb87e9d2.so,2,1,,not found
lib208f9a9b-f920-4ea1-9e3e-ac61eb9f6148.so,2,1,,not found
lib380e4dc3-6806-472f-8054-ce68b9d99de0.so,2,1,,not found
lib29e356c0-76d6-413b-b4ad-639959641a05.so,2,1,,not found
libf689643c-09a5-4ef9-b81c-6de1c71e30b0.so,2,1,,not found
libd48ef96e-a1ef-4fbe-b0ac-d5e13268a58b.so,2,1,,not found
lib025ee3b3-a942-4f45-9636-4a32d6ee4c58.so,2,1,,not found
libSKFaceSDKLite.so,2,1,,not found
libVideoEffect_jni.so,2,1,,not found
libcb6790e5-a501-4638-a353-74659c39244d.so,2,1,,not found
lib66da042a-b816-45b5-8c89-e0ca7588da0e.so,2,1,,not found
libc46dfeed-67bc-4617-980b-6bd37bf39927.so,2,1,,not found
lib7e0af1d7-7cbd-4eb2-9d77-236e367d9f91.so,2,1,,not found
lib2461e29c-8308-4d47-bc73-20d829326143.so,2,1,,not found
lib190cba5e-cbaf-4393-880e-941374bcc2ac.so,2,1,,not found
libce0a474e-885d-48a0-81ec-763c27e961dc.so,2,1,,not found
libdf47d413-acd6-4f0e-a481-bed4d42a2a30.so,2,1,,not found
libfa16f145-3ff8-4b17-8e8b-1806fe48268a.so,2,1,,not found
libfc4143d2-e130-4fa7-8cb3-89d7ce08ebcd.so,2,1,,not found
libf7ba4feb-6bd5-4221-94d8-d615f99f98a2.so,2,1,,not found
lib14037fe9-e19b-43ff-9af9-9c4fc6e0689b.so,2,1,,not found
lib0716deba-90df-41a4-acb4-0edb6e52d37f.so,2,1,,not found
lib81b5a1f6-7897-41e9-8ca4-d8cc23a397d1.so,2,1,,not found
lib3362b7cb-b2df-4d06-b6db-c154b66d1964.so,2,1,,not found
libd0b6260a-99a6-4866-9076-c4c9f311cb15.so,2,1,,not found
lib86003f5c-6783-409c-8d63-29b7b699027d.so,2,1,,not found
lib876043e7-418a-42a2-9b0c-114ada68ceec.so,2,1,,not found
libbe3638ee-6053-4044-9cc0-c64da4e26386.so,2,1,,not found
lib3f52c2b8-8aaf-49aa-a5c0-63dcd6eb1241.so,2,1,,not found
lib0426a4e0-e2b9-4aaf-b07a-7398ff4f5fa7.so,2,1,,not found
libddbc468b-c475-4a73-a394-afb641717510.so,2,1,,not found
libc114777e-b8ce-4d4a-a119-8476a25080dd.so,2,1,,not found
libd18292fb-f884-4295-8ee8-1d8c812ffb50.so,2,1,,not found
lib5f1e2c50-c5c0-4db5-93be-84aef8729c87.so,2,1,,not found
lib8f65ca27-ba50-4ca6-990e-981186c37677.so,2,1,,not found
lib2c8c96f4-c01b-470a-88c5-72e8632fb847.so,2,1,,not found
liba683cd39-6d76-4280-b478-06a41327de69.so,2,1,,not found
lib3fcab5fb-dba9-41d0-ab1d-2daa3cf1a160.so,2,1,,not found
lib25f8988a-21a5-469d-97c5-63e4951db2ff.so,2,1,,not found
lib3e913446-b612-40ba-876c-a0855d718201.so,2,1,,not found
lib0775a269-1fd5-4b81-a3d3-3a3a802a916e.so,2,1,,not found
lib7feeaf03-2579-47d6-ad55-b6667aa4664c.so,2,1,,not found
lib91e62903-7721-4798-886e-5d6823cf4865.so,2,1,,not found
libe9836571-9bf9-481a-8371-1c8dd2f47574.so,2,1,,not found
lib785852bd-351f-41fb-9d4c-e1e56ce19f67.so,2,1,,not found
lib6b14d53a-cc61-451a-8698-b3e3c817fec3.so,2,1,,not found
libd16c495a-846a-4f1a-b216-3f652ffb583f.so,2,1,,not found
libf1d26798-c792-471d-aa1b-7e977308fd01.so,2,1,,not found
lib64d9122c-992a-42e0-ae21-7b2693b7dd80.so,2,1,,not found
lib525ce317-5b4b-43cf-832d-23cfb99147e8.so,2,1,,not found
lib96612356-75bf-4ce4-8824-fa7fc86ed7ba.so,2,1,,not found
libef7b010b-661c-4602-abc1-57946f929545.so,2,1,,not found
lib9fef294c-95f6-4b39-b27f-e88ff9b41cdf.so,2,1,,not found
libe8aef7f6-2a2f-4b39-ad04-6a930c7c1a87.so,2,1,,not found
libeb657973-3296-43dd-b392-a76993e3d869.so,2,1,,not found
lib9e54b9a0-b863-4522-a389-8dbd75b3d15c.so,2,1,,not found
lib6f324b14-a5b3-41f9-b395-ab978092a74e.so,2,1,,not found
lib3341d31a-cdf8-43a5-9908-f8b856e7b71b.so,2,1,,not found
lib7e91727a-50d8-495a-a215-998bbdaffe3b.so,2,1,,not found
lib021fb4a5-dc23-41f1-b7f8-12faf7f76c90.so,2,1,,not found
lib2297a9b8-cdc4-4e6b-800d-4deccf957d1f.so,2,1,,not found
libdracodec_unity.so,2,2,,not found
libdraco_unity.so,2,2,,not found
lib583e80df-7d9c-4a3a-aa6e-8bdad37afa4c.so,2,1,,not found
libb9058bdf-ce3c-42fe-b657-be5d20fbf333.so,2,1,,not found
libe05d5a9d-acae-4276-88ab-191a7fb31444.so,2,1,,not found
lib1f14b80d-43ea-4eba-8854-31e23e2ee178.so,2,1,,not found
lib1493e0ed-7dea-4925-8894-88fbf1c7c0e4.so,2,1,,not found
lib3c827094-93f1-4528-9065-45015e1c33fc.so,2,1,,not found
lib28fa386f-b194-47e5-9a90-bc54b25490a2.so,2,1,,not found
libcdfe0962-7c72-4d52-8254-dcd3bb481b9b.so,2,1,,not found
libaffa70af-79ff-47fd-b6db-c5c6396e491d.so,2,1,,not found
libe7fcd804-49de-44f5-a9d7-deb3e747d379.so,2,1,,not found
lib9c4db4d8-4eea-485d-936b-c1e798bd5b72.so,2,1,,not found
lib2592f7c1-c733-4f1f-a9f6-0a1a45cb441d.so,2,1,,not found
lib74f74fd0-e547-40ef-a834-c24a2fa2068d.so,2,1,,not found
lib04b76d45-0d78-475e-8050-a2f6f028e934.so,2,1,,not found
lib8d2fc313-7dca-47ed-a234-1e37d739d2a8.so,2,1,,not found
lib99ebcf6c-c4ba-42db-b71e-1f7321156e26.so,2,1,,not found
lib3e65a43b-61df-4e0b-b3be-371efe872e39.so,2,1,,not found
libfb3e28d2-9223-4707-a468-b70bd66ea994.so,2,1,,not found
libd433da9e-9f3d-474d-be28-69e1a0a2622c.so,2,1,,not found
lib8404c58d-0c22-4795-b83c-376b634aad0a.so,2,1,,not found
libJoJoCameraAndroid.so,2,2,,not found
libpngquant-android.so,2,1,,not found
libjjdrm.so,2,1,,not found
libmnnlib.so,2,1,,not found
libUnityPlayerAndroid.so,2,1,,not found
libjojoaudiorecord.so,2,1,,not found
libcocos2dbll.so,2,1,,not found
libvideo_preload.so,2,1,,not found
libvnnlib.so,2,1,,not found
libCicadaPlayer.so,2,1,,not found
libjjffmpeg.so,2,1,https://github.com/FFmpeg/FFmpeg,not sure
lib848e7172-34ea-4af6-bf61-7a7bdfca96d6.so,2,1,,not found
libe74cf95b-ff06-447b-bc23-07a40ad8d667.so,2,1,,not found
lib137b9121-901c-47bb-adcd-14b72e856116.so,2,1,,not found
lib970e993e-47e5-40b0-8db8-b11f3a81f66e.so,2,1,,not found
lib7405761e-e3a5-4581-80ba-5b729feeb713.so,2,1,,not found
libae30819c-f534-459d-8531-2b2540ef7646.so,2,1,,not found
libe062bb40-68c5-4469-bc6c-801359add772.so,2,1,,not found
libb529e738-ff85-43bd-b8a4-a4914f38723f.so,2,1,,not found
lib642c1552-f9c8-4c9a-a014-491a303134f9.so,2,1,,not found
libd389fc55-5d13-4e2e-bb1f-7e5f6682263a.so,2,1,,not found
libb85ac039-8f59-4f2f-a271-73291d415046.so,2,1,,not found
lib143e8363-2965-41fb-ae2f-fdb97622957b.so,2,1,,not found
lib6e37d6d4-b3cc-408e-a22c-f658e93e54ee.so,2,1,,not found
libf7c92f8f-7df4-405d-9c1c-e9118b760eb2.so,2,1,,not found
lib69a88cf8-f121-4aa4-b53c-1ec65499725d.so,2,1,,not found
libe917aa58-bd2f-464c-9950-51bd52096d0f.so,2,1,,not found
lib37e6cbd5-dfbb-4ae5-a883-7405325f4b1d.so,2,1,,not found
libef487735-9c44-45f2-980f-97f709a36029.so,2,1,,not found
lib03dba619-02cd-4887-a0dc-6491587b644a.so,2,1,,not found
libabi.so,2,1,,not found
libavresample-2.so,2,1,,not found
libjniffmpeg.so,2,1,https://github.com/FFmpeg/FFmpeg,not sure
libBabyRecognize.so,2,1,,not found
lib248a0ca5-e937-4fb6-bddb-3a6fe4cb9263.so,2,1,,not found
libdd13ac67-712e-4eb7-b25f-91e1a1598c58.so,2,1,,not found
libdaa811dc-6734-4abc-ba2e-3f6e664cbf1f.so,2,1,,not found
lib0c97ebe8-e410-4a54-a37b-69f95fdb8c13.so,2,1,,not found
libc24479bb-318e-49e8-a983-e818f2743108.so,2,1,,not found
libf0b8bd53-3912-482f-a4e9-29fc967b1b62.so,2,1,,not found
lib6ea00cd0-0e02-4ba4-88f0-b6a2f7cf9967.so,2,1,,not found
libe327cafe-abbc-4596-b7a5-92a8d5701428.so,2,1,,not found
lib3f9dfef6-57b7-45aa-a1e8-07094f6c346c.so,2,1,,not found
libbb36a44b-4e1a-455c-a194-6ab187d8095b.so,2,1,,not found
lib7a377bc2-b54f-4cbc-abe4-b680d88324b9.so,2,1,,not found
lib006fb45b-5ede-440e-9053-41752991ce05.so,2,1,,not found
lib9fcc3056-8b2a-4be3-a3eb-fbdcbcc80800.so,2,1,,not found
libb4d53cf0-6fe3-4cdd-a862-34d730d3573a.so,2,1,,not found
libbc3e76db-c7d1-4f74-a914-52004b378479.so,2,1,,not found
lib4bc5008e-5c6b-4022-a08f-784608c6ad6a.so,2,1,,not found
libbd18594d-c16c-4616-9e0f-eeab51f6725c.so,2,1,,not found
lib46b17835-1507-47b3-839f-22f1945c1d57.so,2,1,,not found
libf9b9f9e3-5f0f-4f88-8a58-e78c96c24548.so,2,1,,not found
lib5c22706a-0fa7-4103-8faf-6e9203d30cff.so,2,1,,not found
lib179d3262-db4e-48c6-994e-00323bf8e653.so,2,1,,not found
lib0c977018-1392-4bc7-ba3f-f5561752b4e7.so,2,1,,not found
lib61ab71ea-9c71-4bfd-bb6e-9f51b264e2e0.so,2,1,,not found
lib17a17c1c-9223-4253-9b7e-73e224493ff7.so,2,1,,not found
lib74bd987d-e5b0-4909-9dfb-4215a53a4dcf.so,2,1,,not found
libbf1693e6-c6a3-43b0-aeec-9becbf62850d.so,2,1,,not found
lib587dfc3f-47bc-43a2-94b6-2f40069ae7a8.so,2,1,,not found
lib9bfd9710-ad63-4193-bfb4-d099cc939769.so,2,1,,not found
lib650e127e-02b8-41e7-946e-6875046dd90a.so,2,1,,not found
lib38c9a8fe-ad7e-4a2d-b644-afdfc3c7aa08.so,2,1,,not found
lib5a6d60c1-bcfb-4221-a200-55a2c44253cf.so,2,1,,not found
libc49b9f7c-4cd9-4dcf-a620-fa1ecaf283b4.so,2,1,,not found
lib9aac0fb5-797b-46d2-9bbc-10ff3656d1b5.so,2,1,,not found
libe98ae8e1-cc0e-4d0a-9b61-9dab41385966.so,2,1,,not found
libb6a20695-74c6-4048-874e-1b67b44f3fab.so,2,1,,not found
lib1c68e4bd-b18d-4d7c-a6c6-523a686a93a8.so,2,1,,not found
liba6aba310-7e7c-40fc-b95e-b86915ce6c21.so,2,1,,not found
lib78400c52-528e-490f-9d91-09f150c4a452.so,2,1,,not found
libca8d9506-2c7e-49a1-baeb-a8333f99c96e.so,2,1,,not found
lib2854c0a2-da93-4287-bccd-5c85836290c6.so,2,1,,not found
libeefe4e57-2119-4674-ac10-0c50158946bf.so,2,1,,not found
lib7789d848-0763-4a83-a353-f6b0c57e0a34.so,2,1,,not found
lib9eaa06d2-c4b1-4b3e-8a99-d90fa5ac7f71.so,2,1,,not found
lib4ffd991a-ef48-4e81-8439-7350333f1a1c.so,2,1,,not found
lib7a2cdabe-6fba-4dcb-b006-7e2190f496b7.so,2,1,,not found
lib6432b6a7-f3c1-403f-9ac5-c0ba2547e3ca.so,2,1,,not found
lib2642b2cf-f723-4848-8302-0910c474e556.so,2,1,,not found
libbdf184ba-5208-4477-86e6-8c15df634904.so,2,1,,not found
libf3ddbfd8-cb60-40c3-9b2f-66a47d4db9ae.so,2,1,,not found
lib488c628f-4d5a-465c-9dab-d1e90a156d53.so,2,1,,not found
liba352e099-95f3-42f8-8ea1-0cf338e37f40.so,2,1,,not found
lib007088ab-38a9-496c-ab48-f065ddc7afab.so,2,1,,not found
libf2e9008d-6ca6-4b15-bb09-0a17dad79dfb.so,2,1,,not found
lib5940a039-664b-4a1f-8772-5b66f43c4a05.so,2,1,,not found
lib16781128-7c12-4aba-8fa0-c4e82f346c54.so,2,1,,not found
libbookcontour.so,2,1,,not found
libe17fe0a8-7985-4f2f-aad2-81ba17e5cc8b.so,2,1,,not found
lib23852565-8e05-478f-a812-9b3b5df9f331.so,2,1,,not found
lib99aee304-c169-4543-ac0a-5a10478fc2b3.so,2,1,,not found
lib80a12d8c-7d89-4928-ba84-b364b31eacdf.so,2,1,,not found
lib1029f114-e9a7-4565-95d0-0cbc713065f8.so,2,1,,not found
libabd04a30-8c7b-442e-ac5c-5f14e5a6e8f6.so,2,1,,not found
lib96607e77-3c75-4b77-b506-817a8eb5f0cd.so,2,1,,not found
lib24104c2d-1daf-4532-944c-ac27bd13288d.so,2,1,,not found
lib01f451cf-c1ed-423b-9182-91b9e0efec2d.so,2,1,,not found
libbe010553-21d9-44b5-ba40-0befe97d1902.so,2,1,,not found
libc5b2682c-f317-465a-b677-048ad590c815.so,2,1,,not found
lib0efd5d4c-4428-4ab3-b1d2-ad70aa7e1d5a.so,2,1,,not found
libd3944df2-fdb3-4aa2-ac49-48c75e339173.so,2,1,,not found
lib5352d73d-cf60-4a04-a82c-ce1ad14fab16.so,2,1,,not found
liba5ec9e93-bcbf-401e-b1ed-d75406e8e72d.so,2,1,,not found
lib582c4484-c428-4382-8dae-b449cf0c39a3.so,2,1,,not found
lib0385dd1d-4680-4ed9-9ea9-703bc28796ac.so,2,1,,not found
lib310d3f38-a154-43e9-89ee-7a294479395a.so,2,1,,not found
libf8d53428-7150-43a4-836b-74a2c99f469c.so,2,1,,not found
libd96e94cc-b955-47fa-90c0-318c364e77b9.so,2,1,,not found
lib5b48ca90-9076-4fb4-9b4f-0196314560ef.so,2,1,,not found
libeedb1b00-1c7e-4e03-9d24-b4a16f534233.so,2,1,,not found
libaf15d01a-476c-4973-84e0-ed2b26ccf23f.so,2,1,,not found
lib390dad64-5839-44eb-906f-57a4c6e6db1d.so,2,1,,not found
lib8cb42137-9164-4df5-a7be-f0a138a277a8.so,2,1,,not found
lib08c666bf-14a6-4891-9c90-ac9b3d1e4b81.so,2,1,,not found
lib6929cd66-8156-4392-bd9a-ddf8e2a67bb6.so,2,1,,not found
lib35c8f140-edff-475d-92eb-adbe84877f02.so,2,1,,not found
liblhcut.so,2,1,,not found
libencryAndDecry.so,2,1,,not found
liboralEdu.so,2,1,,not found
libivyMp3lame.so,2,1,,not found
libkeenasr-jni.so,2,0,,not found
libeca61cab-68ba-485c-a22f-74068272ac8e.so,2,1,,not found
lib606633a5-240f-42df-a4c0-5656bcf9cec6.so,2,1,,not found
lib3a7d8c7b-4589-4230-8331-a4cf41a020cf.so,2,1,,not found
lib1fdab424-3091-4239-ace5-0ced15b3de4d.so,2,1,,not found
lib05bf60a0-78b6-4eb1-bd11-b40ab361c70d.so,2,1,,not found
libce165418-5879-4573-b05a-c2aaa66d1863.so,2,1,,not found
lib17e50875-8642-4454-b35f-52919dd6ff29.so,2,1,,not found
lib5d0ea19e-3e3c-4d73-a59f-eda1f630c698.so,2,1,,not found
libe5f1f868-ae07-43df-89b6-d698eca113b2.so,2,1,,not found
lib624bcd2c-7895-4903-ab94-04137bb13f57.so,2,1,,not found
lib810756f5-3a65-434a-b87f-ebdf71b43492.so,2,1,,not found
lib470b2719-2db0-43d0-91a8-c07aa92138ee.so,2,1,,not found
libd53f72a8-59b0-46dd-897f-858d48878535.so,2,1,,not found
lib79d7f9b8-b62f-4830-a3da-8cdbc4ba981b.so,2,1,,not found
lib2d2b0dce-eea5-4fdc-a2de-f970854bcbd9.so,2,1,,not found
lib3cae0a19-ad3f-4ed9-b7a3-3813d0722d02.so,2,1,,not found
libf6016a4e-8d83-4a60-bf9b-f153bbf3e0d4.so,2,1,,not found
lib0e93cc7d-b992-49d1-bf9a-6ce380272773.so,2,1,,not found
lib113f8587-f282-4e43-8a4a-99344e63a033.so,2,1,,not found
lib369d1a6b-c464-4665-8b8d-b4435b6f4dab.so,2,1,,not found
lib2e4c565f-e578-4dd4-bcbc-bad14feaef90.so,2,1,,not found
libe1b35f0f-3ce6-4f6d-8426-2c52575a1d03.so,2,1,,not found
lib1854edea-db6a-440b-9c76-ba723b343f79.so,2,1,,not found
libd269c61a-4eec-4fe3-b2b0-228638013d3b.so,2,1,,not found
lib323752cd-f875-4648-a6ff-52fef04cc7e1.so,2,1,,not found
lib2be960bb-b360-4aad-b82e-91688f7287db.so,2,1,,not found
libfbf57c21-b185-468a-a888-30dad5fcbd95.so,2,1,,not found
lib77ee0a35-65df-4898-931d-5b33520cb5d7.so,2,1,,not found
libbf527571-ae87-4a2a-a684-2b0e8878ca51.so,2,1,,not found
lib3b7eafc3-e9fb-4d72-91f5-0d62a455483a.so,2,1,,not found
lib83176f28-8b46-4c01-91e7-7a940553e77f.so,2,1,,not found
lib681764a9-25b4-4c06-97ba-cb0411429a55.so,2,1,,not found
libace90a05-ba5f-4662-89ab-da9f8575f438.so,2,1,,not found
lib77096809-47fd-4691-b15f-443cea645766.so,2,1,,not found
libc0d28013-c2f4-4506-bbf2-10261399b263.so,2,1,,not found
lib8a957e80-bdd2-44f5-be2e-164306fbffe1.so,2,1,,not found
lib791e4129-572f-4ec8-ba0f-2904c068f01c.so,2,1,,not found
libf73958fd-50c3-409e-ad9f-98ffb5247212.so,2,1,,not found
libcd3a7d17-c22b-4d8f-a7b7-1a6f89f5e379.so,2,1,,not found
libfef4768e-c6d2-436e-8e14-4148106760d4.so,2,1,,not found
lib10e0d8ab-34bb-4b2f-8224-340120941ddd.so,2,1,,not found
lib5985802b-7166-45bd-9be6-8dfcabe8daaf.so,2,1,,not found
lib1a7bc506-4292-431e-95e5-5563e8bfc4de.so,2,1,,not found
lib97e1dcaf-10a7-4c38-ad17-5dfa918e0401.so,2,1,,not found
libapi_encrypt.so,2,2,,not found
libdynamic-bs-diff.so,2,1,,not found
libKernelBootId.so,2,1,,not found
libdynamic-abi.so,2,1,,not found
libidaddy.so,2,1,,not found
lib3412fc5b-51a2-4ab8-a42c-214cc6c255e9.so,2,1,,not found
lib6274af30-d0b2-48ec-b4b3-22f94c0d6ef9.so,2,1,,not found
lib7b47410a-6ce7-469c-b78a-5ace2c19b11e.so,2,1,,not found
lib2c726641-a6da-4e00-86fa-59b1027717c7.so,2,1,,not found
lib276e4c9b-959b-4737-8598-03b00645b2e9.so,2,1,,not found
lib927df17a-4ce3-4446-b5b4-f1c54df9a9fb.so,2,1,,not found
libfd19856a-6569-405d-97f1-5b51bc618164.so,2,1,,not found
libc7d073f8-9696-4d0f-b7d9-9eeb0a562a54.so,2,1,,not found
lib11906b4c-6a41-445a-91c4-ec1616dff826.so,2,1,,not found
lib7b491700-2e61-44e7-ad23-d15bba2fd193.so,2,1,,not found
lib4b25b06a-ef5a-4328-adbd-5cceab5fcab2.so,2,1,,not found
lib321cef19-93fc-47e1-81f3-2a964c9945a6.so,2,1,,not found
libecccba88-0c80-4e48-8667-316e55ece31e.so,2,1,,not found
lib8baa7436-b41c-4708-a30c-ffaba8a20d33.so,2,1,,not found
lib9574be9a-415e-45e2-81b0-1cee864a1060.so,2,1,,not found
lib1a05b59c-1ee2-471c-971a-778780a93e0f.so,2,1,,not found
libcba29190-0075-4662-a995-cedf2a267469.so,2,1,,not found
libb1e5ebb6-6a84-4614-98e2-10c1f68267da.so,2,1,,not found
lib025a78d7-bd69-4387-90c9-f8d00eda246e.so,2,1,,not found
lib451d3a8e-7fcf-4c02-89c4-e42c26c659e5.so,2,1,,not found
lib58a788ae-6394-42db-b51a-53041daa9776.so,2,1,,not found
lib9fa54da9-5513-446c-91eb-c3fa3ac50d5e.so,2,1,,not found
lib4209b3b8-6eb5-4a5b-b1cd-7836e268b5f8.so,2,1,,not found
lib31db83c9-47f9-4d69-88cb-f35004b3c75f.so,2,1,,not found
libaspeex.so,2,1,,not found
libJniEdgeDet.so,2,1,,not found
libNormalizePcm.so,2,1,,not found
libfb4aa801-01b4-4559-9981-6fba8359dc8e.so,2,1,,not found
lib2f17eb7c-0e47-4867-bba9-bba779f18630.so,2,1,,not found
lib133baf09-2560-4097-befb-b9fc6b0c1067.so,2,1,,not found
lib2047e3da-7c0d-4f62-982d-59d0c5b4accc.so,2,1,,not found
lib1362b8da-08fc-4a35-8d0d-8f4e2b9011be.so,2,1,,not found
libb58b9c2e-cc60-4071-bc7b-af35a4775b23.so,2,1,,not found
libe9aa4377-1c2c-4d16-a3fd-e312282e31bf.so,2,1,,not found
lib13342ac7-e9a4-49fa-ac80-c6d9c9a3d0ec.so,2,1,,not found
lib942c22d2-6741-49f5-a6d6-6af67a6f718f.so,2,1,,not found
libfce9c1be-207a-443f-b373-0b592bb93200.so,2,1,,not found
lib09c3b356-42e0-46a6-8ab0-0a87f4b9f1a7.so,2,1,,not found
libc608c5d2-6e4a-430a-97b9-c953ebc05c8f.so,2,1,,not found
lib2951383a-3d7e-4494-9253-0e918a557392.so,2,1,,not found
lib189c8267-0851-43eb-a18e-fd4bac696397.so,2,1,,not found
libac792531-1441-4c39-8063-18874bb85f43.so,2,1,,not found
libccb9d950-3b16-4ca0-a944-b7e054be741b.so,2,1,,not found
libvinit.so,2,1,,not found
libNativeSDK.so,2,1,,not found
libblock_code_scanner.so,2,1,,not found
libzy_hvs_enhancement.so,2,1,,not found
lib0e60d91f-3593-451d-ac6d-0383949293ad.so,2,1,,not found
lib7e781b91-afc4-457a-9a0c-ea4a703d48f5.so,2,1,,not found
libbc0455d8-55f2-46e3-b10e-cc8883444e11.so,2,1,,not found
lib447c4787-ff70-428d-8d77-eade88c91081.so,2,1,,not found
libadcde529-930b-46fc-bc19-a4de34d36132.so,2,1,,not found
lib70da724c-c990-423e-8804-a7e4fb9526ea.so,2,1,,not found
lib5afa3b99-e299-42f9-ad12-165b66c48399.so,2,1,,not found
libbb698b31-e3df-407e-92de-d147ce20c3fd.so,2,1,,not found
libd65cd3a5-5256-42a3-98ce-b1b4e6852155.so,2,1,,not found
libe81d1fed-06d7-42ee-9d0a-ef6176d1b2b2.so,2,1,,not found
libeb469d27-581c-4052-bb27-3bbbfcac4ecc.so,2,1,,not found
lib600c251e-68e0-4b21-a4c9-f7d0f05b99b8.so,2,1,,not found
lib49846e5d-1893-4a4e-a88f-8e8f59f82144.so,2,1,,not found
lib69b25d68-b28e-4cb9-b96e-4e2ede4a3cc5.so,2,1,,not found
lib20449ae6-493a-4f59-a0d6-8532fa5563a3.so,2,1,,not found
lib989846e5-076e-49e6-9300-209dd6c638cc.so,2,1,,not found
lib809adef9-b734-4890-a620-f1217288bf49.so,2,1,,not found
libbac60f9b-20c8-42a6-b9bc-a72e89171fea.so,2,1,,not found
libc9b704b0-ae43-4c5c-a6d8-d9acb3d62ecb.so,2,1,,not found
lib0e1fe423-c4bf-4823-a7b4-fcb4e7202c86.so,2,1,,not found
lib8d7650be-efd5-4917-93b8-79eab3091d0b.so,2,1,,not found
libf0702dd0-5a51-4d1b-b93c-d8d5c5a579ff.so,2,1,,not found
lib0b8ad315-82b8-47c9-80c0-c85dec311554.so,2,1,,not found
lib4b58e739-8edc-4899-90f2-ca2ac91b977e.so,2,1,,not found
libd3d33462-9cd1-4a15-9741-1dfcbcf48836.so,2,1,,not found
lib69a79362-874c-46ec-bbd7-a6d830a362b1.so,2,1,,not found
lib4626434e-cd1d-4c6e-99ce-3a84ce09d13f.so,2,1,,not found
libf95567fd-0bd7-47f1-93a1-f04ff08bb189.so,2,1,,not found
libabe51f81-7211-4f93-8dcd-607c61ed8630.so,2,1,,not found
libdd323a4e-5684-48aa-ac3e-358adc5ffbfe.so,2,1,,not found
libfa897a59-8438-476d-be20-e9d05432a772.so,2,1,,not found
lib475b6347-8462-4471-a6dd-81be98418911.so,2,1,,not found
libca500191-7e23-4cec-8901-1cc37c3a50b6.so,2,1,,not found
libb682c052-10dc-45a9-bf06-6a42f2666326.so,2,1,,not found
lib7d6a6389-64e9-4d86-8778-499e75b59e9e.so,2,1,,not found
lib4e42e234-3a46-4b86-a169-2622bb4febfd.so,2,1,,not found
libd91b8aeb-50cc-4829-b40d-e8625c854d3c.so,2,1,,not found
libedca6821-66b7-4ad0-9bfd-53d17e6ccfd9.so,2,1,,not found
lib2883860a-3e3b-4e6c-914d-32fbeb420d9a.so,2,1,,not found
lib437d7bf0-fbb7-4886-bee9-d190aa1b60b8.so,2,1,,not found
lib6d9d9e3c-5904-4787-b139-584df456a276.so,2,1,,not found
lib6e2d043f-dd39-45b2-9efc-1dfb520d943f.so,2,1,,not found
libc00e3aef-0f15-4829-88c3-ffa71d030053.so,2,1,,not found
liba0ebe507-feec-4773-832a-806652ee8234.so,2,1,,not found
libc650bffc-1806-4d32-85fa-ab6825f30195.so,2,1,,not found
libaeb81e6d-b817-40e4-b7c2-b5b235052753.so,2,1,,not found
libcc9d6453-afaa-41f1-8c84-04f01157a933.so,2,1,,not found
lib3902191e-a179-4cff-bce0-5fe05afe0ee8.so,2,1,,not found
lib2906d892-35f0-444e-b130-4090384c2d88.so,2,1,,not found
lib21f969ed-1940-4285-b178-2a092b758a47.so,2,1,,not found
lib4e242836-482e-46e0-ba1d-3f010e0b9fc0.so,2,1,,not found
libcef0b0b5-1cda-432c-8eaa-dd7f1d2f3798.so,2,1,,not found
libd7ce0f24-1da1-4df2-9885-437e90e87d25.so,2,1,,not found
lib6da1ccbc-1c4c-42c6-a594-92365b9b0b73.so,2,1,,not found
libc1836c58-9e21-485a-90cb-acefd8f92bce.so,2,1,,not found
lib4f2fbd82-029f-491e-af01-10c2f3252e35.so,2,1,,not found
lib796003bd-bdff-4831-9c39-2be34d87f59b.so,2,1,,not found
libfac62cd2-7b3b-4436-b1a6-6c8eb09cd73e.so,2,1,,not found
lib6309a94d-e2d2-4a4f-b2c0-605d8cbcbdbe.so,2,1,,not found
libb3e2438d-f17b-4491-851a-95c1901ddb77.so,2,1,,not found
lib3997f354-148e-4a6d-92cf-37ca34425e12.so,2,1,,not found
lib59f49e14-767e-4c58-94bd-754bc65722ad.so,2,1,,not found
lib6b6bef33-e0f9-4b87-916f-9f28f9622898.so,2,1,,not found
lib3aeb31fd-6352-4149-b62b-54e0ba9ae797.so,2,1,,not found
libf8fa9592-9e1f-4f96-bcb4-322977a5b27e.so,2,1,,not found
libe13879c7-b521-40c5-8d78-0897391ce87e.so,2,1,,not found
lib092873e2-875d-45c5-a8d5-7742e08e13a0.so,2,1,,not found
liba2581f93-2aab-4ea4-9569-940d5e1b0b84.so,2,1,,not found
lib6d68965f-6637-475f-b08b-b5e7be25dc15.so,2,1,,not found
libaea6032e-e3e9-4e9b-b3b3-f3e84c1625ea.so,2,1,,not found
lib4e06d8f3-9d5c-4146-b084-cdc670961218.so,2,1,,not found
lib60ed6e60-e6cc-454b-ad5f-23bfb5df3083.so,2,1,,not found
libe01604f9-fda1-4e92-9828-9e7e19c66685.so,2,1,,not found
lib8f3fcbc6-ac6d-4545-9540-3cca4af3b15a.so,2,1,,not found
lib85479fc4-dcdb-4bfa-828e-05a788e32a5c.so,2,1,,not found
lib3a9f0bf1-2e36-41fd-99c1-942b5ad6b46e.so,2,1,,not found
lib2ff2a51c-6146-4e1e-9d29-367fcef2edfe.so,2,1,,not found
libb4fc18e6-e1d8-4411-9a45-bd54021f55b2.so,2,1,,not found
lib661e011c-8e7f-4124-9cb3-effb1a79c0e3.so,2,1,,not found
lib346e333a-3f3b-4395-8229-aa0575a4eac0.so,2,1,,not found
lib404c47ee-2424-42c3-984b-96482f0c1dce.so,2,1,,not found
libba76740a-986e-4182-ba45-d727ece88342.so,2,1,,not found
lib16cafee4-6870-4fb9-a4d4-ec38978daa7d.so,2,1,,not found
libe0e723a4-1344-4d76-84fc-439d8d074e4c.so,2,1,,not found
libff3ace39-a7b1-4046-a713-29f040fd0ae0.so,2,1,,not found
lib3208d825-83fe-4419-a839-d9a17e54b652.so,2,1,,not found
libee08eeb4-16d1-4e74-bed1-88d7436a93d7.so,2,1,,not found
lib9fb94656-17ff-4ccc-af9c-845117b3b349.so,2,1,,not found
lib6e6090fd-4bdf-4811-9de5-2754549747d3.so,2,1,,not found
lib0b8e5b77-6869-4e5c-acd8-ad22e4c4ae6c.so,2,1,,not found
lib97a9244e-a1c5-44dd-ad76-512bd0830b4f.so,2,1,,not found
lib4f7f31c9-d6fd-44b7-944a-cf968a0eb1ce.so,2,1,,not found
lib87551ad7-cab6-4a77-a27f-418ed6f9d3fc.so,2,1,,not found
libf5656cb3-d4f2-4239-a821-991379190e48.so,2,1,,not found
lib8bc4ef28-033b-461c-b974-4f771b2f141c.so,2,1,,not found
lib86827a22-7935-4387-a815-3041859a6b3c.so,2,1,,not found
liba12c48de-a097-4305-956e-15e327c52f6c.so,2,1,,not found
lib89170763-5ad0-4be2-afa3-67f97ac30510.so,2,1,,not found
libe0986f33-d258-4e2d-8cc6-9ddb6003def8.so,2,1,,not found
lib2f7db064-0845-4610-b80b-7d96a6b69435.so,2,1,,not found
lib5c8dd5a7-e61a-4ea1-a3c4-8315c489b59a.so,2,1,,not found
libf8b6eef5-dbae-4836-8a07-008e2cb3fdfd.so,2,1,,not found
libcfec3207-7c58-4bee-a8db-e2e343ae1d11.so,2,1,,not found
libefd15d01-854f-4bb0-842b-4bc25f6c3349.so,2,1,,not found
lib579b5949-cd69-4aca-bc22-2829cb92f579.so,2,1,,not found
lib825bb4a0-df29-447e-8b07-dd4a69d4ae50.so,2,1,,not found
lib85c8eb6d-225a-4ccb-8377-5aa2ff691621.so,2,1,,not found
lib0369797a-3158-47e9-bcd0-b5b06d38a4ae.so,2,1,,not found
libde47bb07-6b8a-478a-9c11-6221d62dbe72.so,2,1,,not found
lib688fe184-c72b-4d04-8bc3-3e253bb610d1.so,2,1,,not found
lib2331fc5e-0f04-4a89-84a0-01ca8a17ce11.so,2,1,,not found
libb10bb6d5-ce9f-4ad5-8dec-bc5b76158904.so,2,1,,not found
lib68a2a5ee-f868-429f-9afa-f2a9773ea6da.so,2,1,,not found
libe97c130a-d5b9-4ca5-860b-2f7e10ff25d7.so,2,1,,not found
liba07f9a45-ed6b-4932-8b8f-26d695149546.so,2,1,,not found
lib25ea1488-735d-4098-a23b-cf5d3864d3e2.so,2,1,,not found
libb961350e-71f7-4d9b-862a-653b43801a8f.so,2,1,,not found
lib8adbcc8c-92e8-46fb-830a-d08d1bb6d3c1.so,2,1,,not found
libavtmf_audio.so,2,1,,not found
libavtmf_video.so,2,1,,not found
oppo_game_service_203005.so,2,0,,not found
libvipthink.so,2,1,,not found
libwebsocketserver.so,2,1,,not found
libYKImageProc_java.so,2,1,,not found
libYKImageProc.so,2,1,,not found
librestorelib.so,2,1,,not found
libykDataPacket.so,2,1,,not found
libeduread.so,2,1,,not found
libdatacore.so,2,1,,not found
libCapecHceCore.so,2,1,,not found
libswbarcode.so,2,1,,not found
libMifareUtil.so,2,1,,not found
libtkplayer.so,2,1,,not found
libmarsxlog_t.so,2,1,https://github.com/Tencent/mars,not sure
libnative-lib-httpserver.so,2,1,,not found
libreact_codegen_WechatLib.so,2,2,,not found
libmmftsext.so,2,1,,not found
libmmsqlcipher.so,2,1,https://github.com/sqlcipher/sqlcipher,not sure
libshell-super.com.izaodao.gps.so,2,1,,not found
libmediastreamer2.so,2,1,,not found
libPackageUtils.so,2,1,,not found
libSecurityUtils.so,2,2,,not found
libpocr.so,2,1,,not found
libe14b478a3_v1029_aee.so,2,1,,not found
libSF_PlaySDK--.so,2,1,,not found
libSF_PlaySDK.so,2,1,,not found
libVCS_WS_Client.so,2,1,,not found
libmcopenssl.so,2,1,,not found
libnet-lib.so,2,1,,not found
libxdfmp3transcoder.so,2,1,,not found
libvopen-sign.so,2,1,,not found
libUnityPlugin.so,2,1,,not found
libyd-native-secret-lib.so,2,2,,not found
libNewMNN.so,2,1,,not found
libPageDet.so,2,1,,not found
liblogfile.so,2,1,,not found
libshell-super.com.mba.logic.so,2,1,,not found
libCC0000006842A1E000005178DAAEB1B5.so,2,1,,not found
libgo.so,2,1,,not found
libblepulse_android.so,2,1,,not found
libjavaCommonAPI.so,2,1,,not found
libjavaExamAPI.so,2,1,,not found
libStrokeBitmapUtil.so,2,1,,not found
libVoltMemoMobile.so,2,1,,not found
libja-jni.so,2,1,,not found
libvpsh.so,2,1,,not found
libvpplayer.so,2,1,,not found
libcadlib.so,2,1,,not found
libAVEngineJni.so,2,1,,not found
tricker.so,2,0,,not found
libpwrddebugsdk.so,2,1,,not found
libdebug_clog.so,2,1,,not found
libnllvm1728704369104.so,2,2,,not found
librkrtcmsclient_android.so,2,2,,not found
libFaceDetectJni.so,2,2,,not found
libLiveRgbMsJni.so,2,2,,not found
librwSpoofVis.so,2,2,,not found
libnative_framesequence.so,2,1,,not found
libihwen.so,2,1,,not found
liboffline_engine_core.so,2,1,,not found
libbbbdraw1.3.so,2,1,,not found
libCC0000006914272E00002B484DB602E6.so,2,1,,not found
libballer_common_jni.so,2,1,,not found
libballer_common.so,2,1,,not found
libballer_tts.so,2,1,,not found
libballer_asr_jni.so,2,1,,not found
libballer_nmt.so,2,1,,not found
libballer_asr.so,2,1,,not found
libballer_nmt_jni.so,2,1,,not found
libballer_tts_jni.so,2,1,,not found
libDocSeg.so,2,2,,not found
libdetector-v2.so,2,1,,not found
libFaceDetection.so,2,1,,not found
libshell-super.com.dep.biguo.so,2,1,,not found
librtcEngineNativertvt.so,2,1,,not found
libappc-cv-lib.so,2,1,,not found
libenvsec.so,2,1,,not found
libtwobytwosolver.so,2,1,,not found
libaudio2exp.so,2,1,,not found
libFS_Movenet.so,2,1,,not found
libSquat.so,2,1,,not found
libFSHighKnee.so,2,1,,not found
libncnn_gpu.so,2,1,,not found
libFS_OSD.so,2,1,,not found
libFS_SitupCount.so,2,1,,not found
libshella-4.5.2.0.so,2,1,,not found
libshell-super.com.bm.trans.so,2,1,,not found
libCC000000691426E400002B1412BE488C.so,2,1,,not found
libjni-pcmcode.so,2,1,,not found
libshell-super.com.ysg.translator.so,2,1,,not found
librtc_sdk_platform_cpp.so,2,1,,not found
libwopcv.so,2,1,,not found
libnet-encrypt.so,2,1,,not found
libcloudbrush-jni.so,2,1,,not found
libflg_file_crypt.so,2,1,,not found
librtsp_client.so,2,1,,not found
libxiangqi.so,2,1,,not found
libtrack.so,2,2,,not found
liblib-key.so,2,1,,not found
libtensorflow_demo.so,2,1,,not found
libshell-super.com.iznet.thailandtong.so,2,1,,not found
libqlyapas_v++.so,2,1,,not found
libshield_lib.so,2,1,,not found
libtujia_encrypt.so,2,1,,not found
librust_im_core.so,2,2,,not found
libnew_one_e_trip.so,2,1,,not found
libsyncclientenginestub.so,2,1,,not found
libsyncclient.so,2,1,,not found
libAVEAndroid.so,2,1,,not found
libfchannel.so,2,1,,not found
libpkgbaywmtopea.so,2,1,,not found
libshell-super.com.sanmaoyou123.sanmaoyou123.so,2,1,,not found
libmfw.so,2,2,,not found
liblibshrla.so,2,1,,not found
libdexload.so,2,1,,not found
libJniUcst.so,2,1,,not found
libdyn.so,2,1,,not found
libunwind.so,2,1,,not found
libucl_appnls.so,2,1,,not found
libuc.so,2,1,,not found
libsoftsim-adapter.so,2,1,,not found
libtylpa.so,2,1,,not found
libuc_app_jni.so,2,1,,not found
libbacktrace.so,2,1,,not found
libucssl-sign.so,2,1,,not found
libanatalab.so,2,1,,not found
libshell-super.com.sanmaoyou.dididaoyou.so,2,1,,not found
libtour.so,2,1,,not found
libb4c959.so,2,1,,not found
libcfar.so,2,1,,not found
libe14b478a3_v1024_aee.so,2,1,,not found
libshell-super.com.yzwl.weisu.so,2,1,,not found
libscoot.so,2,1,,not found
libmotoroladiversity.so,2,1,,not found
libhxer-lib.so,2,1,,not found
liblotti.so,2,1,,not found
libweibo3.so,2,1,,not found
libvpasplugin.so,2,1,,not found
libshell-super.com.jx.gtex.so,2,1,,not found
libFaceUnlock.so,2,1,,not found
libshell-super.com.sanmaoyou.didida.so,2,1,,not found
libduncode.so,2,1,,not found
libtacb_ccdreyfpgth.so,2,1,,not found
libtcttrack.so,2,2,,not found
libCrtvCmvUart.so,2,1,,not found
libtncipher.so,2,1,,not found
libtuniusecure.so,2,1,,not found
libcacert-2017-01-18.so,2,1,,not found
libtuniusec.so,2,1,,not found
libtnwebsocket.so,2,1,,not found
libshell-super.com.xielong.xl.so,2,1,,not found
libshell-super.com.xykj.privacy.so,2,1,,not found
libshell-super.com.maoying.longpicture.so,2,1,,not found
librtmppusher.so,2,1,,not found
libaviary_moalite.so,2,0,,not found
libaviary_native.so,2,0,,not found
libscript.so,2,1,,not found
libfucommon.so,2,1,,not found
liborange-crypto.so,2,2,,not found
libadnative.so,2,1,,not found
liblerp.so,2,1,,not found
libbdcloud_heifJni.so,2,1,,not found
libxmSecurity.so,2,1,,not found
libimagesdk.so,2,1,,not found
libnywl.so,2,1,,not found
libshell-super.koutu.aikoukou.pthotosxiuxiu.so,2,1,,not found
libpicscanner.so,2,1,,not found
libJniBitmapOperationsLibrary.so,2,1,,not found
libopenCVNative.so,2,1,https://github.com/opencv/opencv,not sure
libxmbstjpeg.so,2,1,,not found
libc++_shared1.so,2,1,,not found
libswak_album.so,2,1,,not found
libSNPE_G.so,2,1,,not found
libcropface.so,2,1,,not found
libsnpe_engine.so,2,1,,not found
libchildCropFace.so,2,1,,not found
libqingcdn-sdk.so,2,1,,not found
libmtaudiocore.so,2,1,,not found
librtmp_output.so,2,1,,not found
libmtblur.so,2,1,,not found
libmtpreviewbeauty.so,2,1,,not found
libnative_encoder.so,2,1,,not found
libqing-jni.so,2,1,,not found
libcms2.so,2,1,,not found
liblibgl.so,2,1,,not found
libwrapperffmpeg.so,2,1,https://github.com/FFmpeg/FFmpeg,not sure
libshell-super.com.xiaoyun.conversion.so,2,1,,not found
libMakeup.so,2,1,,not found
libopencvUtils.so,2,1,https://github.com/opencv/opencv,not sure
libidl_face_license.so,2,1,,not found
libmtprocessor-jni.so,2,1,,not found
libYUV420UtilsLib.so,2,1,,not found
liblantu-lib.so,2,1,,not found
libJniTest.so,2,1,,not found
libshell-super.com.pingdiguo.squaredraw.so,2,1,,not found
libshell-super.com.wl.gifdongtuzhizuo.so,2,1,,not found
libshell-super.com.ysxcy.flashgrab.so,2,1,,not found
libdrawingEngine.so,2,0,,not found
libsavuglm.so,2,1,,not found
libp5k.so,2,1,,not found
libwzd.so,2,1,,not found
libqborke8pwt.so,2,1,,not found
libYNGRup1fx.so,2,1,,not found
libGFwyr.so,2,1,,not found
libBOEImageProcessing.so,2,1,,not found
libPhotoEditingMiddleware_Android.so,2,1,,not found
libportal0.1.so,2,1,,not found
libCrossPlatformGL.so,2,1,,not found
liballtuuCrop.so,2,1,,not found
libVfqOWSsEEreVXFhEeekM.so,2,1,,not found
libCQpjgLskQNPEeeijByYI.so,2,1,,not found
libcloudstorage.so,2,1,,not found
libwmtnetjni.so,2,1,,not found
libcloudstoragejni.so,2,1,,not found
libwebrtc_audio_coding.so,2,1,https://webrtc.googlesource.com/src/,not sure
libwmtmedia.so,2,1,,not found
libwmtnet.so,2,1,,not found
libwmtutil.so,2,1,,not found
libRJOpenAIlib.so,2,1,,not found
librjopencv-lib.so,2,1,https://github.com/opencv/opencv,not sure
libhair.so,2,1,,not found
libsq905.so,2,1,,not found
libdigigr8.so,2,1,,not found
libptp2.so,2,1,,not found
libusbscsi.so,2,1,,not found
libtopfield.so,2,1,,not found
libsonix.so,2,1,,not found
libtp6801.so,2,1,,not found
libricoh_g3.so,2,1,,not found
libdimagev.so,2,1,,not found
libdisk.so,2,1,,not found
libjl2005a.so,2,1,,not found
libjl2005c.so,2,1,,not found
libkodak_dc240.so,2,1,,not found
libst2205.so,2,1,,not found
libptpip.so,2,1,,not found
libltdl.so,2,1,,not found
libmars.so,2,1,,not found
libax203.so,2,1,,not found
libusbdiskdirect.so,2,1,,not found
libpentax.so,2,1,,not found
libexiv2.so,2,1,,not found
libcanon.so,2,1,,not found
libdirectory.so,2,1,,not found
libsierra.so,2,1,,not found
libvphoto_exiv2.so,2,1,,not found
libvgphoto.so,2,1,,not found
libusb1.so,2,1,,not found
libffmovie.so,2,1,,not found
libapp_signer.so,2,1,,not found
libmotion_photo.so,2,1,,not found
librs.brightness.so,2,2,,not found
libshell-super.com.myd.picsearch.so,2,1,,not found
libmagick.so,2,1,,not found
libOpenCL.so,2,1,,not found
libeqxiu_native_lib.so,2,1,,not found
libmp4_muxer.so,2,1,,not found
libDDPFlow.so,2,1,,not found
libNebulaAPIs.so,2,1,,not found
libChildrenPwd.so,2,1,,not found
libyr-main.so,2,1,,not found
libthadqi.so,2,1,,not found
libadroi.so,2,1,,not found
libmodule_encryption.so,2,1,,not found
libmit2jni.so,2,1,,not found
libshell-super.com.shjiaoda.aKsUyw1.so,2,1,,not found
libyqq7as692.so,2,1,,not found
libshell-super.cn.touchv.adsATM4.so,2,1,,not found
libumc-auth.so,2,0,,not found
liblibfm.so,2,1,,not found
libca_readerc.so,2,0,,not found
libambeoempty.so,2,0,,not found
libvideocache.so,2,2,,not found
libshell-super.com.kdxs.yd.so,2,1,,not found
libshell-super.cn.touchv.aBEhoH1.so,2,1,,not found
libnative_net.so,2,1,,not found
libebk.so,2,1,,not found
libshella-4.1.0.22.so,2,1,,not found
libshell-super.2019.so,2,1,,not found
libshell-super.cn.touchv.aNzoKN1.so,2,1,,not found
libshell-super.cn.shcb.adYxUl.so,2,1,,not found
libz16aahpk.so,2,1,,not found
libDRPrincess.so,2,1,,not found
libqdbd.so,2,1,,not found
libywresample.so,2,1,,not found
libsos.so,2,1,,not found
libzlibdecompress.so,2,1,,not found
libepubparser.so,2,1,,not found
libshell-super.com.olib.read.so,2,1,,not found
libshell-superv.com.faloo.BookReader4Android.so,2,1,,not found
libshell-super.com.faloo.BookReader4Android.so,2,1,,not found
libshell-supervbasic.com.faloo.BookReader4Android.so,2,1,,not found
libts0idjg85.so,2,1,,not found
libqkqkd.so,2,1,,not found
libqkqkd-x86.so,2,1,,not found
libshell-super.com.ecnup.aaS16d3.so,2,1,,not found
libtimer.so,2,1,,not found
libshell-super.com.appbyme.app57336.so,2,1,,not found
libshell-super.com.wyapqzml.wyml.so,2,1,,not found
libshell-super.com.meta.nanwang.so,2,1,,not found
libsearchHelper.so,2,1,,not found
libsecure_strings.so,2,1,,not found
libgsgsm.so,2,1,,not found
libgsgsm-x86.so,2,1,,not found
libjni_encrypt.so,2,1,,not found
libsmmfile.so,2,2,,not found
libjnismmfile.so,2,2,,not found
libfssdl.so,2,1,,not found
libxunen.so,2,1,,not found
libwzept.so,2,1,,not found
libmlsoche.so,2,1,,not found
libaudioRecorder.so,2,1,,not found
libgolf.so,2,1,,not found
libluciferNative.so,2,1,,not found
libtgkjutils.so,2,1,,not found
libjypyz-x86.so,2,1,,not found
libjypyz.so,2,1,,not found
libCarControlAuthJni.so,2,1,,not found
libcom-base.so,2,1,,not found
libJCar.so,2,1,,not found
libshell-super.com.xpg.yrchargingpole.so,2,1,,not found
libshell-super.cn.com.dreamtouch.dcw.so,2,1,,not found
libndk_matetpms_a1.so,2,1,,not found
libndk_javas.so,2,1,,not found
libmerchant.so,2,1,,not found
libpaddle_full_api_shared.so,2,1,,not found
libflycv_shared.so,2,1,,not found
libfastdeploy.so,2,1,,not found
libfastdeploy_jni.so,2,1,,not found
libcore_tokenizers.so,2,1,,not found
libumcs.so,2,0,,not found
libRongIMVoip.so,2,0,,not found
libmvci.so,2,1,,not found
libvin.so,2,1,,not found
libmutils.so,2,1,,not found
libcomm.so,2,1,,not found
libjnivin.so,2,1,,not found
libjniselftest.so,2,1,,not found
libselftest.so,2,1,,not found
libdavm_ncif.so,2,1,,not found
libprotocols.so,2,1,,not found
libdpack.so,2,1,,not found
libtraeimp.so,2,1,,not found
libgmecodec.so,2,1,,not found
libapm-video-frame-handle-tool.so,2,1,,not found
libseshat.so,2,1,,not found
lib754dc876-d31d-4412-8830-ca959b04e90f.so,2,1,,not found
libb3bcbdc6-25e3-4d09-9b68-f1fd9b2c1da0.so,2,1,,not found
lib0e9343c6-4fda-4d4b-acc4-0a426af1cb06.so,2,1,,not found
libb81d90a1-1d08-4500-9f7d-75de1dd20aed.so,2,1,,not found
lib6cf6f66c-f875-45b5-a1f1-db188d53c4f5.so,2,1,,not found
libebdfd9f4-7f00-46dd-b8f8-e936fee7fcf7.so,2,1,,not found
lib23107284-5995-40b0-b8d6-375b1f4898d7.so,2,1,,not found
libd5808342-9169-463d-b2aa-b5ca9603d2bb.so,2,1,,not found
lib95b35a4a-514a-488f-9cfe-4978f83221d5.so,2,1,,not found
lib6f342093-3d99-4fa1-9818-f9dd3ef1e970.so,2,1,,not found
libf1f4a9a5-96a7-4059-bdc3-6745b8c1de8b.so,2,1,,not found
libe9685036-382e-437b-bcec-c92cf307acfe.so,2,1,,not found
lib734ed612-a4e7-4700-831f-76a8a27d363d.so,2,1,,not found
libdc453b38-790f-4d1a-878e-4eee6c7ce9dd.so,2,1,,not found
libf47fabd5-c0c1-4b10-aaba-fa28614dac5f.so,2,1,,not found
lib0014d3e4-b83a-4130-9583-be8d05591a7b.so,2,1,,not found
lib0a0b3e15-86bb-405e-ac85-8e79c8cee2c4.so,2,1,,not found
lib0f468228-41c5-45be-81e8-6409bd5b48ef.so,2,1,,not found
libcrashpad-lib.so,2,1,,not found
libandroidYuv.so,2,1,,not found
libConcat.so,2,1,,not found
libcommon_var.so,2,1,,not found
liblingoplayer-ffmpeg.so,2,1,https://github.com/FFmpeg/FFmpeg,not sure
libcfed2fc9-3415-4c5a-a364-ed0b16a26bde.so,2,1,,not found
libe73717c4-796e-460b-8be7-edcc24d1bf16.so,2,1,,not found
lib48ab8f41-da5a-4dc3-b219-a68f197f23c9.so,2,1,,not found
lib21b9a6a4-0e24-4061-a110-3d83d003aaad.so,2,1,,not found
lib0e06a229-d351-4c94-8777-21f8f8dfacca.so,2,1,,not found
libf40ea531-f3ec-4946-b1fe-b88dc8fa57fe.so,2,1,,not found
lib2b90d8b5-2aa1-4ebe-be94-09252816ca9f.so,2,1,,not found
libdabd5028-4d19-481c-a00a-3e9291745dfb.so,2,1,,not found
libcbb3b9c3-7bdd-4d95-9c96-5fa55365b084.so,2,1,,not found
lib3612e19d-32f9-4a88-8479-fe46ed5b4edc.so,2,1,,not found
lib05ca41c4-e76c-409d-ae44-c4a216ad57fa.so,2,1,,not found
lib8287289f-4850-4277-9585-86056cdef7a2.so,2,1,,not found
libc7f2659b-e2ad-4ade-b0a2-8eaab308d379.so,2,1,,not found
lib57b72a2b-1c39-43c7-981a-c3043d546115.so,2,1,,not found
lib8e91bb00-906d-42a6-8541-d71802beab05.so,2,1,,not found
libeac2a10f-d590-44d9-bf8d-c8edd3c6c0c1.so,2,1,,not found
lib84ef1c75-645f-434d-8d67-e878e51aad22.so,2,1,,not found
libbdd73cdc-c2b1-4e49-a94e-4727370fcb47.so,2,1,,not found
libdded0763-c01b-41d5-a365-5a006354b807.so,2,1,,not found
lib436d843f-13c7-47d4-9deb-cde2e0f18172.so,2,1,,not found
lib739078fe-373d-434f-ac97-1a87e7171dbd.so,2,1,,not found
lib9816e2d6-f674-4d34-9ef9-3a90f16659f4.so,2,1,,not found
libDBYEncrypt.so,2,0,,not found
libaefx.so,2,1,,not found
libbtime.so,2,1,,not found
libvideosummary.so,2,1,,not found
libnative-frame-sequence.so,2,1,,not found
libvecommon.so,2,1,,not found
libverender.so,2,1,,not found
libtanxssp.so,2,1,,not found
libqmve.so,2,1,,not found
libvbforecast.so,2,1,,not found
libbtplatform.so,2,1,,not found
libimageTagJni.so,2,1,,not found
libfd.so,2,1,,not found
libveutility.so,2,1,,not found
libexoffmpeg.so,2,1,https://github.com/FFmpeg/FFmpeg,not sure
libhandDetectJni.so,2,1,,not found
libkoutu.so,2,1,,not found
libvebaopai.so,2,1,,not found
libtffundamental.so,2,1,,not found
libbt_database.so,2,1,,not found
libft.so,2,1,,not found
libveffwrapper.so,2,1,,not found
libFirebaseCppApp-11_7_0.so,2,1,,not found
libcocosjs.so,2,1,,not found
libawplayer.so,2,1,,not found
libjav_player_sdk.so,2,1,,not found
librtspclient.so,2,1,,not found
lib..ffprobe..so,2,1,,not found
liblib_xiangyu.so,2,1,,not found
libfastcdr.so,2,1,,not found
libyulib.so,2,1,,not found
libfastrtps.so,2,1,,not found
libGM_EncoderJNI.so,2,0,,not found
libGMYDecoderJNI.so,2,0,,not found
libdes.so,2,2,,not found
libHttpDnsId.so,2,2,,not found
libshell-super.com.mmll.nurse.so,2,1,,not found
libshell-super.com.hanfang.hanfang2022.so,2,1,,not found
libsongsdk.so,2,1,,not found
libBingMaps-MapControl.so,2,2,,not found
libfmod_util.so,2,1,,not found
libkeaifd.so,2,2,,not found
libcrash_catch.so,2,2,,not found
libapk_patch.so,2,2,,not found
libXxzlGpsEnv.so,2,1,,not found
libpaho-mqtt3c.so,2,2,,not found
libclog.so,2,2,,not found
libfddutils.so,2,1,,not found
libbluetooth-reader-lib-btsdk14.so,2,1,,not found
libshell-super.com.increator.cc.wenzhoujzh.so,2,1,,not found
libsogou_speex_nt_v01.so,2,2,,not found
libturbojpeg-wrapper.so,2,1,https://github.com/libjpeg-turbo/libjpeg-turbo,not sure
librtmp_1.1.3.so,2,1,,not found
liblibzbar.so,2,0,,not found
libSouFunSec.so,2,2,,not found
libupliveness.so,2,1,,not found
libshell-super.home.onfun.onfun2019.so,2,1,,not found
libcrashtrigger.so,2,1,,not found
libipcclientcerts.so,2,2,,not found
libqdcrypt.so,2,1,,not found
libxtptf.so,2,1,,not found
libxtptf-x86.so,2,1,,not found
libUSERCRC.so,2,1,,not found
libINTEL.so,2,1,,not found
libyufui.so,2,1,,not found
libyufui-x86.so,2,1,,not found
libyuvFace.so,2,1,,not found
libyuvFaceAI.so,2,1,,not found
libshell-super.net.duohuo.magapp.erya.so,2,1,,not found
libeasypanoplayer.so,2,1,,not found
libgsgStitch.so,2,1,,not found
libshell-super.com.zhangjiang.m.so,2,1,,not found
libime_graphics.so,2,1,,not found
libp.so,2,1,,not found
libchiperencoder_v1_2_1.so,2,1,,not found
libsimeji_ime.so,2,1,,not found
libBaiduOcrSDK.so,2,1,,not found
libzeta.so,2,1,,not found
libfoem.so,2,1,,not found
libtax.so,2,1,,not found
libbtm.so,2,1,,not found
libBrowserShell_UC.so,2,1,,not found
libEdgeDB.so,2,1,,not found
liblinematch.so,2,1,,not found
libcompass.so,2,2,,not found
libnative-sec.so,2,2,,not found
libcronet.77.0.3865.120.so,2,1,,not found
libx5lite_lzma_1_12009800.so,2,1,,not found
libzh_cn.so,2,1,,not found
libtbstbsnetsdkImpl_dex.jar.so,2,1,,not found
liblzwEncoder.so,2,1,,not found
libgif-jni.so,2,1,,not found
libqflutter-resource-loader.so,2,1,,not found
libcmdsh.so,2,1,,not found
libx5lite_lzma_0_0.so,2,1,,not found
libLzmaDec.so,2,1,,not found
libneuquant.so,2,1,,not found
libflutter_feature_toggle.so,2,1,,not found
libmttRFixTest.so,2,1,,not found
libcore_dex.jar.so,2,1,,not found
lib7zip.so,2,1,,not found
libdoc_binding.so,2,1,,not found
libmttwebview.so,2,1,,not found
libmttwebp.so,2,1,https://chromium.googlesource.com/webm/libwebp/,not sure
libhummingbird.so,2,1,,not found
libtbsmd5info.conf.so,2,1,,not found
libmthook.so,2,1,,not found
libvopus.so,2,2,https://github.com/xiph/opus,not sure
libvivolog.so,2,2,,not found
libnative_audio_record_v7a.so,2,1,,not found
libregister.so,2,1,,not found
libnice-image-processor.so,2,1,,not found
libnice-imagepipeline.so,2,1,,not found
libnice-gpu-image.so,2,1,,not found
libnice-story-native-lib.so,2,1,,not found
libjni-bitmap-operator.so,2,1,,not found
libjnihelpers.so,2,1,,not found
libcryptopp.so,2,2,,not found
libCtclientJni.so,2,1,,not found
libleaf-android.so,2,1,,not found
libtextclassifier3_jni_tclib.so,2,1,,not found
libjni-encrypt-rsa.so,2,1,,not found
libghca-wifi-jni.so,2,1,,not found
libneutronrc.so,2,1,,not found
libDWNet.so,2,1,,not found
libyouyi_video.so,2,1,,not found
libQKJni.so,2,1,,not found
libshell-super.com.yqxx.music.so,2,1,,not found
libcachemanager.so,2,1,,not found
libtuner_cpp.so,2,1,,not found
libsmsdk_mirror.so,2,1,,not found
liblrsign.so,2,1,,not found
libEVad.so,2,2,,not found
libspeechlib.so,2,2,,not found
libiflytek-opus.so,2,2,https://github.com/xiph/opus,not sure
libneaudiovisualizers.so,2,1,,not found
libav.so,2,1,,not found
libCC00000068D62EDE0001634E22BDF17F.so,2,1,,not found
libslau.so,2,1,,not found
libhitro-lib.so,2,1,,not found
libHitroLab.so,2,1,,not found
libKKCore.so,2,1,,not found
libsys_validator.so,2,1,,not found
libnative-ju4code-lib.so,2,1,,not found
libnative-appu-lib.so,2,1,,not found
libshell-super.com.xykj.extractaudio.so,2,1,,not found
libshell-super.com.mobilelive.showCommunity.so,2,1,,not found
libstream.so,2,1,,not found
libwxsignature.so,2,1,,not found
libbox_encryption.so,2,1,,not found
libidatools.so,2,1,,not found
libcxCoreManger.so,2,1,,not found
libFaceBeauty.so,2,1,,not found
libFaceLandmark.so,2,1,,not found
libzoJWFIrIqFzBrgcAOQSb.so,2,1,,not found
libKwrrKmllABDkuFLbuLxt.so,2,1,,not found
libmqpintchk.so,2,0,,not found
libqav_rtc_sdk.so,2,1,,not found
libwwise_rtc_proxy.so,2,1,,not found
libtraeimp-qq.so,2,1,,not found
libnaviengine2.so,2,1,,not found
libembedtts.so,2,1,,not found
libsaas_jsi.so,2,1,,not found
libNLETemplateModelJni.so,2,2,,not found
libiperfandroid.so,2,1,,not found
libnative_think.so,2,1,,not found
libMJFirstLetterAssociation.so,2,1,,not found
libConfigFileINI.so,2,1,,not found
libLabelPrinterSDK.so,2,1,,not found
libSimpleLogModule.so,2,1,,not found
libAPPRuIIcoiHEcnEXeAGz.so,2,1,,not found
libDDRMwXaKBwzpvbTePRIx.so,2,1,,not found
libmhorZzuxKTRrfFLfzvnO.so,2,1,,not found
libhbwalle.so,2,1,,not found
libmnnpre.so,2,1,,not found
libmnnocr.so,2,1,,not found
liblmagex-core.so,2,1,,not found
libhbaudioengine.so,2,1,,not found
libhb_map_navi.so,2,1,,not found
libonesdk.so,2,1,,not found
libDJIFileUploaderSDK.so,2,2,,not found
libwxm.so,2,1,,not found
libgc.so,2,1,,not found
libEqTwhQZwWHkGPhnKKxOo.so,2,1,,not found
libRPCardengine.so,2,1,,not found
libfs-gears.so,2,1,,not found
libfileinfo.so,2,1,,not found
libcx_bsdiff.so,2,1,,not found
libscannersecuredatahelp.so,2,1,,not found
libsecuredatahelp.so,2,1,,not found
libnxui_component.so,2,2,,not found
libtk_runtime_lite_v0_0_141.so,2,1,,not found
libblocker.so,2,1,,not found
libsnpe_session_impl.so,2,1,,not found
libengineTransitJni.so,2,1,,not found
libSnpeDspV65Stub.so,2,1,,not found
libliguangsdk-lib.so,2,1,,not found
libpanoreal.so,2,1,,not found
libg2o_csparse_extension.so,2,1,,not found
libg2o_ext_csparse.so,2,1,,not found
libimageHandler.so,2,1,,not found
libg2o_types_slam3d.so,2,1,,not found
libg2o_solver_eigen.so,2,1,,not found
libfbow.so,2,1,,not found
libg2o_solver_dense.so,2,1,,not found
libg2o_types_sim3.so,2,1,,not found
libg2o_types_data.so,2,1,,not found
libg2o_solver_structure_only.so,2,1,,not found
libg2o_types_icp.so,2,1,,not found
libvryuv.so,2,1,,not found
libg2o_solver_csparse.so,2,1,,not found
libg2o_solver_pcg.so,2,1,,not found
libg2o_hierarchical.so,2,1,,not found
libg2o_cli.so,2,1,,not found
libg2o_types_slam2d_addons.so,2,1,,not found
libg2o_solver_slam2d_linear.so,2,1,,not found
libg2o_types_slam3d_addons.so,2,1,,not found
libg2o_types_sba.so,2,1,,not found
libg2o_types_slam2d.so,2,1,,not found
libg2o_types_sclam2d.so,2,1,,not found
libpanorealWrapper.so,2,1,,not found
libg2o_core.so,2,1,,not found
libg2o_stuff.so,2,1,,not found
libvrtrackWrapper.so,2,1,,not found
libmaimai_appmodules.so,2,1,,not found
libcronet.119.0.6008.0.so,2,1,,not found
libnativelib_maimai.so,2,1,,not found
libMMBsdiff.so,2,1,,not found
libreact_codegen_AppSpec.so,2,1,,not found
libghostlib_maimai.so,2,1,,not found
libqsssdknwrapper.so,2,1,,not found
libxtqssjni.so,2,1,,not found
liblib_office.so,2,1,,not found
libcoopsign.so,2,1,,not found
libDemo.so,2,1,,not found
libappendpng.so,2,1,,not found
libnotes_keystore.so,2,1,,not found
libnotes_bitmap_blue.so,2,1,,not found
libshell-super.com.julanling.jobbunting.so,2,1,,not found
libdm2.so,2,0,,not found
libdm.so,2,0,,not found
libAmrCoding.so,2,0,,not found
libjieba.so,2,1,,not found
libdlib.so,2,1,,not found
libynote_lib.so,2,1,,not found
librustynote.so,2,1,,not found
libyn_file_search.so,2,1,,not found
libnersa.so,2,1,,not found
libEsGmAPI.so,2,1,,not found
libteigha_jni.so,2,1,,not found
libserial_port_sp.so,2,1,,not found
libed84113a3_v1003_aee.so,2,1,,not found
liboposcalessdk.so,2,1,,not found
libclipper2.so,2,1,,not found
libtextsegmenterlib.so,2,1,,not found
libyzwg.so,2,2,,not found
libdexjni1758678891.so,2,1,,not found
libdexjni1758678610.so,2,1,,not found
libPrinterNative.so,2,1,,not found
libDeliAiImage.so,2,1,,not found
libJBigConvert.so,2,1,,not found
libttsnotemsc.so,2,1,,not found
libnotesengine.so,2,1,,not found
libAEE.so,2,2,,not found
libshell-super.com.youzan.retail.so,2,1,,not found
libepos2.so,2,1,,not found
libnative_parser.so,2,1,,not found
libsecuritychecknativelib.so,2,1,,not found
libMcDiff.so,2,1,,not found
libnative_add.so,2,1,,not found
libur5laq10.so,2,1,,not found
libbreakpad-native.so,2,1,,not found
libyischool.so,2,1,,not found
libSecurityCloud.so,2,1,,not found
libZfpkisoftApi.so,2,1,,not found
libZfpkisoftApiJNI.so,2,1,,not found
libtsigndata.so,2,1,,not found
libaudiowrapper.so,2,1,,not found
libssl3.so,2,2,,not found
libplc4.so,2,2,,not found
liblo-native-code.so,2,2,,not found
libnssdbm3.so,2,2,,not found
libnspr4.so,2,2,,not found
libsmime3.so,2,2,,not found
libplds4.so,2,2,,not found
libnssutil3.so,2,2,,not found
libauthNative.so,2,1,,not found
libiProtectLAKALA.so,2,1,,not found
libarcsoft_face.so,2,2,,not found
libnvcsnd.so,2,1,,not found
libpkcs12cert.so,2,1,,not found
libsvpnservice.so,2,1,,not found
libnvcclip.so,2,1,,not found
libsvpn.so,2,1,,not found
libefs.so,2,1,,not found
libhttps.so,2,1,,not found
libngs.so,2,1,,not found
libnvceim.so,2,1,,not found
libMDMDaemon.so,2,1,,not found
libnvcaudin.so,2,1,,not found
libnvcdr.so,2,1,,not found
libkd_unrar.so,2,1,,not found
libHJFaceDetect.so,2,1,,not found
libHJFaceLive_2.0.so,2,1,,not found
libHJAuthorize.so,2,1,,not found
libTIMAdvancedEncryptionPlugin.so,2,1,,not found
libEnvConfig.so,2,1,,not found
libpolarssl.so,2,1,,not found
libpaencoder.so,2,1,,not found
libh264enc.so,2,1,,not found
libnllvm1623837162.so,2,1,,not found
libnllvm1749001356125.so,2,1,,not found
libpastreamer.so,2,1,,not found
libzn2.so,2,1,,not found
libMMLog-lib.so,2,1,,not found
libhrxjpeg.so,2,1,,not found
libpavideoutil.so,2,1,,not found
libnllvm1728723406770.so,2,1,,not found
libapaas_face_detect.so,2,1,,not found
libcronet.85.0.4183.127.so,2,1,,not found
libshell-super.com.jftutuw.so,2,1,,not found
libtodo-lib.so,2,1,,not found
libfunnelview.so,2,1,,not found
libjopus.so,2,1,https://github.com/xiph/opus,not sure
libdata-lib.so,2,1,,not found
libsourceInfo.so,2,1,,not found
liblunar.so,2,1,,not found
libshell-super.com.maomigou.app.so,2,1,,not found
libxsdj-lib.so,2,1,,not found
libzp-sdk-eagle-eye.so,2,2,,not found
libzp-sdk-transport.so,2,2,,not found
libzp-sdk-nebulaugc.so,2,2,,not found
libzp-sdk-rtc.so,2,2,,not found
libalita_media_kit.so,2,2,,not found
libzp-sdk-matrix.so,2,2,,not found
libzp-sdk-safety-face-detect.so,2,2,,not found
libmedia-kit.so,2,2,,not found
libzp-sdk-avmodule.so,2,2,,not found
libJNIIportalApi.so,2,1,,not found
libNativeFormats-v3.so,2,1,,not found
liblibnanoapi.so,2,1,,not found
libjnisample.so,2,1,,not found
libdada_secure_1.0.3.so,2,1,,not found
libfs.so,2,1,,not found
libYkBase.so,2,0,,not found
librvesev.so,2,1,,not found
libnotes.so,2,1,,not found
libaplayer_android_1.2.2.408.so,2,1,,not found
libdigit_document.so,2,1,,not found
libCtWaveReader.so,2,1,,not found
libvector.so,2,1,,not found
libSMBMedia.so,2,1,,not found
libalertmessageimpl.so,2,1,,not found
libDevAddManager.so,2,1,,not found
libregionModuleImpl.so,2,1,,not found
libtpdownloader.so,2,1,,not found
libEncryptLibs.so,2,1,,not found
libvmsDeviceInfo.so,2,1,,not found
libDeviceModule.so,2,1,,not found
libToolLibs.so,2,1,,not found
libCpeManageService.so,2,1,,not found
libwasm3simple.so,2,1,,not found
libmgc.so,2,2,,not found
libandroid_qqmail_core.so,2,1,,not found
libpainter.so,2,2,,not found
libdenosexJNI.so,2,1,,not found
libtwolib-second_decoder.so,2,1,,not found
libNativeUnrar.so,2,1,,not found
libNativeScene.so,2,1,,not found
libnet_manager.so,2,1,,not found
libmoa_jni.so,2,1,,not found
libfilehash.so,2,1,,not found
libsdc-barcode.so,2,1,,not found
libVpuPhoneBar.so,2,1,,not found
libWebViewCore_7z_uc_jsi_255.so,2,2,,not found
libaladdin_jni.so,2,2,,not found
libalieas.so,2,2,,not found
libdtnest_module.so,2,2,,not found
libnest_mmkv.so,2,2,,not found
libdingtalk-searcher.so,2,2,,not found
libsafeguard.so,2,2,,not found
libDtSync.so,2,2,,not found
libflutter_ffi.so,2,2,,not found
libjgcai_x86.so,2,1,,not found
libjgcai.so,2,1,,not found
libPdicDecoder.so,2,1,,not found
libtms_security.so,2,1,,not found
libpdd_flutter_native_bridge.so,2,1,,not found
libfood_ai.so,2,1,,not found
libtf_safe.so,2,1,,not found
libobj_edge_detector_v2.so,2,1,,not found
libwps_ability.so,2,1,,not found
libobj_edge_detector.so,2,1,,not found
liblobster.so,2,1,,not found
libyuvproc-lib.so,2,1,,not found
libezviz_audio_swd.so,2,1,,not found
libezImSDK.so,2,1,,not found
libanylive.9.12.34.so,2,1,,not found
libezvizswd.so,2,1,,not found
libakaudio.so,2,1,,not found
libffmpegGrabFrame.so,2,1,https://github.com/FFmpeg/FFmpeg,not sure
libahyuv.so,2,1,,not found
libahffmpeg.so,2,2,https://github.com/FFmpeg/FFmpeg,not sure
libahturbojpeg.so,2,2,https://github.com/libjpeg-turbo/libjpeg-turbo,not sure
libahspeexdsp.so,2,1,,not found
libahsonic.so,2,1,,not found
libahvideofx_ahsdk.so,2,1,,not found
libffmpeghelper.so,2,2,https://github.com/FFmpeg/FFmpeg,not sure
libahyuvutil.so,2,1,,not found
libffmpegAudioDecode.so,2,1,https://github.com/FFmpeg/FFmpeg,not sure
libwpslook.so,2,1,,not found
libztoaes.so,2,1,,not found
libKT_serial_port.so,2,1,,not found
libKTIDCard.so,2,1,,not found
libmspack.so,2,1,,not found
libmyfont.so,2,2,,not found
libsc-lib.so,2,1,,not found
libquic.so,2,2,,not found
liblxdecode.so,2,2,,not found
liblxconsole.so,2,2,,not found
liblanxincrpytmgr.so,2,1,,not found
liblx_ffmpeg_jni.so,2,1,https://github.com/FFmpeg/FFmpeg,not sure
libofdoes.so,2,1,,not found
libltime.so,2,1,,not found
libtermux.so,2,1,,not found
libsuniabasev2.so,2,1,,not found
libnbienginev2.so,2,1,,not found
libjdrdrm.so,2,1,,not found
libgraphicrecov2.so,2,1,,not found
libgraphicv2.so,2,1,,not found
libhbwrapper.so,2,1,,not found
libgraphenginev2.so,2,1,,not found
libgesturerecov2.so,2,1,,not found
libSNHTREnginev2.so,2,1,,not found
libshaperecov2.so,2,1,,not found
libjddrmsdk.so,2,1,,not found
libmathcaculatev2.so,2,1,,not found
libsjkv2.so,2,1,,not found
liblangdetectadapterv2.so,2,1,,not found
libnaienginev2.so,2,1,,not found
libapr.so,2,1,,not found
libHDCardSKF.so,2,1,,not found
libWst234SKFEngine.so,2,1,,not found
libEngineUtility.so,2,1,,not found
libapr-util.so,2,1,,not found
libGAPIP11.so,2,1,,not found
libskf_ssim_native_lib.so,2,1,,not found
libike.so,2,1,,not found
libAuthClientService.so,2,1,,not found
libSafetyCardLib.so,2,1,,not found
libCertManagerService.so,2,1,,not found
libwstssl10.so,2,1,,not found
libscmsdk2.so,2,1,,not found
libEngHub.so,2,1,,not found
libUAS.so,2,1,,not found
libskf_ts_native_lib.so,2,1,,not found
libJWCardSKF.so,2,1,,not found
libskf_cetc_app.so,2,1,,not found
libpkcs11_api.so,2,1,,not found
libCertUtils.so,2,1,,not found
libSPUtils.so,2,1,,not found
libsm13algrithm.so,2,1,,not found
libwsteay10.so,2,1,,not found
liblwip.so,2,1,,not found
libWstLog.so,2,1,,not found
libskf_jwnm_api.so,2,1,,not found
libsw3.so,2,1,,not found
libBiometricVerifyRecap.so,2,2,,not found
libchipmdmnative.so,2,1,,not found
libdocsign_sdk.so,2,1,,not found
libtiff_jni.so,2,1,,not found
libsdk_provision.so,2,1,,not found
libtiff_port.so,2,1,,not found
libdocsign_cdata.so,2,1,,not found
libqianniu-store.so,2,1,,not found
libkeytool.so,2,1,,not found
libencapsecureauth.so,2,1,,not found
libsecurefile.so,2,1,,not found
libkwsFiles.so,2,1,,not found
libopencv_java4_xw.so,2,1,https://github.com/opencv/opencv,not sure
libEdgeEngine.so,2,1,,not found
libUIFlyCodeEngine.so,2,1,,not found
libAI_SDK.so,2,1,,not found
libAPP.so,2,1,,not found
libVSafeSDK_JNI.so,2,1,,not found
libVSafeSDK_Crypto_Pkcs11_Soft.so,2,1,,not found
libVSafeSDK_Client.so,2,1,,not found
libVSafeSDK_Crypto.so,2,1,,not found
libxylinkbreakpad.so,2,1,,not found
libwebpparser.so,2,1,https://chromium.googlesource.com/webm/libwebp/,not sure
libxycurl.so,2,1,,not found
libKeyProvider.so,2,1,,not found
libkeyprovider.so,2,1,,not found
libhwsdk-jni.so,2,1,,not found
libopus_pdd.so,2,1,https://github.com/xiph/opus,not sure
libFPUnwind.so,2,1,,not found
libpapmLeak.so,2,1,,not found
libktnn_engine.so,2,2,,not found
libnghttp2.so,2,2,,not found
libIBoxpaySDK.so,2,1,,not found
libec-cv-lib.so,2,1,,not found
libdata_center.so,2,1,,not found
libTAGEngineV2.so,2,1,,not found
libnbitmap.so,2,1,,not found
libenhance4draft.so,2,1,,not found
liboctopus_classifier.so,2,1,,not found
liblongImageStitch.so,2,1,,not found
libmagicenhancer.so,2,1,,not found
libjbig2enc.so,2,1,,not found
libFocusArea.so,2,1,,not found
libdigital_ink.so,2,1,,not found
libpdfium_jni.so,2,1,,not found
libad-native-lib.so,2,1,,not found
libTAGEngine.so,2,1,,not found
libpatch_bsdiff.so,2,1,,not found
libCVNN.so,2,1,,not found
libencryptfile.so,2,1,,not found
libicelib.so,2,1,,not found
libpagescanner.so,2,1,,not found
libpinyinEngine.so,2,1,,not found
libitlogin.so,2,1,,not found
my_libtencentloc.so,2,1,,not found
libTFDriver.so,2,0,,not found
libLMSecurityPlugin.so,2,0,,not found
libMoKeyStore.so,2,2,,not found
libmsmdmarp-houdini.so,2,1,,not found
libshell-super.com.youzan.meiyesj.so,2,1,,not found
libplugin_panel_sort.so,2,1,,not found
librr_lib.so,2,1,,not found
libAppMixedRn_appmodules.so,2,1,,not found
libreact-native-keys.so,2,1,,not found
libx264-155.so,2,1,https://code.videolan.org/videolan/x264,not sure
libtrajectory.so,2,1,,not found
libGuideMediaStream.so,2,1,,not found
libtrinity.so,2,1,,not found
libmnnportraitsegmentation.so,2,1,,not found
libcom.jd.dh.router.so,2,1,,not found
libcom.jd.dh.webview.so,2,1,,not found
libjddNativeLib.so,2,1,,not found
libcom.jd.dh.settings.so,2,1,,not found
libcom.jd.dh.inquiry.so,2,1,,not found
libcom.jd.dh.inquiremanager.so,2,1,,not found
libcom.jd.dh.graborder.so,2,1,,not found
libcom.jd.dh.notification.so,2,1,,not found
libjdtvsr.so,2,1,,not found
libcom.jd.dh.prescription.so,2,1,,not found
libcom.jd.dh.flutter.so,2,1,,not found
libjdc_live.so,2,1,,not found
libcom.jd.dh.personal.so,2,1,,not found
libcom.jd.dh.chronic.so,2,1,,not found
libcom.jd.dh.sufferingArticles.so,2,1,,not found
libcom.jd.dh.groupchat.so,2,1,,not found
librs.yuv_to_rgb.so,2,1,,not found
librs.yuv_blur.so,2,1,,not found
libnativeAbi.so,2,1,,not found
librs.yuv_zbblur.so,2,1,,not found
libcom.jd.dh.oldweb.so,2,1,,not found
libcom.jd.dh.troubleshoot.so,2,1,,not found
libcom.jd.dh.verify.so,2,1,,not found
libcom.jd.dh.dypage.so,2,1,,not found
libcom.jd.dh.medicalCenter.so,2,1,,not found
libcom.jd.dh.chatting.so,2,1,,not found
libcom.jd.dh.react.so,2,1,,not found
libcom.jd.dh.floor.so,2,1,,not found
libcom.jd.dh.income.so,2,1,,not found
librs.yuvprocessor.so,2,1,,not found
libcom.jd.dh.account.so,2,1,,not found
libcf-msc.so,2,1,,not found
libshell-super.com.medicom.mcdex.so,2,1,,not found
libreact_codegen_NativeWukonBridgeSpec.so,2,2,,not found
libreact_codegen_NativeLPCodePush.so,2,2,,not found
libandroid-phone-wallet-pedometer-sdk.so,2,2,,not found
libtnet-3.1.1.so,2,1,,not found
libbase_tj.so,2,1,,not found
libperson_tj.so,2,1,,not found
libfilters.so,2,1,,not found
libmultithreaded_sleep-alg.so,2,1,,not found
libalgoSleep20210108.so,2,1,,not found
libecg_filter.so,2,1,,not found
libnormalization-ppg.so,2,1,,not found
libfastecgfilterandroid.so,2,1,,not found
libodi.so,2,1,,not found
libsleep-alg.so,2,1,,not found
libodi-lib.so,2,1,,not found
libEcgPatchAccSDK.so,2,1,,not found
libnative-algorithm-jni-v112.so,2,1,,not found
libnative-algorithm-v1_1_2F.so,2,1,,not found
libnative-algorithm-v1_1_0.so,2,1,,not found
libnative-algorithm-v1_1_1.so,2,1,,not found
libnative-algorithm-jni-v111.so,2,1,,not found
libnative-algorithm-jni-v113B.so,2,1,,not found
libnative-algorithm-jni-v110.so,2,1,,not found
libnative-algorithm-jni-v115G.so,2,1,,not found
libnative-algorithm-v1_1_2.so,2,1,,not found
libnative-algorithm-v1_1_3_B.so,2,1,,not found
libnative-algorithm-v1_1_5G.so,2,1,,not found
libnative-algorithm-jni-v112F.so,2,1,,not found
libshell-super.com.founder.bysydoctorapp.so,2,1,,not found
libDataProcessing.so,2,1,,not found
libClassifyNcnn.so,2,1,,not found
libwmxlog.so,2,2,,not found
libshell-super.com.lafonapps.llgy.so,2,1,,not found
libtest_lib.so,2,1,,not found
libtest_lib_two.so,2,1,,not found
libnsp.so,2,1,,not found
libshell-supervbasic.cn.dxy.medicinehelper.so,2,1,,not found
libshell-super.cn.dxy.medicinehelper.so,2,1,,not found
libshell-superv.cn.dxy.medicinehelper.so,2,1,,not found
libshell-super.com.founder.bysypatientapp.so,2,1,,not found
libcopy.so,2,1,,not found
libcompliance-lib.so,2,1,,not found
libolm.so,2,1,,not found
libalgorithm_jni_1_29_0_0.so,2,1,,not found
libYSBNative.so,2,1,,not found
libreal_time_alg.so,2,1,,not found
libopencv_dart.so,2,1,https://github.com/opencv/opencv,not sure
libundistortion.so,2,1,,not found
libStepCounter.so,2,1,,not found
libPaceRobot.so,2,1,,not found
libLandiBandEmvJni.so,2,0,,not found
libLKMapSDK_base_v2_3_7.so,2,1,,not found
libLKMapSDK_map_v2_3_7.so,2,1,,not found
libyeemiao.so,2,1,,not found
libptrace-preempt.so,2,1,,not found
libjk_tcp.so,2,1,,not found
libfrontend_audiodept_entry_point.so,2,1,,not found
libphonemizer_entry_point_en.so,2,1,,not found
libttsBeeInterface.so,2,1,,not found
libphonemizer_native_en.so,2,1,,not found
libtts_interface.so,2,1,,not found
libfrontend_audiodept.so,2,1,,not found
libmdkjnidemo.so,2,1,,not found
libMedAuthorizeLib.so,2,1,,not found
libaudiotransform.so,2,1,,not found
libnllvm1683789693076.so,2,1,,not found
libnllvm1683790172338.so,2,1,,not found
libtnet-3.1.2.so,2,1,,not found
libcolorutils.so,2,1,,not found
libshell-super.com.lifeplus.diveplus.so,2,1,,not found
libcvimageutils.so,2,1,,not found
libsnore-lib.so,2,1,,not found
libj2j_hdfhttp.so,2,1,,not found
libmpaas_configlite.so,2,1,,not found
libtuya_android.so,2,1,,not found
libFrameProcess.so,2,1,,not found
libsinoCgmSdk.so,2,1,,not found
libAlg.so,2,1,,not found
libguahao-jni2.so,2,1,,not found
libflutter_qapm.so,2,1,,not found
librtc-pusher.so,2,1,,not found
libsoinjectchecker-lib.so,2,1,,not found
libantuser.so,2,2,,not found
libant3d_jni.so,2,2,,not found
libts_multiplatform-phone-product_healthy_security.so,2,2,,not found
libant3d_jsi.so,2,2,,not found
libaliauth.so,2,2,,not found
libantmediacodec_interface.so,2,2,,not found
libmultiplatform-phone-product_healthy_security.so,2,2,,not found
libantaudio_interface.so,2,2,,not found
libcommon_componentservice.so,2,2,,not found
libNativeLibrary.so,2,1,,not found
libshell-super.com.jianbq.zzw.so,2,1,,not found
libUnicare.so,2,1,,not found
libbzffmpeg.so,2,2,https://github.com/FFmpeg/FFmpeg,not sure
libbzffmpegcmd.so,2,2,https://github.com/FFmpeg/FFmpeg,not sure
libshell-super.com.pifukezaixian.users.so,2,1,,not found
libqiumei-lib.so,2,1,,not found
libGPComAir5Lib.so,2,1,,not found
libshell-super.com.chaolu.coach.so,2,1,,not found
libshell-superv.cn.dxy.idxyer.so,2,1,,not found
libshell-super.cn.dxy.idxyer.so,2,1,,not found
libshell-supervbasic.cn.dxy.idxyer.so,2,1,,not found
libA3SDK.so,2,1,,not found
libmhealth365.so,2,1,,not found
libTestCallEcg.so,2,1,,not found
libADPCM1.so,2,1,,not found
libzPSApp.so,2,2,,not found
libDBSignatureUtils.so,2,1,,not found
libJNIUtils.so,2,1,,not found
libshell-super.com.maoying.fitness.so,2,1,,not found
libopus_egpv.so,2,1,https://github.com/xiph/opus,not sure
libGfxPluginCardboard.so,2,1,,not found
libwebrtc-audio.so,2,1,https://webrtc.googlesource.com/src/,not sure
libmp3lame-lib.so,2,1,,not found
libmegskeleton.so,2,0,,not found
libdatamanager.so,2,0,,not found
libjky_noise_suppression.so,2,1,,not found
libxmsnos.so,2,1,,not found
libget_Disturb.so,2,1,,not found
libAbpPressureAlg.so,2,1,,not found
libBloodPressureAlg.so,2,1,,not found
libshlreportalg.so,2,1,,not found
libIqaSelectSDK.so,2,1,,not found
libllcalc_jni.so,2,1,,not found
libllcalc.so,2,1,,not found
libllpulse_jni.so,2,1,,not found
libllpulse.so,2,1,,not found
libllanalysis_jni.so,2,1,,not found
libllanalysis.so,2,1,,not found
libovp_face_tracking.so,2,1,,not found
libnative_ai.so,2,1,,not found
libprotector.so,2,1,,not found
libnative-algorithm-jni-v112E.so,2,1,,not found
libnative-algorithm-E112G.so,2,1,,not found
libnative-algorithm-E115N.so,2,1,,not found
libnative-algorithm-jni-E112G.so,2,1,,not found
libnative-algorithm-jni-E115M.so,2,1,,not found
libnative-algorithm-jni-E115N.so,2,1,,not found
libnative-algorithm-E115M.so,2,1,,not found
libnative-algorithm-v1_1_2E.so,2,1,,not found
libheartrate.so,2,1,,not found
libhr_core.so,2,1,,not found
libgsl.so,2,1,,not found
librecipe-lib.so,2,1,,not found
liblifesense-device-watchfacetool.so,2,1,,not found
libef7d69542_v10320_aee.so,2,1,,not found
libebd1bade4_v1066_aee.so,2,1,,not found
libsqlite3.x64.android.so,2,0,https://github.com/sqlite/sqlite,not sure
liburlnativelib.so,2,1,,not found
libdrumthumper.so,2,2,,not found
libspace.so,2,2,,not found
libks061dkewd.so,2,1,,not found
libchipsea_bia_a019_v11.so,2,1,,not found
libchipsea_bia_a019_v10.so,2,1,,not found
libchipsea_biad_v235.so,2,1,,not found
libipvp.so,2,1,,not found
libcapture_impl.so,2,1,,not found
librender_impl.so,2,1,,not found
libaqua-http.so,2,1,,not found
libvideo_render.so,2,1,,not found
libvideo_captures.so,2,1,,not found
libsfurecord.so,2,1,,not found
libwhiteboard_android.so,2,1,,not found
libfile_content_capture.so,2,1,,not found
libende_v5.so,2,1,,not found
libbpalg.so,2,1,,not found
libsnailquestion-lib.so,2,1,,not found
libThinkitEventDetect.so,2,1,,not found
libssp-lib.so,2,1,,not found
liblicnet.so,2,1,,not found
libsleepstatus-jni.so,2,1,,not found
libsnailaudio-lib.so,2,1,,not found
libsleepstatus.so,2,1,,not found
libencryption-jni.so,2,1,,not found
libsleephealth-lib.so,2,1,,not found
libdocextractor-lib.so,2,1,,not found
libimgpro-lib.so,2,1,,not found
libshell-super.com.vtrump.accuway.so,2,1,,not found
libAEyeAliveAssessment.so,2,0,,not found
libZHY_CameraDevice.so,2,0,,not found
libtDaLQHmyadHqKNAVuVpb.so,2,1,,not found
libZtALOrDPgAQFjSvzGtUD.so,2,1,,not found
libdcm-lib.so,2,1,,not found
libdcmtk.so,2,1,,not found
libeasleep.so,2,1,,not found
libnative-algorithm-jni-v116A.so,2,1,,not found
libnative-algorithm-v1_1_6A.so,2,1,,not found
libfusisdk.so,2,1,,not found
libfusi.so,2,1,,not found
libsmartopus.so,2,1,https://github.com/xiph/opus,not sure
libiwown_health_20211215.so,2,1,,not found
libyolanda_teeny.so,2,1,,not found
libdata_parse_lib.so,2,1,,not found
libchipsea_bias_v235my.so,2,1,,not found
libdnurse.so,2,1,,not found
libfast-encoder.so,2,1,,not found
libencoder_bridge.so,2,1,,not found
libNicedayNativeLib.so,2,1,,not found
libopus_bridge.so,2,1,https://github.com/xiph/opus,not sure
libpsp.so,2,1,,not found
libindexconvert.so,2,1,,not found
libsleep_stage_algorithm.so,2,1,,not found
libpspjni.so,2,1,,not found
libokgo.so,2,1,,not found
libiccameraHr.so,2,1,,not found
libijksdlsolex.so,2,1,,not found
libijkffmpegsolex.so,2,1,https://github.com/FFmpeg/FFmpeg,not sure
libbreoc.so,2,1,,not found
libijkplayersolex.so,2,1,,not found
libshell-super.com.manulife.move.cn.so,2,1,,not found
libmenstrual_algo.so,2,1,,not found
libstage-lib.so,2,1,,not found
libsleepquality.so,2,1,,not found
libPhoneSleepSDK.so,2,1,,not found
libmi_ecg_alg.so,2,1,,not found
libdataProcess.so,2,1,,not found
libcentral_client_interface.so,2,1,,not found
libmilink.so,2,1,,not found
libchipsea_bias_v432.so,2,1,,not found
libjni_xiaomi_sleep_algorithm.so,2,1,,not found
libyrnbridge.so,2,1,,not found
libsleep_detect.so,2,1,,not found
libHealthCare.so,2,1,,not found
librpc.so,2,1,,not found
libnetproxy.so,2,1,,not found
libpng2tga.so,2,1,,not found
libvad2.so,2,1,,not found
libgps_algo_share.so,2,1,,not found
libjni_physical_status_algo.so,2,1,,not found
libjni_byopus.so,2,1,https://github.com/xiph/opus,not sure
libdevice-compress.so,2,1,,not found
libmi-algo-menstrual.so,2,1,,not found
libcentralclient.so,2,1,,not found
libjni_mi_ecg_algo.so,2,1,,not found
libaivs_jni.so,2,1,,not found
libjni_gps_algo.so,2,1,,not found
libmicontinuity_sdk.so,2,1,,not found
libdevice-encrypt.so,2,1,,not found
libxmd.so,2,1,,not found
libyrnv8executor.so,2,1,,not found
libMI_HLS_TRAINSTATE.so,2,1,,not found
libtgc-pp.so,2,1,,not found
libphoneState.so,2,1,,not found
libshell-super.com.yoloho.dayima.so,2,1,,not found
liblivepusher-openh264.so,2,1,https://github.com/cisco/openh264,not sure
libperiodRange.so,2,1,,not found
libshensu.so,2,1,,not found
libshensuCid.so,2,1,,not found
libmralgorithm.so,2,1,,not found
libanura-core-sdk.so,2,1,,not found
libCC00000069118C3000002F1C0D1BA863.so,2,1,,not found
libnative-interface.so,2,1,,not found
libwebspeex.so,2,1,,not found
libface_recognition.so,2,1,,not found
libnative-search.so,2,1,,not found
libz9cf67.so,2,1,,not found
libnc40a9.so,2,1,,not found
libh6fe41.so,2,1,,not found
libDe82be.so,2,1,,not found
libd54060.so,2,1,,not found
libx331.so,2,1,,not found
libj50f.so,2,1,,not found
libc84cb8.so,2,1,,not found
libec1054.so,2,1,,not found
libf5a1.so,2,1,,not found
libq35b87.so,2,1,,not found
libwd586c.so,2,1,,not found
libbae974.so,2,1,,not found
libs71.so,2,1,,not found
libr93cc7.so,2,1,,not found
libva91fb.so,2,1,,not found
libab814b.so,2,1,,not found
libi2bc11.so,2,1,,not found
libBb3819.so,2,1,,not found
libybd38a.so,2,1,,not found
liblc4673.so,2,1,,not found
libo4e.so,2,1,,not found
libu9e870.so,2,1,,not found
libp37b3.so,2,1,,not found
libt399a6.so,2,1,,not found
libmaee35.so,2,1,,not found
libgebc5b.so,2,1,,not found
libka5d23.so,2,1,,not found
libases_engine.so,2,2,,not found
liblame-mad-lib.so,2,1,,not found
libsgfdecryptor.so,2,1,,not found
libmidilogger.so,2,1,,not found
libwanaka-audio.so,2,1,,not found
libaudio-rt.so,2,1,,not found
libaitools.so,2,1,,not found
libkyxl_native_lib.so,2,1,,not found
libshell-super.com.lizhiweike.lihuaedu.so,2,1,,not found
libbaselibrary.so,2,1,,not found
libhades.so,2,1,,not found
libyylRecord.so,2,1,,not found
libdubbing.so,2,1,,not found
libcwmp3lame.so,2,1,,not found
libbellmouthdetect.so,2,1,,not found
libvideoffmpeg.so,2,1,https://github.com/FFmpeg/FFmpeg,not sure
libxz_decoder.so,2,1,,not found
lib-zego-agora-remote-bundle.so,2,1,,not found
libbellmouth.so,2,1,,not found
libebur128.so,2,1,,not found
libMarket.so,2,1,,not found
libpost-data-crypto.so,2,1,,not found
libyuvbitmap-lib.so,2,1,,not found
liblibmp3lame.so,2,1,,not found
libmp3lame02.so,2,1,,not found
libshell-super.com.lizhiweike.so,2,1,,not found
libaudioEngine.so,2,1,,not found
libFirebaseCppApp-12_1_0.so,2,1,,not found
libnsplugin.so,2,1,,not found
libtestc_courseware.so,2,1,,not found
libQRLC.so,2,1,,not found
libplay_flex.so,2,1,,not found
libarivoc.so,2,1,,not found
libplay_courseware.so,2,1,,not found
libAnswerCardReader.so,2,1,,not found
libxiaoyingcommjni.so,2,1,,not found
libtorrent4j.so,2,1,,not found
libxiaoyinglibjni.so,2,1,,not found
libbdhttpsdnsconfig.so,2,1,,not found
libSecureSDK.so,2,1,,not found
libblitz.so,2,1,,not found
libvqd.so,2,1,,not found
libzy_oee_sdk.so,2,1,,not found
libguitarpitch.so,2,1,,not found
libdispatch.so,2,1,,not found
libobjc.so,2,1,,not found
libflac-encoder.so,2,1,,not found
libffmpegDemo.so,2,0,https://github.com/FFmpeg/FFmpeg,not sure
libutils-jni.so,2,1,,not found
liblib-webrtc.so,2,1,https://webrtc.googlesource.com/src/,not sure
libgop.so,2,1,,not found
libtracenet.so,2,1,,not found
libamazon_chime_media_client.so,2,1,,not found
libdptpfuse.so,2,1,,not found
libssencrypt.so,2,1,,not found
libef7d69542_v10260_aee.so,2,1,,not found
libys1lym6y.so,2,1,,not found
libnechecker.so,2,1,,not found
libnumberUtils.so,2,1,,not found
libimsdk_libs.so,2,1,,not found
libNCAndroidSecret.so,2,1,,not found
libshell-super.zhke.jzah.mhc.so,2,1,,not found
libshell-super.qianxing.taojinke.so,2,1,,not found
libreaderapi.so,2,1,,not found
libnnwoyx42p.so,2,1,,not found
libshell-super.com.com1010jz.so,2,1,,not found
libshell-super.com.uqwe.xmjs.so,2,1,,not found
libfb9vm.so,2,1,,not found
libshell-super.com.bbuy.jgkz.so,2,1,,not found
libshell-super.com.xinrenlei.koubeigongzuo.so,2,1,,not found
libball_trajectory.so,2,1,,not found
libTableAlgorithm.so,2,1,,not found
libPongbotMT.so,2,1,,not found
libCC0000006836D64900004A3D1BD14F53.so,2,1,,not found
libengine_share.so,2,1,,not found
libmyalgorithm.so,2,1,,not found
libEnCrypt.so,2,1,,not found
libFileWriter.so,2,1,,not found
libebd1bade4_v1023_aee.so,2,1,,not found
libbmp-lib.so,2,1,,not found
libInspireFace.so,2,1,,not found
libshell-super.com.chaolu.app.so,2,1,,not found
libCC0000006837FE3500002DB8F2D30B63.so,2,1,,not found
libshell-super.com.example.gita.gxty.so,2,1,,not found
libsportaction.so,2,1,,not found
libSdkHelper_sdk-x86.so,2,0,,not found
libquantcmd.so,2,2,,not found
libImageMagic.so,2,2,,not found
libm199lvjehk.so,2,1,,not found
libysjni.so,2,1,,not found
libcxEngineTest.so,2,1,,not found
libjpeg_jni.so,2,1,,not found
libfitsdk.so,2,1,,not found
libfit.so,2,1,,not found
libappleMusicSDK.so,2,1,,not found
libdrqtrbm.so,2,1,,not found
libCC000000683429E4000044F7574FB43D.so,2,1,,not found
libvinda.so,2,1,,not found
libskeleton.so,2,1,,not found
libdLUKhECxRdhJNurLfySS.so,2,1,,not found
libantidebug.so,2,1,,not found
libfoofk.so,2,1,,not found
libtongueorSDK.so,2,1,,not found
libstepdetect_mul_mode.so,2,1,,not found
libHeartRate.so,2,1,,not found
libstepdetect.so,2,1,,not found
libHeartRateNew.so,2,1,,not found
libbypassRestriction.so,2,1,,not found
libCC000000683434A200004C785A40D10E.so,2,1,,not found
libbhBodyCompositionBody220.so,2,1,,not found
libcsalgorithmex.so,2,1,,not found
libshell-super.com.hpaopao.marathon.so,2,1,,not found
libj1pom.so,2,1,,not found
libmood-regulation.so,2,1,,not found
libcutie.so,2,1,,not found
libmy_ssl.so,2,1,,not found
libmy_crypto.so,2,1,,not found
libAlgorithmServices.so,2,1,,not found
libshell-super.com.juhe.jbdd.so,2,1,,not found
libshell-super.com.sieyoo.sport.so,2,1,,not found
libshell-super.com.tgelec.aqsh.so,2,1,,not found
libtalytzdh.so,2,1,,not found
libfitness.so,2,1,,not found
libmyknn.so,2,1,,not found
libntslss1.so,2,1,,not found
libvalhalla-wrapper.so,2,1,,not found
libQnnDspV66Skel.so,2,2,,not found
libQnnTFLiteDelegate.so,2,2,,not found
libQnnDspV66Stub.so,2,2,,not found
libQnnHtpV81Stub.so,2,2,,not found
libQnnDsp.so,2,2,,not found
libQnnGpu.so,2,2,,not found
libCC00000068342A9F000045798BBEDB0E.so,2,1,,not found
libglutil-lib.so,2,1,,not found
libzBridge.so,2,1,,not found
libzm_annotate.so,2,1,,not found
libzSdkCoreWrap.so,2,1,,not found
libstepCounter.so,2,1,,not found
libGpsAdjust.so,2,1,,not found
libscalecalc.so,2,1,,not found
libdataFormula.so,2,2,,not found
libCC00000069118C7A00002F4FC69CDDC8.so,2,1,,not found
libCC00000069118B7A00002E9D35F2D439.so,2,1,,not found
libzgrge-x86.so,2,1,,not found
libw4-watchface.so,2,1,,not found
libaizip-asr.so,2,1,,not found
liblibxml2.so,2,1,https://gitlab.gnome.org/GNOME/libxml2,not sure
libdjl_tokenizer.so,2,1,,not found
libw4asr.so,2,1,,not found
libzgrge.so,2,1,,not found
libw4-jni.so,2,1,,not found
libvgfgy.so,2,1,,not found
libvgfgy-x86.so,2,1,,not found
libadbid_risk.so,2,1,,not found
libgojniweb.so,2,1,,not found
libstep-counter.so,2,2,,not found
libp0f3c.so,2,1,,not found
libcx7amua183.so,2,1,,not found
libhmacmd5.so,2,1,,not found
libvivoWatch.so,2,1,,not found
libUVCCamera123.so,2,1,,not found
libuvc123.so,2,1,,not found
libusb123.so,2,1,,not found
libjpeg-turbo15001.so,2,1,https://github.com/libjpeg-turbo/libjpeg-turbo,not sure
libCC0000006836D86300004BB4A10F20DB.so,2,1,,not found
libswsport.so,2,1,,not found
libnllvm1748336872893.so,2,1,,not found
libdataKey.so,2,1,,not found
libCC00000068342A4F00004541C3C4C3CE.so,2,1,,not found
libcpglive.so,2,1,,not found
libqlcmda.so,2,1,,not found
libxgucn.so,2,1,,not found
libpersimwear.so,2,1,,not found
libssl1.1.so,2,1,,not found
libpython3.11.so,2,1,,not found
libcrypto1.1.so,2,1,,not found
libCC0000006912FF74000046B6BA73A40E.so,2,1,,not found
libtrace_utils.so,2,1,,not found
libTengineKitSDK.so,2,1,,not found
libmegaparse.so,2,1,,not found
libkqxrrz.so,2,1,,not found
libHTEffect.so,2,2,,not found
libCC00000068D778DB00021B450A16B027.so,2,1,,not found
libAPSE_1.9.11.so,2,1,,not found
libupxdes.so,2,1,,not found
libnjcckey.so,2,1,,not found
libaes_jni.so,2,1,,not found
libnative-imlib.so,2,1,,not found
libylbln-x86.so,2,1,,not found
libylbln.so,2,1,,not found
libmgvgr-x86.so,2,1,,not found
libmgvgr.so,2,1,,not found
libgesen-x86.so,2,1,,not found
libgesen.so,2,1,,not found
libjytnet.so,2,1,,not found
libsajx4y1b.so,2,1,,not found
libizizt.so,2,1,,not found
libizizt-x86.so,2,1,,not found
libxrnre.so,2,1,,not found
libxrnre-x86.so,2,1,,not found
libSdkHelper_ccbFw.so,2,1,,not found
libdataccbFw.so,2,1,,not found
liblvqvb-x86.so,2,1,,not found
liblvqvb.so,2,1,,not found
libvagai-x86.so,2,1,,not found
libvagai.so,2,1,,not found
libme4fwivkq.so,2,1,,not found
libcbd.so,2,1,,not found
libeengw.so,2,1,,not found
libzstandard_android.so,2,2,,not found
liblplpe-x86.so,2,1,,not found
liblplpe.so,2,1,,not found
libojojr.so,2,1,,not found
libojojr-x86.so,2,1,,not found
libesis-wkp.so,2,2,,not found
libYJsNIhravcPPdyiYDyLh.so,2,1,,not found
libXVvkJlBxhizUDKVSOnXd.so,2,1,,not found
libmVFFZygXWrUNcCjhNJqu.so,2,1,,not found
libshell-super.com.futurefleet.pandabus.ui.ha.so,2,1,,not found
libumengssl.so,2,1,,not found
libbelt_ids.so,2,1,,not found
libaeswb.so,2,1,,not found
libldfds-x86.so,2,1,,not found
libldfds.so,2,1,,not found
libnSPuBqkPEcWZwckmsUkN.so,2,1,,not found
libNNNpIWeoEhvGxgTkjmGL.so,2,1,,not found
libmodel-jni-lib.so,2,1,,not found
libmodel_sdk.so,2,1,,not found
libz001_crypto_tool.so,2,1,,not found
libPPCardScan.so,2,1,,not found
libcmcmt.so,2,1,,not found
libcmcmt-x86.so,2,1,,not found
libk15s9b.so,2,1,,not found
libhrd9g.so,2,1,,not found
liborjrt.so,2,1,,not found
liborjrt-x86.so,2,1,,not found
libtxzcomm_api_app.so,2,1,,not found
libJNI_ANDROID_TEST.so,2,1,,not found
libencrypt-jni.so,2,1,,not found
libZPBusiness_5.0.3_release_m_s.so,2,1,,not found
libptaesutil.so,2,1,,not found
libkrynn.so,2,1,,not found
libAlscSaasAppStoreSDK.so,2,1,,not found
libandroid-phone-myweb_core_alpha.so,2,1,,not found
libiapuecc.so,2,1,,not found
libdexprotector.yec4.so,2,1,,not found
libdexprotector.yec4_h.so,2,1,,not found
libv.so,2,1,,not found
libdpboot.yec4.so,2,1,,not found
libofflinecrypto_sdk.so,2,1,,not found
libjsi_1.3.126.251011180536.so,2,1,,not found
libMobileAspectNative.so,2,1,,not found
libmypdf-core.so,2,1,,not found
libalipaywebview_1.3.126.251011180536.so,2,1,,not found
libmyweb_sdk_1.3.126.251011180536.so,2,1,,not found
libnative-base.so,2,1,,not found
libpaladin.so,2,2,,not found
libXTQM.so,2,1,,not found
libexample-custom-layer.so,2,1,,not found
libminemap-gl.so,2,1,,not found
libvocal_print.so,2,1,,not found
libface_utility.so,2,1,,not found
libhawkvad.so,2,1,,not found
libznmhtools.so,2,1,,not found
libdataKit2.so,2,1,,not found
libRecogEngine.so,2,1,,not found
libSignLib.so,2,1,,not found
libts-rtc-sdk.so,2,1,,not found
libcaptureUtilsJni.so,2,1,,not found
libtsLoganLib.so,2,1,,not found
libportalCrypt.so,2,1,,not found
libijkplayer_hy.so,2,1,,not found
libijkffmpeg_hy.so,2,1,https://github.com/FFmpeg/FFmpeg,not sure
libx264enc.so,2,1,https://code.videolan.org/videolan/x264,not sure
libijksdl_hy.so,2,1,,not found
libmobex-jni.so,2,1,,not found
libiosotgcommon.so,2,1,,not found
libobex_open.so,2,1,,not found
libotg_jni.so,2,1,,not found
libotg_cdc_jni.so,2,1,,not found
libsimba.so,2,1,,not found
libDiagMonKey.so,2,1,,not found
libplist.so,2,1,,not found
libiosotglib.so,2,1,,not found
libsimba_jni.so,2,1,,not found
libsocketutil.so,2,1,,not found
libiosotgprotocust.so,2,1,,not found
libTFPlugin.so,2,1,,not found
libanura_visage.so,2,1,,not found
libanura_opencv.so,2,1,https://github.com/opencv/opencv,not sure
libVisageVision.so,2,1,,not found
libVisageTrackerUnityPlugin.so,2,1,,not found
libVisageGaze.so,2,1,,not found
libdfxjava.so,2,1,,not found
libTFLiteLoader.so,2,1,,not found
libVisageAnalyser.so,2,1,,not found
libreact_codegen_BugsnagReactNativeSpec.so,2,1,,not found
libreact_codegen_RTNSvgaPlayerSpec.so,2,1,,not found
libbundle_manager.so,2,1,,not found
libnbcrypto.so,2,1,,not found
libreact_codegen_rndocumentviewerCGen.so,2,1,https://github.com/react-native-documents/document-picker,true
libnbenc_ffi.so,2,1,,not found
libreact_codegen_RTNNBTurboModuleSpec.so,2,1,,not found
libHLFaceUtils.so,2,1,,not found
libijksdl_pl.so,2,1,,not found
libijkffmpeg_pl.so,2,1,https://github.com/FFmpeg/FFmpeg,not sure
libijkplayer_pl.so,2,1,,not found
libnllvm1763371384025.so,2,1,,not found
libcheckov.so,2,1,,not found
libcom.hanweb.android.xazwfw.activity_rcp_alijtca_plus.so,2,1,,not found
libcom.hanweb.android.xazwfw.activity_shell_alijtca_plus.so,2,1,,not found
libpascSafe.so,2,1,,not found
libjsb.so,2,1,,not found
libRfidClass.so,2,1,,not found
libshell-super.com.zhiye.cardpass.so,2,1,,not found
libparser-air3.2.8.so,2,1,,not found
libparser-air3.2.9.so,2,1,,not found
libreact_codegen_RNGnaliiotSpec.so,2,1,,not found
libreact_codegen_RNGnezconfigSpec.so,2,1,,not found
libreact_codegen_RNRTNGNNetworkSpec.so,2,1,,not found
libreact_codegen_RNScrollViewSpecs.so,2,1,,not found
libreact_codegen_RNRTNGNLivePlayerViewSpec.so,2,1,,not found
libreact_codegen_RNGnmeshSpec.so,2,1,,not found
libreact_codegen_RNGncommonSpec.so,2,1,,not found
libreact_codegen_RNRTNGNLocalNetworkSpec.so,2,1,,not found
libreact_codegen_RnOcrLib.so,2,1,,not found
libreact_codegen_RNGnhomeViewSpec.so,2,1,,not found
libreact_codegen_RNGeocoderSdkSpec.so,2,1,,not found
libreact_codegen_RNFastImageSpecs.so,2,1,,not found
libreact_codegen_RNRTNGNUtilSpec.so,2,1,,not found
libreact_codegen_RNRTNGNNumberAuthSpec.so,2,1,,not found
libreact_codegen_RNRTNGNBundleSpec.so,2,1,,not found
libreact_codegen_RNRTNGNQRScanViewSpec.so,2,1,,not found
libreact_codegen_RNGnbluetoothSpec.so,2,1,,not found
libreact_codegen_RNRTNGNWebViewViewSpec.so,2,1,,not found
libuse-corr.so,2,1,,not found
libanyka-corr.so,2,1,,not found
libreact_codegen_RNGnwlinkSpec.so,2,1,,not found
libreact_codegen_EzplayerViewSpec.so,2,1,,not found
libreact_codegen_RNGnspeechSpec.so,2,1,,not found
libfc-base.so,2,1,,not found
libautoreplyprint.so,2,1,,not found
liblightCryptNDK.so,2,1,,not found
libecpsqlite.so,2,1,,not found
libcomsignAndroidSDK.so,2,1,,not found
libnllvm1642561066.so,2,1,,not found
libGMAlg.so,2,1,,not found
libsignatureChecker.so,2,1,,not found
libHandleDecrypt.so,2,1,,not found
libGMAlg-jni.so,2,1,,not found
libll_ffmpeg.so,2,1,https://github.com/FFmpeg/FFmpeg,not sure
liblianlian_face.so,2,1,,not found
libHookingChecker.so,2,1,,not found
libfaceall_face.so,2,1,,not found
libshell-super.com.ewaytek.webapp.hebei.so,2,1,,not found
libnative-ai.so,2,1,,not found
libzzcore.so,2,1,,not found
libJniSignWallet.so,2,2,,not found
libpaynuc.so,2,1,,not found
libASuLqAnalbPjJujjaSer.so,2,1,,not found
libppfVkgkSdoaQMpxmcsai.so,2,1,,not found
libtsb.so,2,1,,not found
libtoon-security.so,2,1,,not found
libchilkat.so,2,1,,not found
libdjcrypto.so,2,1,,not found
libiot_encrypt.so,2,1,,not found
libLove.so,2,1,,not found
libnative-lib.c.so,2,1,,not found
libXDiamond.so,2,1,,not found
libshell-super.cn.com.pansky.sxzgyl.so,2,1,,not found
libCombineBitmapEl3.so,2,1,,not found
libyuv-lib.so,2,2,,not found
libezLongLink.so,2,2,,not found
libNCD.so,2,1,,not found
libezvizlonglinksdk.so,2,2,,not found
libhttpdns-lib.so,2,2,,not found
libCombineBitmap.so,2,2,,not found
libezlansdk.so,2,1,,not found
libAppAlgProcessor.so,2,2,,not found
libaudioProcessor.so,2,2,,not found
libCmManagerSdk.so,2,2,,not found
libpkcs10generator.so,2,2,,not found
libhlsip.so,2,1,,not found
libreact_codegen_DHRTNJmubaSpec.so,2,1,,not found
libreact_codegen_DHRTNNewsViewComponentSpecs.so,2,1,,not found
libreact_codegen_DHRTNLifeViewComponentSpecs.so,2,1,,not found
libnxali.so,2,1,,not found
libtmtpSdk.so,2,1,,not found
libftssqlite.so,2,1,,not found
libsmtool.so,2,1,,not found
libcom_systoon_gif_surface.so,2,1,,not found
libcom_systoon_gif.so,2,1,,not found
libmv5_ImageStitch.so,2,1,,not found
libhejiaqincmhi-encode-lib.so,2,1,,not found
libmsl.so,2,1,,not found
libmv5_OKHttpNative.so,2,1,,not found
libmrypto.so,2,1,,not found
libmv5_playerutils.so,2,1,,not found
lib_voodoo.so,2,1,,not found
libmv5_jni_4.0.so,2,1,,not found
librsk.so,2,1,,not found
libmv5_playerbase.so,2,1,,not found
libIoTP2P.so,2,1,,not found
libmv5_mpplat.so,2,1,,not found
libCmhi-encode-lib.so,2,1,,not found
libmv5_common.so,2,1,,not found
libmv5_audiocodec.so,2,1,,not found
libmv5_androidreader.so,2,1,,not found
libmv5_nkrmuxer.so,2,1,,not found
libmv5_glrenderer.so,2,1,,not found
libmv5_swvideoreader.so,2,1,,not found
libmv5_raw2mp4.so,2,1,,not found
libmv5_ffmpegdec_neon.so,2,1,https://github.com/FFmpeg/FFmpeg,not sure
libmv5_rtplayer.so,2,1,,not found
libmv5_sourceparser.so,2,1,,not found
libshell-super.com.fucb.fcb.so,2,1,,not found
libarcher.so,2,1,,not found
libkj-gbtalk.so,2,2,,not found
libkj-unisdk.so,2,2,,not found
libwebrtcAPM.so,2,2,https://webrtc.googlesource.com/src/,not sure
libapm-lib.so,2,2,,not found
libanylive.3.3.3.so,2,1,,not found
libshell-super.com.dlm.app.so,2,1,,not found
libijmfacesdk.so,2,1,,not found
liburldetectorsys.so,2,1,,not found
libavlurl.so,2,1,,not found
libPbocJni.so,2,1,,not found
libshell-super.com.lql.anyrate.so,2,1,,not found
libfosafer_silent.so,2,1,,not found
libfosafer_face_alivedet.so,2,1,,not found
libnllvm1762852110775.so,2,1,,not found
liboptimus-1.0.0-mfr.so,2,2,,not found
libbuffalo-1.0.0-mfr.so,2,2,,not found
libadi.so,2,1,,not found
libmsn100.so,2,1,,not found
libcore-lib.so,2,1,,not found
libleelen.so,2,2,,not found
libjcbonusjni.so,2,1,,not found
libsymbolic-link.so,2,1,,not found
libjjmi.so,2,1,,not found
libjjmidev.so,2,1,,not found
libprotocol_analysis.so,2,1,,not found
libBLEasyConfigAPI.so,2,1,,not found
libnllvm1637232535.so,2,1,,not found
libMrCrypto.so,2,1,,not found
libiProtectQHT.so,2,1,,not found
libNetcaJMKeyModule.so,2,1,,not found
libzeus-sign.so,2,2,,not found
libcpu_type.so,2,1,,not found
libMKeyTransfer.so,2,1,,not found
libNetcaMobileCryptoModule.so,2,1,,not found
libxdsse.so,2,1,,not found
libd46b.so,2,1,,not found
libkspsm.so,2,1,,not found
libBEncrypt.so,2,1,,not found
libNetDEVSDK.so,2,1,,not found
libRender_JNI.so,2,1,,not found
libMP2.so,2,1,,not found
libRM_Module.so,2,1,,not found
libUVAuthSDK.so,2,1,,not found
libDiscovery.so,2,1,,not found
libNDRtmp.so,2,1,,not found
libND_Media.so,2,1,,not found
libSDK2EzviewerPlayer.so,2,1,,not found
libMP4.so,2,1,,not found
libNetDEVSDK_JNI.so,2,1,,not found
libRTNSDK.so,2,1,,not found
libNDAO.so,2,1,,not found
libNDRSA.so,2,1,,not found
libSMCyuv.so,2,1,,not found
libNDRender.so,2,1,,not found
libcyassl.so,2,1,,not found
libNDPlayer.so,2,1,,not found
libdspvideomjpeg.so,2,1,,not found
libRTNEzviewerPlayer.so,2,1,,not found
libRSA.so,2,1,,not found
libSDK2yuv.so,2,1,,not found
libmXML.so,2,1,,not found
libSMC.so,2,1,,not found
libRTNyuv.so,2,1,,not found
libSDK3EzviewerPlayer.so,2,1,,not found
libSMCEzviewerPlayer.so,2,1,,not found
libSDK3yuv.so,2,1,,not found
libsecurity_key.so,2,1,,not found
libsmitsdk.so,2,1,,not found
libcom.cqdcg.ykbapp_rcp_alijtca_plus.so,2,1,,not found
libcom.cqdcg.ykbapp_shell_alijtca_plus.so,2,1,,not found
liblivenessdetection_v2.4.8.so,2,1,,not found
libSoundAutentication_jni.so,2,2,,not found
libgm.so,2,1,,not found
libminimaldaily.so,2,1,,not found
libinstruction.so,2,1,,not found
libimgToSketch.so,2,1,,not found
libeteTxBQROqkfmlGeJowU.so,2,1,,not found
libiOUcftCFIRVAKkQQvuGR.so,2,1,,not found
libmp3lamecz.so,2,1,,not found
libcznote_api.so,2,1,,not found
libAFBLE.so,2,1,,not found
libsdk-logger.so,2,1,,not found
libwecalendar_module_api.so,2,1,,not found
libcalendar.so,2,1,,not found
libcalendar_login_module.so,2,1,,not found
libcalendar_event_module.so,2,1,,not found
libshell-super.jkyun.app.so,2,1,,not found
libafaoefj9.so,2,1,,not found
libshell-super.com.csyifei.note.so,2,1,,not found
libvoice_change.so,2,1,,not found
libshell-super.com.superelement.pomodoro.so,2,1,,not found
libmcnet.so,2,0,,not found
libSipStream.so,2,0,,not found
libFinanceCloudStream.so,2,0,,not found
libDPSStream_CMB.so,2,0,,not found
libMspStream.so,2,0,,not found
libpdf-run.so,2,1,,not found
libinstantalpha.so,2,1,,not found
libfastoperation.so,2,1,,not found
libMyScriptGesture.CPP.so,2,1,,not found
libATKCore.so,2,1,,not found
libMyScriptDocument.CPP.so,2,1,,not found
libATKMath.so,2,1,,not found
libMyScriptEngine.CPP.so,2,1,,not found
libMyScriptInk.CPP.so,2,1,,not found
libMyScriptShape.CPP.so,2,1,,not found
libMyScriptMath.CPP.so,2,1,,not found
libATKGeom.so,2,1,,not found
libmicarray.so,2,1,,not found
libserialportJni.so,2,1,,not found
libweibo.so,2,1,,not found
libsuimi-editor-lib.so,2,1,,not found
libobs-lib.so,2,1,,not found
libapp-lib.so,2,1,,not found
libmUxVPmSgoofpvbTCoIxM.so,2,1,,not found
libkTHrydXcWhBeFAdqxeuh.so,2,1,,not found
libpTAiveGoxdvsjPGcAzvo.so,2,1,,not found
librsa_lib.so,2,1,,not found
libshell-super.com.maoying.phonescan.so,2,1,,not found
libmingdao-lib.so,2,1,,not found
libpofBdVMgiWKPOGQnXPJP.so,2,1,,not found
libONrhGeJHEfsdVyZeovQb.so,2,1,,not found
libwQJVEpULyIrLMfMfQFoY.so,2,1,,not found
libmsgservice.so,2,1,,not found
libshell-super.com.jufaanli.wvapp.so,2,1,,not found
libluckcashlc.so,2,1,,not found
libliveDetection.so,2,1,,not found
libFetalParser.so,2,1,,not found
libFH.so,2,1,,not found
libFetalReport.so,2,1,,not found
libopusbridge.so,2,1,https://github.com/xiph/opus,not sure
libqcf_QM.so,2,1,,not found
libskf_quantum_QM.so,2,1,,not found
libtysdsimkey.so,2,1,,not found
libCissSkfApi.so,2,1,,not found
libsafekey.so,2,1,,not found
libCSdkImpl.so,2,1,,not found
libSecureCard.so,2,1,,not found
libHiPushLib.so,2,1,,not found
libmediacenter.so,2,1,,not found
libqxsignature-v1.1.0.so,2,1,,not found
libhisdkqos.so,2,1,,not found
libHiChipP2P.so,2,1,,not found
libqxwz_serial_port.so,2,1,,not found
libsinvoice_no_sign.so,2,1,,not found
libsnpe_dsp_domains_v2_system.so,2,1,,not found
libkswebview_config.so,2,2,,not found
libtflite_mtk_static.so,2,1,,not found
libkswebview_plat_support.so,2,2,,not found
libkswebview_apk.so,2,2,,not found
libandroid_rust.so,2,2,,not found
libkswebview.so,2,2,,not found
libkim_imsdk.so,2,2,,not found
libycnn_ext_hiai.so,2,1,,not found
libc++_shared(mars_xlog).so,2,1,,not found
libTrimble.Ssi.DriverManagement.so,2,1,,not found
libGNSSJNI.so,2,1,,not found
libSouthDecodeGNSSlib.so,2,1,,not found
libGNSS.so,2,1,,not found
libTrimble.Ssi.Interfaces.Scanner.so,2,1,,not found
libTrimble.Ssi.Driver.CarpoBased.Scanner.so,2,1,,not found
libAmagic.so,2,1,,not found
libTrimble.Ssi.Driver.CarpoBased.Vision.so,2,1,,not found
libTrimble.Ssi.Driver.Mock.TotalStation.so,2,1,,not found
libopengeo.so,2,1,,not found
libDRV_TrimbleSSeries.so,2,1,,not found
libcrsUbj.so,2,1,,not found
libAserial.so,2,1,,not found
libTrimble.Ssi.Interfaces.TotalStation.so,2,1,,not found
libTrimble.Ssi.Driver.CarpoBased.Driver.BIMRobotic.so,2,1,,not found
libDRV_TrimbleCommon.so,2,1,,not found
libLSDatum.so,2,1,,not found
libqxwz_sdk_core.so,2,1,,not found
libTrimble.Ssi.Driver.CarpoBased.TotalStation.so,2,1,,not found
libqxwz_nlp_sdk.so,2,1,,not found
libDRV_BIMRobotic.so,2,1,,not found
libTrimble.Ssi.Driver.Mock.Common.so,2,1,,not found
libTrimble.Ssi.Interfaces.Vision.so,2,1,,not found
libTrimble.Contracts.so,2,1,,not found
libTrimble.Ssi.Driver.DriverCommon.Common.so,2,1,,not found
libBLToXYLib.so,2,1,,not found
libTrimble.Licensing.CSWrapped.so,2,1,,not found
libTrimble.Ssi.Driver.DriverCommon.TotalStation.so,2,1,,not found
libTrimble.Ssi.Driver.DriverCommon.Vision.so,2,1,,not found
libTrimble.Ssi.Driver.DriverCommon.Scanner.so,2,1,,not found
libTrimble.Ssi.Wrapped.Vision.so,2,1,,not found
libTrimble.Ssi.Wrapped.TotalStation.so,2,1,,not found
libTrimble.Ssi.Driver.CarpoBased.Driver.SSeries.so,2,1,,not found
libTrimble.Ssi.Driver.CarpoBased.Common.so,2,1,,not found
libsouthtslib.so,2,1,,not found
libTrimble.Ssi.Wrapped.Scanner.so,2,1,,not found
libTrimble.Contracts.Wrapped.so,2,1,,not found
libTrimble.Ssi.Interfaces.Common.so,2,1,,not found
libproj.so,2,1,,not found
libAuthenticationLibrary.so,2,1,,not found
libTrimble.Ssi.Wrapped.Common.so,2,1,,not found
libreact-native-skia-video.so,2,1,,not found
libcore_business.so,2,1,,not found
libzine.so,2,1,,not found
libjpegturbo-android.so,2,1,https://github.com/libjpeg-turbo/libjpeg-turbo,not sure
libwjzaeigcRLlhqRVsWRKz.so,2,1,,not found
libXhEaxSltMVKsfxjpRqmF.so,2,1,,not found
libVRVYAALezZMwYpANzeHs.so,2,1,,not found
libdashjbls.so,2,1,,not found
libpthread.so,2,1,,not found
libshell-super.com.ysg.ai.lawyer.so,2,1,,not found
libshell-super.com.jlpay.jlcashiermini.so,2,1,,not found
libnexgo_bancomatjni.so,2,1,,not found
libnexgo_cpacejni.so,2,1,,not found
libnexgo_cardsjni.so,2,1,,not found
libtinyWRAP.so,2,1,,not found
libplugin_audio_opensles.so,2,1,,not found
libsmartreader.so,2,1,,not found
libnqyv5iqd02.so,2,1,,not found
libffmpeg_wp.so,2,1,https://github.com/FFmpeg/FFmpeg,not sure
libavcodec_wp.so,2,1,,not found
libImgoMediaPlayer_5.2.0.so,2,1,,not found
libmzd.so,2,1,,not found
libvaliant.so,2,1,,not found
libshell-super.com.yphdjrrl.yprl.so,2,1,,not found
libmmnkit_jni.so,2,1,,not found
libsrrtc.so,2,1,,not found
libframeorder.so,2,1,,not found
libcameraControl.so,2,1,,not found
libshell-super.com.muoalqbt.mvyt.so,2,1,,not found
libLicenseKeyUtil.so,2,1,,not found
libmmcv_api_datarecycle.so,2,2,,not found
libmmcv_api_faceprocessor.so,2,2,,not found
libmmcv_api_beauty.so,2,2,,not found
libmmcv_api_videoprocessor.so,2,2,,not found
libmmcv_api_imagequality.so,2,2,,not found
libmmcv_api_beautyscore.so,2,2,,not found
libmmcv_api_flowextent.so,2,2,,not found
libmmcv_api_imgloader.so,2,2,,not found
libmmcv_api_objecttracker.so,2,2,,not found
libmmcv_api_express.so,2,2,,not found
libmmcv_api_facefeatures.so,2,2,,not found
libmmcv_api_segmentation.so,2,2,,not found
libmmcv_api_facegender.so,2,2,,not found
libmmcv_base.so,2,2,,not found
libmmcv_api_cartoonface.so,2,2,,not found
libmmcv_api_handgesture.so,2,2,,not found
libmmcv_api_barenessdetect.so,2,2,,not found
libmmcv_api_facerecog4pet.so,2,2,,not found
libmmcv_api_facerigv3.so,2,2,,not found
libmmcv_api_pickercover.so,2,2,,not found
libmmcv_api_mangaface.so,2,2,,not found
libmmcv_api_facerecognition.so,2,2,,not found
libmmcv_api_bodylandmark.so,2,2,,not found
libmmcv_api_handlandmark.so,2,2,,not found
libbjcast_sender.so,2,2,,not found
libpowercntrl.so,2,2,,not found
libshell-super.com.kuniu.app.so,2,1,,not found
libmux.so,2,1,,not found
libd797.so,2,1,,not found
libshell-super.com.mtqtpzjy.mtjy.so,2,1,,not found
libsecure_lib_v2.so,2,1,,not found
libcstring_encrypt.so,2,1,,not found
libhidapi.so,2,2,,not found
libshell-super.com.myqpzvjy.myjy.so,2,1,,not found
libaudio-effect-android.so,2,1,,not found
libbl_mobile.so,2,1,,not found
libblmobile_jni.so,2,1,,not found
libbmm_mediacore.so,2,1,,not found
libaurora-filament-jni.so,2,1,,not found
libmontage.so,2,1,,not found
libbmm_jpeg.so,2,1,,not found
libAuroraSDKStudio.so,2,1,,not found
libOVRLipSync.so,2,1,,not found
libaudioAlgorithm.so,2,1,,not found
libshell-super.com.mocuz.heyouwang.so,2,1,,not found
libmarsxlog_charge.so,2,1,https://github.com/Tencent/mars,not sure
libc++_shared_charge.so,2,1,,not found
libadd9.so,2,1,,not found
libBmobStat.so,2,1,,not found
libtimebox.so,2,1,,not found
libzstd-jni-1.5.6-3.so,2,1,https://github.com/luben/zstd-jni,not sure
libwerewolfsha.so,2,1,,not found
libnativec.so,2,1,,not found
libyxutils.so,2,1,,not found
libyxsecurity.so,2,1,,not found
libyxindex.so,2,1,,not found
libWzglTool.so,2,1,,not found
libfy_performance.so,2,1,,not found
libOEPzOKPPGVVCCIacsLDg.so,2,1,,not found
libxnXXmQNimyCEkXILTAtS.so,2,1,,not found
libSRZfAbwgFzNuSkDiXUBK.so,2,1,,not found
libw08xxme.so,2,1,,not found
libffmpegtool.so,2,1,https://github.com/FFmpeg/FFmpeg,not sure
libandroidStreamConvertor.so,2,1,,not found
libdhVideoConvert.so,2,1,,not found
libimagedetect.so,2,1,,not found
libYDDfYQsGmiBwEHPAQRAg.so,2,1,,not found
libYWNOVAVNDoelwrBRqlQe.so,2,1,,not found
libaot-System.Xml.Linq.dll.so,2,2,,not found
libaot-System.Text.Encoding.CodePages.dll.so,2,2,,not found
libglulx-x86.so,2,1,,not found
libglulx.so,2,1,,not found
libnew_one_e_trip_tc.so,2,1,,not found
liber2sioo.so,2,1,,not found
libay4w56.so,2,1,,not found
libxump-android.so,2,1,,not found
libd70rvkig.so,2,1,,not found
libtxexm-x86.so,2,1,,not found
libtxexm.so,2,1,,not found
liblj9g4pn82.so,2,1,,not found
libthmi6tdz.so,2,1,,not found
libJKGEzBWXEYUlbpYJTWqD.so,2,1,,not found
libkd697higc.so,2,1,,not found
libCtmsApiHelper.so,2,1,,not found
libshell-super.com.njusoft.LyxBus.so,2,1,,not found
libtex126sk8x.so,2,1,,not found
libfacebook-lib.so,2,1,,not found
libshell-super.com.iCitySuzhou.suzhou001.so,2,1,,not found
libYLEncode.so,2,1,,not found
libshell-super.com.cmstop.huaihua.so,2,1,,not found
libshell-super.com.mnyb.zznews.mnrb.so,2,1,,not found
libshell-super.cn.com.cbjai.zgjyb.so,2,1,,not found
libshell-super.com.cdvcloud.datong.so,2,1,,not found
libshell-super.com.zhenjiang.android.so,2,1,,not found
libAppJni.so,2,1,,not found
libPdmiLiveJni.so,2,1,,not found
libshell-super.com.jialianjia.bzwang.so,2,1,,not found
libtool_box_annotation_module.so,2,2,,not found
libred_packet_module.so,2,2,,not found
libtool_box_app_module.so,2,2,,not found
libtool_box_fb_module.so,2,2,,not found
libImSDK_wemeet.so,2,2,,not found
libsoftkey.so,2,1,,not found
libsoftpos.so,2,1,,not found
libsoftcard.so,2,1,,not found
libqkproducer.so,2,1,,not found
libqkSrtLive.so,2,1,,not found
libEncryptAbout.so,2,1,,not found
libffmpeg_tool.so,2,1,https://github.com/FFmpeg/FFmpeg,not sure
libguard.so,2,1,,not found
libdclientapi.so,2,1,,not found
libjgapi_android.so,2,1,,not found
libne_meeting_engine.so,2,1,,not found
libne_meeting_app.so,2,1,,not found
libnamespace.so,2,2,,not found
libg729a.so,2,1,,not found
libwzc_webrtc_vad.so,2,1,https://webrtc.googlesource.com/src/,not sure
libgit-platinum.so,2,1,,not found
libtyskfencrypt.so,2,1,,not found
libtmessages.40.so,2,1,,not found
libclinkapi-lib.so,2,1,,not found
libgifjni.so,2,1,,not found
libDynamsoftCaptureVisionBundleJni.so,2,1,,not found
libDynamsoftNeuralNetwork.so,2,1,,not found
libDynamsoftCaptureVision.so,2,1,,not found
libwbsm4A_B.so,2,1,,not found
libRedressProcess.so,2,2,,not found
libshell-super.com.msalapyl.msyl.so,2,1,,not found
libshell-super.com.syapqzyl.syyl.so,2,1,,not found
libCryptoPluginApi.so,2,1,,not found
libqssauthsdk.so,2,1,,not found
libskf_quantum.so,2,1,,not found
libhmacsdk.so,2,1,,not found
libpivot-sdk-android.so,2,1,,not found
libsafsdk.so,2,1,,not found
libim_sqlite_ext.so,2,2,,not found
libAudioSDK.so,2,1,,not found
libNetworkEngine.so,2,1,,not found
libRoomChatJni.so,2,1,,not found
libVideoCodec2.so,2,1,,not found
libshell-super.com.claqpvml.clml.so,2,1,,not found
libshell-super.com.ktwoizpl.krtl.so,2,1,,not found
libqldenoise_api.so,2,1,,not found
libqldenoise.so,2,1,,not found
libvl_media.so,2,1,,not found
libnative-fh.so,2,1,,not found
libshell-super.com.csalqrly.csyl.so,2,1,,not found
libsecurity_rust.so,2,1,,not found
libEoBezier.so,2,1,,not found
libeeomp3lame.so,2,1,,not found
libEEOMediaMuxer.so,2,1,,not found
libeeoffmpeg.so,2,1,https://github.com/FFmpeg/FFmpeg,not sure
libeeoijkplayer.so,2,1,,not found
libshapekit-lib.so,2,1,,not found
libaes-cryptor.so,2,1,,not found
libafilter.so,2,1,,not found
libEeoAudioLib.so,2,1,,not found
libEeoVideoCodec.so,2,1,,not found
libeeosdl.so,2,1,,not found
liboldmodpdfium.so,2,1,,not found
libshape-native-lib.so,2,1,,not found
liboldjniPdfium.so,2,1,,not found
libshell-super.com.lytlspjy.lyjy.so,2,1,,not found
libY5DetKits.so,2,1,,not found
libkedamedia_rtc_so.so,2,1,,not found
liblinkopencv.so,2,1,https://github.com/opencv/opencv,not sure
libckipc.so,2,1,,not found
libckalg.so,2,1,,not found
libcksrv.so,2,1,,not found
libckext_zip.so,2,1,,not found
libckalg_md5.so,2,1,,not found
libckext_text.so,2,1,,not found
liblddplugin.so,2,2,,not found
libortc-lib.so,2,1,,not found
librar.so,2,1,,not found
libckalg_keyword.so,2,1,,not found
libckagentbak.so,2,1,,not found
libckenv.so,2,1,,not found
liblzham.so,2,1,,not found
libckext_email.so,2,1,,not found
libckjniagent.so,2,1,,not found
libckmgr.so,2,1,,not found
libckres_rule.so,2,1,,not found
libckres_multicontext.so,2,1,,not found
librtcProbe.so,2,1,,not found
libckchild.so,2,1,,not found
libvrvai.so,2,1,,not found
libgolangplugin.so,2,1,,not found
libckext_rtf.so,2,1,,not found
libckext_pdf.so,2,1,,not found
libt2uclt.so,2,2,,not found
libjniVimServicePresets.so,2,2,,not found
lib7zx.so,2,1,,not found
libuncompress.so,2,1,,not found
librtf.so,2,1,,not found
libckext_office.so,2,1,,not found
libckext_ofd.so,2,1,,not found
libckalg_sourcecode.so,2,1,,not found
librtcplugin.so,2,2,,not found
libckscan.so,2,1,,not found
libsecmsgplugin.so,2,2,,not found
libckext_img.so,2,1,,not found
libudp_proxy.so,2,1,,not found
libckresult.so,2,1,,not found
libckres_group.so,2,1,,not found
libsdptransform-android.so,2,1,,not found
libckext_xml.so,2,1,,not found
libckalg_dataid.so,2,1,,not found
libckalg_datadictionary.so,2,1,,not found
libckalg_fileattr.so,2,1,,not found
libckalg_regular.so,2,1,,not found
libofficechk.so,2,1,,not found
libqskm_sdk_arm64.so,2,1,,not found
libckagent.so,2,1,,not found
libmrtcplugin.so,2,2,,not found
libched_pre.so,2,1,,not found
libgme-key.so,2,1,,not found
libOpusJNI.so,2,1,https://github.com/xiph/opus,not sure
libbspatch_utlis.so,2,1,,not found
libtfsegment.so,2,1,,not found
libmarsbridgenetwork.so,2,1,,not found
libmarsbridgexlog.so,2,1,,not found
libauthz-jni.so,2,1,,not found
libshell-super.com.vtpypzyl.vpyl.so,2,1,,not found
libshell-super.com.qbya.date.so,2,1,,not found
libshell-super.com.embrace_2redbeans.china.so,2,1,,not found
libshell-super.com.yalpbrex.yexiu.so,2,1,,not found
libATopSecNative.so,2,1,,not found
libavlib_so.so,2,1,,not found
libmv3_hlsMultiRate.so,2,1,,not found
libewt_ai.so,2,1,,not found
libmv3_hlsMultiRateJni.so,2,1,,not found
libobsconfig.so,2,1,,not found
libskfnwrapper.so,2,1,,not found
libqssp.so,2,1,,not found
liblame-encode.so,2,1,,not found
libeviltransform.so,2,1,,not found
libAEC.so,2,1,,not found
libNativeAudio.so,2,1,,not found
libcoded2-jni.so,2,1,,not found
libjitterbuffer.so,2,1,,not found
libphotorectify.so,2,1,,not found
libcrop-rectify.so,2,1,,not found
libbdp_apprender_lynx.so,2,1,,not found
libehAccountFFI.so,2,1,,not found
libplugin_loader.so,2,1,,not found
libskialite.so,2,1,,not found
libnativeTabFFI.so,2,1,,not found
libhelium.so,2,1,,not found
liblynxv8.so,2,1,,not found
libblurred-detect.so,2,1,,not found
libshell-super.com.hzyjmh.tddsplt.so,2,1,,not found
lib_blink_so.so,2,1,,not found
libVenomSdk.so,2,1,,not found
libbook.so,2,1,,not found
libultrasound.so,2,1,,not found
libda_cropper.so,2,1,,not found
libcryptopp_shared.so,2,1,,not found
libda_a.so,2,1,,not found
libeslog.so,2,1,,not found
librtmq_rtc.so,2,1,,not found
libultrasound_android.so,2,1,,not found
libwlopus.so,2,1,https://github.com/xiph/opus,not sure
libwlapm.so,2,1,,not found
libcodec2lib.so,2,1,,not found
libjerasure.so,2,1,,not found
libsbccodec.so,2,1,,not found
libzxxk_so_own.so,2,1,,not found
libshell-super.com.ants360.yicamera.so,2,1,,not found
libICatchGpsInfo.so,2,1,,not found
libGpsInfo.so,2,1,,not found
liblib_sr.so,2,1,,not found
libNativeCore.so,2,1,,not found
libasic_guidecore.so,2,1,,not found
libita_android.so,2,1,,not found
libcommon_guidecore.so,2,1,,not found
libita.so,2,1,,not found
libmcu_guidecore.so,2,1,,not found
libguide_sdk_zm04c.so,2,1,,not found
libOtgCameraLibUSB.so,2,1,,not found
libFaceFitter.so,2,1,,not found
libremokey.so,2,1,,not found
libremomediaplayer.so,2,1,,not found
libshell-super.com.wyxs.attenmark.so,2,1,,not found
libDLHWgRrsRWPnyowzVinA.so,2,1,,not found
libPzykjYKXsmbKYKzlBkZH.so,2,1,,not found
libmobile_watermark.so,2,1,,not found
libltx-yuv-decoder.so,2,1,,not found
libsoda-biscuit.so,2,1,,not found
libsuper_resolution.so,2,1,,not found
libgodpuaq2.so,2,1,,not found
libiyeda.so,2,1,,not found
libcnz6.so,2,1,,not found
libyix.so,2,1,,not found
libayv0b6EHF.so,2,1,,not found
libdFnVCwSr8x.so,2,1,,not found
libMTAlbum.so,2,1,,not found
libmtface_ext.so,2,1,,not found
libMTDLComponent.so,2,1,,not found
libthingsdet.so,2,1,,not found
liblight3d.so,2,1,,not found
libmrteffectcore.so,2,1,,not found
libmthandgesture.so,2,1,,not found
libmtface_jni.so,2,1,,not found
libmtnn.so,2,1,,not found
libbeautyplusJNI.so,2,1,,not found
libmtphotosegment.so,2,1,,not found
libBilateralGEHNet.so,2,1,,not found
libXvwKhGRppzFrvXXbnoja.so,2,1,,not found
libloki.so,2,1,,not found
libsUwTkVQNuENsvwgjupqw.so,2,1,,not found
libRpgvtUpXeJpdcCdbqfBX.so,2,1,,not found
libXxhmXQbKRHUHSZTDerkL.so,2,1,,not found
libshell-super.com.maoying.timecamera.so,2,1,,not found
libshell-super.com.china.businessjournal.so,2,1,,not found
libdataConvert-lib.so,2,1,,not found
libdetection-lib.so,2,1,,not found
libnnpackage-7f5dbff.so,2,1,,not found
libandroid_util.so,2,2,,not found
libkeep_alive.so,2,1,,not found
libmbccorelite.so,2,1,,not found
libshell-super.com.zhlx.bldang.so,2,1,,not found
libprivacy-lib.so,2,1,,not found
libdlfunc.so,2,2,,not found
liblmgraphic.so,2,2,,not found
libbrushEngine.so,2,2,,not found
libMPFpTzhUhiDyWjLKAobt.so,2,1,,not found
libshell-superv.com.xhey.xcamera.so,2,1,,not found
libnnpackage-bcd4e36.so,2,1,,not found
libxhey-plog.so,2,1,,not found
libshell-supervbasic.com.xhey.xcamera.so,2,1,,not found
libnnproxy-aba56fd.so,2,1,,not found
libHohemAI.so,2,1,,not found
libhohemlinklib.so,2,1,,not found
libmy_aligned_shim.so,2,1,,not found
libhdeqwa.so,2,1,,not found
libnetviv_comm.so,2,1,,not found
libnetviv_mosaic.so,2,1,,not found
libhdeqwaapm.so,2,1,,not found
libdubmic.so,2,1,,not found
libsigncheck.so,2,1,,not found
libfytrack.so,2,1,,not found
libFancy_Warp.so,2,1,,not found
libGesture_Detector.so,2,1,,not found
libsbysth64.so,2,1,,not found
libhgxlwzkdm.so,2,1,,not found
libutils-lib.so,2,1,,not found
libshell-super.com.yunyi.smartcamera.so,2,1,,not found
libcLWHcsboKzzGHkaAPQJD.so,2,1,,not found
libaMTJwgqdpwgPlLMwJcHb.so,2,1,,not found
libarMXobiVXCCuEYBQVBGj.so,2,1,,not found
libuhdrjni.so,2,1,,not found
libshell-super.com.tianmeizipai.xiangjiapp.so,2,1,,not found
libncnnFramework.so,2,1,,not found
libjxNativeImageUtils.so,2,1,,not found
libimageFormatConversion.so,2,1,,not found
libopencv-exposure.so,2,1,https://github.com/opencv/opencv,not sure
libopencv-tracking-tld-kcf.so,2,1,https://github.com/opencv/opencv,not sure
libffmpegLib.so,2,1,https://github.com/FFmpeg/FFmpeg,not sure
libopencv-panorama.so,2,1,https://github.com/opencv/opencv,not sure
libopencv-tracking-kk.so,2,1,https://github.com/opencv/opencv,not sure
librawcompressor.so,2,1,,not found
liboutline-lib.so,2,1,,not found
libVAV.so,2,1,,not found
libwtwatermk.so,2,1,,not found
libzprivacy.so,2,1,,not found
libgp.so,2,1,,not found
libzbase_native.so,2,1,,not found
libzmedia_native.so,2,1,,not found
libwtcore.so,2,1,,not found
libnativelib-exif.so,2,1,,not found
libnative-exif-editor.so,2,1,,not found
libffmpeg_mediametadataretriever.so,2,1,https://github.com/FFmpeg/FFmpeg,not sure
lib7zip-lib.so,2,1,,not found
libFREncrypt.so,2,1,,not found
libkqhhEyoVLLBIteMkbLET.so,2,1,,not found
libTtwoFtTtjQMAMLCxeENV.so,2,1,,not found
libnz7ekahm.so,2,1,,not found
librnnoise_jni.so,2,1,,not found
libshell-super.com.sanmaoyou.guider.so,2,1,,not found
libtslocationmanager.so,2,1,,not found
libalib.so,2,1,,not found
libperfKnife.so,2,2,,not found
libwukong_native.so,2,2,,not found
libmegability_hub.so,2,2,,not found
libnano_compose.so,2,2,,not found
libtiga_android.so,2,2,,not found
libmegability_open.so,2,2,,not found
libmegability_core.so,2,2,,not found
libtbuprofen-magic.so,2,1,,not found
libzznative.so,2,1,,not found
libsisi_sec.so,2,1,,not found
libmx.so,2,1,,not found
libKF.so,2,1,,not found
libeigenNative.so,2,1,,not found
libzeelo-native-lib.so,2,1,,not found
libindooratlas-android.so,2,1,,not found
libhongkongairport_myflight.so,2,1,,not found
libBaoSigner.so,2,1,,not found
libpapa.so,2,1,,not found
libblakx3.so,2,1,,not found
libi2clib.so,2,1,,not found
libSerialPortLib.so,2,1,,not found
libshell-super.com.wanxiangyinji.app.so,2,1,,not found
libshell-super.com.shengqianwanjia.so,2,1,,not found
libVipSdkCommon.so,2,1,,not found
libSoConstant.so,2,1,,not found
libtun2SSsocks.so,2,1,,not found
libfrgojni.so,2,1,,not found
libsystem.so,2,1,,not found
libpdnsd.so,2,1,,not found
libmHdWwICqBcXdPoGifxYI.so,2,1,,not found
libfkqdHMCpkVxEspvudNdc.so,2,1,,not found
libTgqxbBtHOkEuNELnMtHD.so,2,1,,not found
libshell-super.com.sw.app149.so,2,1,,not found
libInfogracesound.so,2,2,,not found
libyyrebate.so,2,1,,not found
libtkvzip.so,2,1,,not found
libskeyboad-lib.so,2,1,,not found
libcfEVohFBRwFzNpXnDvDA.so,2,1,,not found
libshell-super.com.zjhzwxzl.jdgj.so,2,1,,not found
libhetskinanalysis.so,2,1,,not found
libgmmtrain.so,2,1,,not found
libmfcc.so,2,1,,not found
libgauss.so,2,1,,not found
libsnoreosahsdetection.so,2,1,,not found
libsnoringcare.so,2,1,,not found
libdtw.so,2,1,,not found
libsnorevoiceprocess.so,2,1,,not found
libbreathing.so,2,1,,not found
libnative_aes-lib.so,2,1,,not found
libshell-super.com.zhizhou.days.so,2,1,,not found
liblock-lib.so,2,1,,not found
libKonkeEncrypt.so,2,1,,not found
libccu.so,2,1,,not found
libp2pClient.so,2,1,,not found
libDevPlatform.so,2,1,,not found
libp2pJni.so,2,1,,not found
libgl2jni.so,2,1,,not found
libNetProSDK.so,2,1,,not found
libAVPlayer.so,2,1,,not found
libavplayercodec.so,2,1,,not found
libGosNetSDK.so,2,1,,not found
libshell-super.com.hbang.smarthome.so,2,1,,not found
libcjEMaFfRritBXiDhZfVe.so,2,1,,not found
libakcrypto.so,2,1,,not found
libaksecurity.so,2,1,,not found
libmedia_opus.so,2,1,https://github.com/xiph/opus,not sure
libFileClient.so,2,1,,not found
libselfsm.so,2,1,,not found
libhisense_iot_network_configuration.so,2,2,,not found
libdev_control_logic.so,2,1,,not found
libnaxplayer.so,2,1,,not found
libnaxffmpeg.so,2,1,https://github.com/FFmpeg/FFmpeg,not sure
libnaxsdl.so,2,1,,not found
libshell-super.com.intretech.smart.so,2,1,,not found
libRINO_API.so,2,1,,not found
liba4ijkplayer.so,2,1,,not found
libmp4muxer.so,2,2,,not found
libplBle-lib.so,2,1,,not found
libatsmarthome.so,2,1,,not found
libatsipstack.so,2,1,,not found
libatsipstack2.so,2,1,,not found
libvs98core.so,2,1,,not found
libvsplaysdk.so,2,1,,not found
libattcpstack.so,2,1,,not found
libeboSignature.so,2,1,,not found
lhl_n.so,2,0,,not found
libdreame-lib.so,2,2,,not found
libphcrypto.so,2,1,,not found
libphxml2.so,2,1,,not found
libphsslsocket.so,2,1,,not found
libphssl.so,2,1,,not found
libsgavmpso-6.4.39.so,2,1,,not found
libmusicvisualization.so,2,1,,not found
libUiotRTSPClient.so,2,1,,not found
libImgCvt.so,2,2,,not found
libpolarisaudiorenderer.so,2,1,,not found
libpolarismp4muxer.so,2,1,,not found
libpolarisavformat.so,2,1,,not found
libpolarisvideorenderer.so,2,1,,not found
libpolarisstream2mp4.so,2,1,,not found
libpolarisffmpegneondec.so,2,1,https://github.com/FFmpeg/FFmpeg,not sure
libpolarisswscale.so,2,1,,not found
libfisheyecamera.so,2,1,,not found
libpolarisswvidreader.so,2,1,,not found
libpolarisavcodec.so,2,1,,not found
libpolarisfreetype.so,2,1,https://gitlab.freedesktop.org/freetype/freetype,not sure
libpolarisavfilter.so,2,1,,not found
libpolarisaudiocodec.so,2,1,,not found
libpolarisaudiotalk.so,2,1,,not found
libpolarissrcsplit.so,2,1,,not found
libpolarisswresample.so,2,1,,not found
librtcx_imsdk_jni.so,2,1,,not found
libpolarisNWinRender.so,2,1,,not found
libpolarisplayercore.so,2,1,,not found
libpolarisutility.so,2,1,,not found
libpolarishwvidreader.so,2,1,,not found
libNatBehaviorDiscovery.so,2,1,,not found
libpolarisavutil.so,2,1,,not found
libpolarisjni.so,2,1,,not found
libpolarisrtcplayersdk.so,2,1,,not found
libpolarisaudioreader.so,2,1,,not found
libelua.so,2,1,,not found
libhanoi.so,2,1,,not found
libelua2.so,2,1,,not found
libshell-super.cn.beejia.so,2,1,,not found
libZIMAudio.so,2,1,,not found
libfunchelper.so,2,1,,not found
libDecryptUtils.so,2,1,,not found
libSEAT_API.so,2,1,,not found
libIVIEWSPUSH.so,2,1,,not found
libshell-super.com.fingercrystal.xiaoyi.so,2,1,,not found
libshell-super.com.qeyj.onlineAssistant.so,2,1,,not found
librhythmencode.so,2,1,,not found
liblog4a.so,2,1,,not found
libarcore_unity_api.so,2,1,,not found
libNewDataPassthroughTimerParse.so,2,1,,not found
libBLNetworkUnit3.so,2,1,,not found
libHYConfigSDK_share.so,2,1,,not found
libreSIProcate-1.12.so,2,1,,not found
libcae-jni.so,2,1,,not found
libvtn.so,2,1,,not found
libalsa-jni.so,2,1,,not found
libble_lib.so,2,1,,not found
libsoundtouch_mk.so,2,1,https://codeberg.org/soundtouch/soundtouch,not sure
libmkplayer.so,2,1,,not found
libecg_sdk.so,2,1,,not found
libiot-native-sdk.so,2,1,,not found
libopus_mk.so,2,1,https://github.com/xiph/opus,not sure
libpanocam.so,2,1,,not found
libiotsdk_so.so,2,1,,not found
libLibPDF.so,2,1,,not found
libDanaleSmartLink.so,2,1,,not found
libsed.so,2,1,,not found
libADPCMAndroid.so,2,1,,not found
libMp3Android.so,2,1,,not found
libSpeexAndroid.so,2,1,,not found
libRTP2MP4.so,2,1,,not found
libGeeklink.so,2,1,,not found
libfooLib.so,2,1,,not found
libzywulian.so,2,1,,not found
libOrviboEncrypt.so,2,1,,not found
libpvconvert.so,2,1,,not found
libormedia-lib.so,2,1,,not found
libbase38decode.so,2,1,,not found
libgdextension.so,2,1,,not found
libhdd.so,2,1,,not found
libEnQLETtawyRjYgkfQhJL.so,2,1,,not found
libZlBVNUjiqLppHPrKxaWE.so,2,1,,not found
libOQJKIJrPhebWtbUOjpXh.so,2,1,,not found
libADgKEGqLTVeFPTHoNCkG.so,2,1,,not found
libQwTLTXBDRNjpmMXkHicO.so,2,1,,not found
libzceGgpeFKUvuZvRUkdiW.so,2,1,,not found
libEcPlKLoCYYmAlNmGBMlR.so,2,1,,not found
libmobileffmpeg-armv7a-neon.so,2,0,https://github.com/FFmpeg/FFmpeg,not sure
libavfilter-neon.so,2,0,,not found
libavcodec-neon.so,2,0,,not found
libswscale-neon.so,2,0,,not found
libskws.so,2,1,,not found
libTMXProfiling-7.6-46-jni.so,2,1,,not found
libvpxJNI.so,2,1,https://github.com/webmproject/libvpx,not sure
libvideostreamer-jni.so,2,1,,not found
libvccnative.so,2,1,,not found
libscb_poc_bmw.so,2,1,,not found
libspeexVcc.so,2,1,,not found
libcloudcard.so,2,1,,not found
libhce-lib.so,2,1,,not found
libFaceLiveness.so,2,1,,not found
libcitic_inmotion.so,2,1,,not found
libnllvm1763111555395.so,2,1,,not found
libc72b.so,2,1,,not found
libnllvm1709265066426.so,2,1,,not found
libnllvm1705991043852.so,2,1,,not found
libCyzzb.so,2,1,,not found
libnllvm1767773227568.so,2,1,,not found
libmasfteecadaptor.so,2,2,,not found
libcb-core.so,2,1,,not found
libUmmsEncryptLib.so,2,1,,not found
libcom-zjtlcb-mobile-enterprise-bank-h5service-h5service.so,2,1,,not found
libcom-zjtlcb-mobile-enterprise-bank-common-common.so,2,1,,not found
libbucket2megvii-new.so,2,1,,not found
libcom-zjtlcb-mobile-enterprise-bank-security-security.so,2,1,,not found
libcom-zjtlcb-mobile-enterprise-bank-template-templatebundle.so,2,1,,not found
libcom-zjtlcb-mobile-enterprise-bank-loginbundle-loginbundle.so,2,1,,not found
libnllvm1661830056.so,2,1,,not found
libhrbbVerifyHelper.so,2,1,,not found
libhk-ocr-1.1.15.so,2,1,,not found
libforgottendivisions.so,2,1,,not found
libpdfviewer.so,2,1,,not found
libAPSE_5.0.6.so,2,1,,not found
libaab_dir_rcp_alijtca_plus.so,2,1,,not found
libAPSE_LEGACY_8.0.0.so,2,1,,not found
libcom.alipay.antbank.hk.portal_shell_alijtca_plus.so,2,1,,not found
libcsii_SMTelecomModule_v1_0_0_0.so,2,1,,not found
libMP_FaceIDDetection.so,2,1,,not found
libdexjni1753232087.so,2,1,,not found
libwbsksafe_crypto_tool.so,2,1,,not found
libnllvm1759196650778.so,2,1,,not found
libnllvm1667962263.so,2,1,,not found
lib.so,2,0,,not found
libcitic_taproxy.so,2,0,,not found
libcom-cgb-mobilebank-sit-launcher-gfmbanklauncher.so,2,1,,not found
libcom-cgb-mobilebank-android-login-gfbanklogin.so,2,1,,not found
libcom-cgb-mobilebank-sit-gfbanksearch-gfbanksearch.so,2,1,,not found
libcom-cgb-mobilebank-gfbankscan-gfbankscan.so,2,1,,not found
libcom-cgb-mobilebank-common-gfmobilebankcommon.so,2,1,,not found
libcom-cgb-android-thirdlib-thirdlib.so,2,1,,not found
libCppHelper.so,2,1,,not found
libiProtectNCBANK.so,2,1,,not found
libEncryptNative.so,2,1,,not found
libhsbc_hsbcnet.so,2,1,,not found
libmsx264.so,2,1,https://code.videolan.org/videolan/x264,not sure
libggvypuggld.so,2,1,,not found
libdexjni1743583057.so,2,1,,not found
libaes4cmss_crypto_tool.so,2,1,,not found
libdexjni1769609760.so,2,1,,not found
libfzstock_conn.so,2,1,,not found
libdexjni1770275330.so,2,1,,not found
libcard_demo.so,2,1,,not found
libhkcard.so,2,1,,not found
libmccard.so,2,1,,not found
libnllvm1624503162.so,2,1,,not found
libLightLog.so,2,0,,not found
libAEC_ARM_ANDROID.so,2,0,,not found
libzteSmartBeauty.so,2,0,,not found
libbd_cropper.so,2,1,,not found
libEngineManager.so,2,1,,not found
libImageDecoder.so,2,1,,not found
libAppSuit.so,2,1,,not found
libCodeGuard.so,2,1,,not found
libgwdwy-x86.so,2,1,,not found
libgwdwy.so,2,1,,not found
libOFJfXeKwptFBquKcOmsS.so,2,1,,not found
libdBIMkpfyudZBrVyMkrjX.so,2,1,,not found
libzNcJiivSVekqpWobMiso.so,2,1,,not found
libgbdbr-x86.so,2,1,,not found
libgbdbr.so,2,1,,not found
libcgsgi.so,2,1,,not found
libcgsgi-x86.so,2,1,,not found
libbIOAhaVFFFIAzdJesYIp.so,2,1,,not found
librFjIrjEdJJIPlQaTecbS.so,2,1,,not found
libGzYtvuOJaeiQTdRlVXsw.so,2,1,,not found
libauium.so,2,1,,not found
libauium-x86.so,2,1,,not found
libcqck_nfc_sdk_for_km.so,2,1,,not found
libshell-super.cn.com.henansoft.tripbus.so,2,1,,not found
libcymyg.so,2,1,,not found
libcymyg-x86.so,2,1,,not found
libyifis.so,2,1,,not found
libyifis-x86.so,2,1,,not found
libmlliveness.so,2,1,,not found
libyfmfo.so,2,1,,not found
libyfmfo-x86.so,2,1,,not found
libiIPCAZjgMWZvgAuIlfvf.so,2,1,,not found
libxSVFgYHOabzpKuztbCKs.so,2,1,,not found
libdong_core.apk.so,2,1,,not found
libbZiZg-x86.so,2,1,,not found
libbZiZg.so,2,1,,not found
libhappyso.so,2,1,,not found
libmimalloc.so,2,1,,not found
libcsgface_v5.so,2,1,,not found
libidscan.so,2,1,,not found
libAiYuvUtil.so,2,1,,not found
libnllvm1638175377.so,2,0,,not found
libmini_lamemp3.so,2,1,,not found
libzyOcr.so,2,1,,not found
libzyBankCardOcrUser.so,2,1,,not found
libzySensorSelfie.so,2,1,,not found
libnllvm1626922012.so,2,1,,not found
libzyVideoCertify.so,2,1,,not found
libzyFaceChecker.so,2,1,,not found
libopenCV.so,2,1,https://github.com/opencv/opencv,not sure
libmbedtls_shared.so,2,1,https://github.com/Mbed-TLS/mbedtls,not sure
libzyLiving.so,2,1,,not found
libzyAICore.so,2,1,,not found
libzywalletJni.so,2,1,,not found
libzyBankCardOcr.so,2,1,,not found
libyuv420pUtil.so,2,1,,not found
libystsign.so,2,1,,not found
libjbigtool.so,2,1,,not found
libsignKey.so,2,1,,not found
libQdzgEncryptLib.so,2,1,,not found
libx-native-key.so,2,1,,not found
liboqZqs-x86.so,2,1,,not found
liboqZqs.so,2,1,,not found
lib_ddsd_ndk.so,2,1,,not found
libzhx.so,2,1,,not found
libwkb-1.2.2.so,2,1,,not found
libshell-super.com.maoying.makevideo.so,2,1,,not found
libxcrypt.so,2,1,,not found
libbackend.so,2,1,,not found
libOboeResample.so,2,1,,not found
libImageProcess.so,2,1,,not found
libMp3Convert.so,2,1,,not found
libshell-super.com.wyxs.musicclip.so,2,1,,not found
libXYSingleTrackJni.so,2,1,,not found
libXYBinarySegmentJni.so,2,1,,not found
libXYChorusSelectJni.so,2,1,,not found
libXYCrop4vJni.so,2,1,,not found
libXYAISkeletonJni.so,2,1,,not found
libXYOneClickVideo.so,2,1,,not found
libXYAIMShotDetJni.so,2,1,,not found
libXYVos.so,2,1,,not found
libXYAutoLutJni.so,2,1,,not found
libXYCartoonLite.so,2,1,,not found
libDGEIuMiOEgFuvRMixVyN.so,2,1,,not found
libKuDItqCPXMoYIsXnGjiu.so,2,1,,not found
libshell-super.com.touping.cn.so,2,1,,not found
libsecurity-core.so,2,1,,not found
libaisound-jni.so,2,1,,not found
libfmod-voice-lib.so,2,1,,not found
libshell-super.com.weixiushipin.ym.so,2,1,,not found
libshell-super.com.vedio.tsanslate.so,2,1,,not found
libshell-super.com.estsoft.huohua.xg.so,2,1,,not found
libffmpeg_player.so,2,1,https://github.com/FFmpeg/FFmpeg,not sure
libjnisrt.so,2,1,,not found
libdevice-sdk.so,2,1,,not found
libmbcai.so,2,1,,not found
libdji_cross_playback.so,2,2,,not found
libSJRequestSign.so,2,1,,not found
libFFDecode.so,2,1,,not found
libedit_nativelib.so,2,1,,not found
libsoftin-uc.so,2,1,,not found
libJMMpBnGJCIWRAqepWsBg.so,2,1,,not found
libailurus.so,2,1,,not found
libdawn.so,2,1,,not found
libzeus.so,2,1,,not found
libalibabacloud-pds-cpp-sdk.so,2,2,,not found
libcloud-disk.so,2,2,,not found
libyzijksdl.so,2,1,,not found
libyzijkplayer.so,2,1,,not found
libaqskia.so,2,1,,not found
libglide-webp-core.so,2,1,https://chromium.googlesource.com/webm/libwebp/,not sure
libtoonutil.so,2,1,,not found
libDWM_Watermark_Text.so,2,1,,not found
libglea4j.so,2,1,,not found
libpuppet.so,2,1,,not found
libexr_loader.so,2,1,,not found
libgwpasan_test.so,2,1,,not found
libimage_fusion.so,2,1,,not found
libnose_deform.so,2,1,,not found
libface_attribute.so,2,1,,not found
libshell-super.com.xinmang.videoeffect.so,2,1,,not found
libshell-super.com.startupcloud.riddlegenerator.so,2,1,,not found
pngLib.so,2,1,,not found
libshell-super.com.bbn.xiaobaijianji.so,2,1,,not found
libbluepulse_ass.so,2,1,,not found
libamrlen.so,2,1,,not found
libOXZyecAgiuATZbDAmuli.so,2,1,,not found
libshell-super.com.xiaoyun.watermarkremoval.so,2,1,,not found
libCeitanLib.so,2,1,,not found
libshell-super.com.hongdou.cn.so,2,1,,not found
libnative_al.so,2,1,,not found
libXNetApiSDK.so,2,1,,not found
libyolov11ncnn.so,2,1,,not found
libopusjni.so,2,1,https://github.com/xiph/opus,not sure
libvorbisjni.so,2,1,,not found
libtencentzlibx.so,2,1,,not found
libfx3d.so,2,1,,not found
libslam.so,2,1,,not found
libtext3D.so,2,1,,not found
libnanovg.so,2,1,,not found
libmnnrvm.so,2,1,,not found
libnative_hjtest.so,2,1,,not found
libAiPlayWanar.so,2,1,,not found
libnative_effects.so,2,1,,not found
libnative_ylog.so,2,1,,not found
libmaze.so,2,1,,not found
libae.so,2,1,,not found
libbassenc.so,2,1,,not found
libVECoreFFmpeg5.1.so,2,1,https://github.com/FFmpeg/FFmpeg,not sure
libstyletransferncnn.so,2,1,,not found
libshell-super.com.estsoft.waidiandian.bb.so,2,1,,not found
libaurl.so,2,1,,not found
libsxsturbojpeg.so,2,1,https://github.com/libjpeg-turbo/libjpeg-turbo,not sure
libsxs_glut.so,2,1,,not found
libawtoken.so,2,1,,not found
libpixsmart_vs_pv.so,2,1,,not found
libanimoji.so,2,1,,not found
libdrawingboard.so,2,1,,not found
libzvwWATDBQvKHwgMLppKf.so,2,1,,not found
libengine_kit.so,2,1,,not found
libObjectDetect_jni.so,2,1,,not found
libfGod.so,2,1,,not found
libAcbQAeFbCqxTgHAptJLZ.so,2,1,,not found
libaudioedit.so,2,1,,not found
libstmobile_effect.so,2,1,,not found
libx264_codec.so,2,1,https://code.videolan.org/videolan/x264,not sure
librender_lib.so,2,1,,not found
libst_ffmpeg.so,2,1,https://github.com/FFmpeg/FFmpeg,not sure
libjni_yuv_convert_api.so,2,1,,not found
libst_multi_media.so,2,1,,not found
libxpsdk.so,2,1,,not found
libcamo.so,2,1,,not found
libdc.so,2,1,,not found
libgdata.so,2,1,,not found
libGLJni.so,2,1,,not found
libyuvkit.so,2,1,,not found
libcom_laihua_gifDrawable.so,2,1,,not found
libaudiondk.so,2,1,,not found
libgifndk.so,2,1,,not found
libaudioEffectProcessNdk.so,2,1,,not found
libshell-super.com.bdapps.videocutting.so,2,1,,not found
libshell-super.com.ordro.remotecamera.so,2,1,,not found
libftlib.so,2,1,,not found
libshell-super.com.shandianjianji.ylrj.so,2,1,,not found
libwscorekit.so,2,1,,not found
libshell-super.com.startupcloud.cloudflow.so,2,1,,not found
libshell-super.com.ycsoft.jspjjq.so,2,1,,not found
libAesKey.so,2,1,,not found
libshell-super.com.sieyoo.smoking.so,2,1,,not found
libnativeWeather.so,2,1,,not found
libvector-tile.so,2,1,,not found
libMp4Encoder.so,2,1,,not found
libasi.so,2,1,,not found
libmark-lib.so,2,1,,not found
libun7z.so,2,1,,not found
libmydemona.so,2,1,,not found
libsvg_decrypt.so,2,1,,not found
libmountain.so,2,1,,not found
libshell-super.com.juhe.dayima.so,2,1,,not found
libshell-super.com.zhizhou.superweather.so,2,1,,not found
libsmartkey-lib.so,2,1,,not found
liba1f1.so,2,1,,not found
libppg_quality.so,2,1,,not found
libshell-super.com.jiyw.sleep.so,2,1,,not found
libu5bb4c.so,2,1,,not found
libshell-super.com.duoku.fastweather.so,2,1,,not found
libweather.so,2,1,,not found
libSkinQualityJudge.so,2,1,,not found
libMarryshare.so,2,1,,not found
libsfys365_com_top_base.so,2,1,,not found
libshell-super.com.duoku.perpetualcalendar.so,2,1,,not found
libearcut.so,2,1,,not found
libalgo.so,2,1,,not found
libaeskey-lib.so,2,1,,not found
libshell-super.com.wyxinsheng.PPT.so,2,1,,not found
libapplist_detector.so,2,1,,not found
libcpksoft.so,2,1,,not found
libGMIot.so,2,1,,not found
libapp_tools.so,2,1,,not found
libjgcgb_x86.so,2,1,,not found
libjgcgb.so,2,1,,not found
libim_rust_c.so,2,1,,not found
libstoken.so,2,1,,not found
libdx_cryptor.so,2,1,,not found
libxmconnectsdkbin.so,2,1,,not found
libopenconnect.so,2,1,,not found
libHCrypto.so,2,1,,not found
libHApiRedirClientPlugin.so,2,1,,not found
libHClipboardClientDevice.so,2,1,,not found
libHAudioCodec.so,2,1,,not found
libHCameraClientDevice.so,2,1,,not found
libAhdpDecoder.so,2,1,,not found
libHBizBox.so,2,1,,not found
libHExceptionHandler.so,2,1,,not found
libHDPDispProtocol20.so,2,1,,not found
libHMetrics.so,2,1,,not found
libHMetricsBase.so,2,1,,not found
libwks_mright.so,2,1,,not found
libHTimer.so,2,1,,not found
libtiny_loader.so,2,1,,not found
libDisplayClient.so,2,1,,not found
libHModule.so,2,1,,not found
libCBB.so,2,1,,not found
libHRTSA.so,2,1,,not found
libHUiGatewayClientPlugin.so,2,1,,not found
libHPrinterPluginBase.so,2,1,,not found
libHFileSys.so,2,1,,not found
libHRemoteAppClientPlugin.so,2,1,,not found
libHInputClientPlugin.so,2,1,,not found
libHPerfmonClientPlugin.so,2,1,,not found
libHCameraClientPlugin.so,2,1,,not found
libHLogger.so,2,1,,not found
libHFdClientMgr.so,2,1,,not found
libRpcSkf.so,2,1,,not found
libHDPUSB20.so,2,1,,not found
libHShiftFd.so,2,1,,not found
libHEspaceClientPlugin.so,2,1,,not found
libHAudioClientPlugin.so,2,1,,not found
libHSharedUIClientPlugin.so,2,1,,not found
libHMetricsClientPlugin.so,2,1,,not found
libHSsl.so,2,1,,not found
libHCentermClientPlugin.so,2,1,,not found
libHPolicy.so,2,1,,not found
libHPrinterClientPlugin.so,2,1,,not found
libAhdpCore.so,2,1,,not found
libHUsbClientDevice.so,2,1,,not found
libHNamedPipe.so,2,1,,not found
libHAudioPnp.so,2,1,,not found
libHVcHelloClientPlugin.so,2,1,,not found
libHSysInfo.so,2,1,,not found
libAhdpBase.so,2,1,,not found
libHChannel.so,2,1,,not found
libHDisplayClientPlugin.so,2,1,,not found
libHAudioResample.so,2,1,,not found
libHDPEncoder20.so,2,1,,not found
libHIni.so,2,1,,not found
libHFileShareClientPlugin.so,2,1,,not found
libHJoypadClientPlugin.so,2,1,,not found
libHUsbClientPlugin.so,2,1,,not found
libHNetwork.so,2,1,,not found
libHCameraPluginBase.so,2,1,,not found
libHDateTime.so,2,1,,not found
libHCurlHttp.so,2,1,,not found
libHRailClientPlugin.so,2,1,,not found
libHFdRedirClientPlugin.so,2,1,,not found
libHPrinterClientDevice.so,2,1,,not found
libHClipboardClientPlugin.so,2,1,,not found
libHJson.so,2,1,,not found
libHRTSAEngine.so,2,1,,not found
libHApiRedirClient.so,2,1,,not found
libHFileShareClientDevice.so,2,1,,not found
libHPlatformInfo.so,2,1,,not found
libHInputClientDevice.so,2,1,,not found
libHIpc.so,2,1,,not found
libHDisplayCommon.so,2,1,,not found
libHIdt.so,2,1,,not found
libHwUc.so,2,1,,not found
libHAudioDev.so,2,1,,not found
libHQianxinClientPlugin.so,2,1,,not found
libnative-tk.so,2,1,,not found
libInkCanvasAndroid.so,2,1,,not found
libxxcrash.so,2,2,,not found
libxmsmcrypto.so,2,2,,not found
libcheckstatus.so,2,2,,not found
libfreereflection.so,2,2,,not found
libmepic.so,2,2,,not found
libdisass.so,2,2,,not found
libfilesecurity.so,2,2,,not found
libkey_store.so,2,1,,not found
libshell-super.com.zx.ai.resume.so,2,1,,not found
libqsign-liveness-lib.so,2,1,,not found
libmintunnel.so,2,1,,not found
libGM.so,2,1,,not found
libmintunnelplus.so,2,1,,not found
libCH.so,2,1,,not found
libnew_serial_port.so,2,1,,not found
libcheckerlib.so,2,1,,not found
libocr_predictor.so,2,1,,not found
libnative-kiwi-lib.so,2,1,,not found
libwhite.so,2,1,,not found
libsmartshelljni.so,2,0,,not found
libSmartPlayer.so,2,1,,not found
libshell-super.com.qima.kdt.so,2,1,,not found
libYSBCMNative.so,2,1,,not found
libgnustl_shared1.so,2,1,,not found
libsoftphone.so,2,1,,not found
libsoftphonejni.so,2,1,,not found
libseckeyjni.so,2,1,,not found
libCodeBar.so,2,1,,not found
libVoiceUtil.so,2,1,,not found
libjgbEC.so,2,1,,not found
libkmeeting.so,2,1,,not found
libHookAndroid.so,2,1,,not found
libnetctl.so,2,1,,not found
libflutter_net_signature.so,2,1,,not found
liblegoV2.so,2,1,,not found
libzerotrust.so,2,2,,not found
libebookdroid.so,2,1,,not found
libandroidssl.so,2,1,,not found
libAZTMobileSSL.so,2,1,,not found
libAZT_png.so,2,1,,not found
libAztSSL.so,2,1,,not found
libandroidcrypto.so,2,1,,not found
libAZT_jpeg.so,2,1,,not found
libVcRecog.so,2,1,,not found
libCardStructureBiz.so,2,1,,not found
libdlrecog.so,2,1,,not found
libScannerSdk.so,2,1,,not found
libdrrecog.so,2,1,,not found
libvault.so,2,1,,not found
libMattingFusion.so,2,1,,not found
libmcrypto.so,2,1,,not found
libMobileScanningRDK.so,2,1,,not found
libFxPDFCore.so,2,1,,not found
libnllvm1659342600.so,2,1,,not found
libtest-lib.so,2,1,,not found
libconversion-lib.so,2,1,,not found
libRenderHelper.so,2,1,,not found
libPoseHelper.so,2,1,,not found
libarsdk.so,2,1,,not found
libfoundation.so,2,1,,not found
libnetworkdetection.so,2,1,,not found
lib_nariface_sdk.so,2,1,,not found
libTHLandMark.so,2,1,,not found
lib_nari_face_state.so,2,1,,not found
libFaceQuality-jni.so,2,1,,not found
lib_narifacedetect.so,2,1,,not found
libusdl.so,2,1,,not found
libTHFaceNative-jni.so,2,1,,not found
libuplayer.so,2,1,,not found
libLensLock.so,2,1,,not found
libuprtc.so,2,1,,not found
libComPDFKitConversion.so,2,1,,not found
libkm_cropper.so,2,1,,not found
libnatnl-2.1.1.13.so,2,1,,not found
libDUTUtil-JNI.so,2,1,,not found
libBLECmd.so,2,1,,not found
libanti_inject.so,2,1,,not found
liboverspecificcbb.so,2,1,,not found
libplugins_imageformats_libqico.so,2,1,,not found
libplugins_imageformats_libqicns.so,2,1,,not found
libplugins_imageformats_libqtga.so,2,1,,not found
libclock_timing_calculations_native.so,2,1,,not found
libviplexcommon.so,2,1,,not found
libled_ocr_0100.so,2,1,,not found
libplugins_imageformats_libqgif.so,2,1,,not found
libgdbserver.so,2,1,,not found
libnvcommon.so,2,1,,not found
libplugins_imageformats_libqtiff.so,2,1,,not found
libplugins_imageformats_libqjpeg.so,2,1,,not found
libplugins_imageformats_libqwbmp.so,2,1,,not found
libplugins_bearer_libqandroidbearer.so,2,1,,not found
libviplexcore.so,2,1,,not found
libplugins_imageformats_libqwebp.so,2,1,https://chromium.googlesource.com/webm/libwebp/,not sure
libplugins_platforms_android_libqtforandroid.so,2,1,,not found
libavcodec_ops.so,2,1,,not found
libavformat_ops.so,2,1,,not found
libswscale_ops.so,2,1,,not found
libswresample_ops.so,2,1,,not found
libavutil_ops.so,2,1,,not found
libnanodetncnn.so,2,1,,not found
libDecryptMail.so,2,1,,not found
libdataweway.so,2,1,,not found
libSdkHelper_weway.so,2,1,,not found
libway.so,2,1,,not found
libSdkHelper_weway-x86.so,2,1,,not found
libshell-super.com.julanling.dgq.so,2,1,,not found
libyoutufacetrack.so,2,0,,not found
liboec.so,2,1,,not found
libswiconv.so,2,1,,not found
libswzbar.so,2,1,,not found
libirecruitcommon.so,2,1,,not found
libanti-injection.so,2,1,,not found
libshell-super.com.biaobei.datacollection.so,2,1,,not found
libmeng18.so,2,1,,not found
libSealDetector.so,2,1,,not found
libbzyuvlib.so,2,1,,not found
libZipEncode.so,2,1,,not found
libtb_idcard.so,2,1,,not found
libUHFIDCardJni.so,2,1,,not found
libtb_wlt2bmp.so,2,1,,not found
libdm_seriport_api.so,2,1,,not found
libverifysdk.so,2,1,,not found
libAliNN.so,2,1,,not found
libzjsquare.so,2,1,,not found
libjgcaq_x86.so,2,1,,not found
libjgcaq.so,2,1,,not found
libmertool_app.so,2,1,,not found
libBspatch.so,2,1,https://github.com/mendsley/bsdiff/blob/b817e9491cf7b8699c8462ef9e2657ca4ccd7667/bspatch.c,not sure
libFFMPEG.so,2,1,https://github.com/FFmpeg/FFmpeg/blob/10506de9ad1fb050737ef79cf4853742b793c37d/fftools/ffmpeg.c,not sure
libHDiffPatch.so,2,1,https://github.com/sisong/HDiffPatch/blob/3b9dca715ca492873bf2c49e22e5d5b7d2a78620/libHDiffPatch/HPatch/patch.c,not sure
libMinilzo.so,2,1,https://www.oberhumer.com/opensource/lzo/download/lzo-2.10.tar.gz,not sure
libQt5Concurrent.so,2,1,https://github.com/qt/qtbase/blob/40143c189b7c1bf3c2058b77d00ea5c4e3be8b28/src/concurrent/qtconcurrentmap.cpp,True
libQt5Gui.so,2,1,https://github.com/qt/qtbase/blob/40143c189b7c1bf3c2058b77d00ea5c4e3be8b28/src/gui/rhi/qrhi.cpp,True
libXquic.so,2,2,https://github.com/alibaba/xquic/blob/75243de9b92ace63d83866a40783e9790f35bf35/src/transport/xqc_engine.c,not sure
libhermes-runtime.so,2,2,https://github.com/facebook/hermes/blob/HEAD/API/hermes/hermes.cpp,not sure
liblz4.so,2,2,https://github.com/lz4/lz4/blob/403ddce05784bd30aa41988ac9a5bbf736d96764/lib/lz4.c,True
liblzo.so,2,1,https://www.oberhumer.com/opensource/lzo/download/lzo-2.10.tar.gz,True
libmmkv_utils.so,2,1,https://github.com/Tencent/MMKV/blob/HEAD/Core/MMKV.cpp,not sure
libopencv_java460.so,2,1,https://github.com/opencv/opencv/blob/b0dc474160e389b9c9045da5db49d03ae17c6a6b/modules/java/generator/src/cpp/Mat.cpp,True
libqml_QtQuick_Layouts_qquicklayoutsplugin_arm64-v8a.so,2,2,https://github.com/qt/qtdeclarative/blob/104eae5b17b0ec700391e9539ee3a4f638588194/src/imports/layouts/plugin.cpp,True
libreact_render_element.so,2,2,https://github.com/facebook/react-native,not sure
libsoundTouch.so,2,1,https://codeberg.org/soundtouch/soundtouch/raw/branch/master/source/SoundTouch/SoundTouch.cpp,not sure
libAIKit.so,2,1,,not found
libAMapSDK_MAP_v10_0_5.so,2,1,https://github.com/amapapi/Android_3D_Demo,not sure
libAMapSDK_MAP_v10_1_700.so,2,1,https://github.com/amapapi/Android_3D_Demo,not sure
libAMapSDK_MAP_v10_2_0.so,2,1,https://github.com/amapapi/Android_3D_Demo,not sure
libAMapSDK_MAP_v11_1_060.so,2,2,https://github.com/amapapi/Android_3D_Demo,not sure
libAMapSDK_MAP_v6_4_1.so,2,0,https://github.com/amapapi/Android_3D_Demo,not sure
libAMapSDK_NAVI_v10_0_820_01.so,2,1,https://github.com/amapapi/Android_3D_Demo,not sure
libAMapSDK_NAVI_v10_8_0.so,2,1,https://github.com/amapapi/Android_3D_Demo,not sure
libAMapSDK_NAVI_v6_6_0.so,2,1,https://github.com/amapapi/Android_3D_Demo,not sure
libAMapSDK_NAVI_v6_8_0.so,2,1,https://github.com/amapapi/Android_3D_Demo,not sure
libAMapSDK_NAVI_v6_9_1.so,2,1,https://github.com/amapapi/Android_3D_Demo,not sure
libAMapSDK_NAVI_v7_0_0.so,2,1,https://github.com/amapapi/Android_3D_Demo,not sure
libAMapSDK_NAVI_v7_2_0.so,2,1,https://github.com/amapapi/Android_3D_Demo,not sure
libAMapSDK_NAVI_v9_0_2.so,2,1,https://github.com/amapapi/Android_3D_Demo,not sure
libAgoraFaceUnityExtension.so,2,1,https://github.com/AgoraIO/API-Examples,not sure
libBaiduMapSDK_base_v3_7_3.so,2,1,,not found
libBaiduMapSDK_bikenavi_v5_4_1.so,2,1,,not found
libBaiduMapSDK_bikenavi_v6_2_0.so,2,1,,not found
libBaiduMapSDK_cloud_v3_7_3.so,2,1,,not found
libBaiduMapSDK_cloud_v4_1_1.so,2,1,,not found
libBaiduMapSDK_map_for_bikenavi_v5_4_1.so,2,1,,not found
libBaiduMapSDK_map_for_bikenavi_v6_2_0.so,2,1,,not found
libBaiduMapSDK_map_for_navi_v7_1_0.so,2,1,,not found
libBaiduMapSDK_map_for_navi_v7_3_0.so,2,1,,not found
libBaiduMapSDK_map_for_navi_v7_5_6.so,2,1,,not found
libBaiduMapSDK_map_v3_7_3.so,2,1,,not found
libBaiduMapSDK_radar_v3_7_3.so,2,1,,not found
libBaiduMapSDK_radar_v4_1_1.so,2,1,,not found
libBaiduMapSDK_search_v3_7_3.so,2,1,,not found
libBaiduMapSDK_util_v3_7_3.so,2,1,,not found
libBaiduMapSDK_v3_3_0_15.so,2,0,,not found
libBaiduMapSDK_v3_3_0_3.so,2,0,,not found
libBaiduMapSDK_v3_5_0_9.so,2,0,,not found
libBaiduTraceSDK_v3_0_8.so,2,0,,not found
libDXRisk-situation_v7_6_4_oaid_a327f13d.so,2,1,,not found
libDXRisk-v5.9.3.4r.d58a56a5.so,2,1,,not found
libDXRisk-v5.9.3r.a49737b5.so,2,1,,not found
libDXRisk-v6.1.11.2r.7dc335af.so,2,1,,not found
libDXRisk-v6.1.20r.0afb7d8b.so,2,1,,not found
libDXRisk-v6.1.6.1r-haerbinbank.40d31825.so,2,1,,not found
libDXRisk-v7_3_10r_2ee4e543.so,2,1,,not found
libDXRisk-v7_3_16r_493ae717.so,2,1,,not found
libDXRiskComm-situation_v7_6_4_oaid_a327f13d.so,2,1,,not found
libDXRiskComm-v5.9.3.4r.d58a56a5.so,2,1,,not found
libDXRiskComm-v5.9.3r.a49737b5.so,2,1,,not found
libDXRiskComm-v6.1.11.2r.7dc335af.so,2,1,,not found
libDXRiskComm-v6.1.20r.0afb7d8b.so,2,1,,not found
libDXRiskComm-v6.1.6.1r-haerbinbank.40d31825.so,2,1,,not found
libDXRiskComm-v7_3_10r_2ee4e543.so,2,1,,not found
libDXRiskComm-v7_3_16r_493ae717.so,2,1,,not found
libImSdk.so,2,1,https://github.com/TencentCloud/TIMSDK,not sure
libMegviiLicenseManager-jni-0.3.0.so,2,1,https://github.com/FacePlusPlus/MegviiLicMgr-Android-SDK/blob/093986c4deb5f1b1f4a2e66ebc14c7ae94abec7d/MGLicenseManagerSDK/LicenseManagerSDK/src/main/cpp/megvii_licensemanager_jni.cpp,True
libPoboGeneral.so,2,1,,not found
libPoboGeneralJNI.so,2,1,,not found
libPoboHQSpeed.so,2,1,,not found
libPoboHQSpeedJNI.so,2,1,,not found
libQimei.so,2,1,https://github.com/baiji6/BaiJiMusic/blob/a3773a535cd05f6b421b24bd1a839bee845c22d7/app/src/main/cpp/qqapi/alg/qimei.c,not sure
libagora_dtd.so,2,1,https://github.com/AgoraIO/API-Examples,not sure
libagora_mcc_ysd_extension.so,2,2,https://github.com/AgoraIO/API-Examples,not sure
libagora_quality_education_video_process.so,2,1,https://github.com/AgoraIO/API-Examples,not sure
libagora_sdk_wrapper.so,2,1,https://github.com/AgoraIO/API-Examples,not sure
libagora_video_process.so,2,1,https://github.com/AgoraIO/API-Examples,not sure
libauth_number_product-9.5.3-log-online-v9-release_alijtca_plus.so,2,1,,not found
libbaiduprotect_sdk-07e105e7b77b3e45aca2f4cd0af42f44a4aa2281.so,2,1,,not found
libbaiduprotect_sdk-1a0b2781809bde464086fa656fac3f9bbaed1ef4.so,2,1,,not found
libbaiduprotect_sdk-2ab0d92e7a6ac83ae6bf9dd8f600414268447dcd.so,2,1,,not found
libbaiduprotect_sdk-38892c186261cf29c4303b5a7a773411c7efcb78.so,2,2,,not found
libbaiduprotect_sdk-6bfbfe12650070bbc65de011b54c584b673ea781.so,2,1,,not found
libbaiduprotect_sdk-773bd356ee1b2b22e350f1cdcb0f69c840dc9c5d.so,2,1,,not found
libbaiduprotect_sdk-8d4ebf281b941b2040438b8ccbe7b16b45257878.so,2,1,,not found
libbaiduprotect_sdk-9062a20cdc2b304bfc184899476b051b26dfbd0e.so,2,1,,not found
libbaiduprotect_sdk-9a650256ee88adffbf189cf4def4f7835de53b93.so,2,1,,not found
libbaiduprotect_sdk-a92f72b31e6d175af347e6ec9419fbad7e3267aa.so,2,1,,not found
libbaiduprotect_sdk-b1c5870f49ea977ac881713a9b88c31c7cd61e80.so,2,1,,not found
libbaiduprotect_sdk-b6d525c33b760b423f37050f2a9741f1ec398ae3.so,2,1,,not found
libbaiduprotect_sdk-c660ed5556953b57ed0fc390f1b1f19d6b02f79f.so,2,1,,not found
libbaiduprotect_sdk-e1683b20b934d428d9848f71205b7edd1cf16772.so,2,1,,not found
libbaiduprotect_sdk-f1b5a3bb18bc2cdb5b8db66169884da03d31a1c0.so,2,1,,not found
libbaiduprotect_sec.so,2,2,,not found
libbdpush_V3_3.so,2,2,https://github.com/Baidu-AIP/speech-demo,not sure
libfmodsound.so,2,1,,not found
libgetuiext1.so,2,1,https://github.com/GetuiLaboratory/react-native-getui,not sure
libhiai_skeletondetection.so,2,1,https://github.com/946166920/hiai_ddk,not sure
libhiai_skeletonjni.so,2,1,https://github.com/946166920/hiai_ddk,not sure
libijiami_bobpay.so,2,1,,not found
libijiami_cmftlive.so,2,1,,not found
libijiami_dealsdk.so,2,1,,not found
libijiami_ijm.so,2,1,,not found
libijiami_vmp12.so,2,1,,not found
libjcore113.so,2,1,https://github.com/jpush/android-push-example,not sure
libjcore232.so,2,1,https://github.com/jpush/android-push-example,not sure
libjcore280.so,2,1,https://github.com/jpush/android-push-example,not sure
libjcore357.so,2,1,https://github.com/jpush/android-push-example,not sure
libjcore432.so,2,1,https://github.com/jpush/android-push-example,not sure
libjiagu_sdk_jcappProtected.so,2,1,,not found
liblocSDK4b.so,2,0,,not found
liblocSDK6.so,2,0,,not found
libmegface_faceid.so,2,1,https://github.com/FacePlusPlus/MegviiFacepp-Android-SDK,not sure
libpns-1.0.8-OnlineRelease_alijtca_plus.so,2,1,,not found
libpns-1.2.8-OnlineRelease_alijtca_plus.so,2,1,,not found
libpns-2.12.10.2-LogOnlineStandardRelease_alijtca_plus.so,2,1,,not found
libpns-2.12.11.1-LogOnlineStandardRelease_alijtca_plus.so,2,1,,not found
libpns-2.12.13-LogOnlineStandardCuxwRelease_alijtca_plus.so,2,1,,not found
libpns-2.12.14-NologOnlineNouiCuxwRelease_alijtca_plus.so,2,1,,not found
libpns-2.13.2.1-NologOnlineStandardCuumRelease_alijtca_plus.so,2,1,,not found
libpns-2.13.4-LogOnlineNouiCuumRelease_alijtca_plus.so,2,1,,not found
libpns-2.13.9-NologOnlineDirectCuumRelease_alijtca_plus.so,2,1,,not found
libpns-2.14.14-NologOnlineDirectCuumRelease_alijtca_plus.so,2,1,,not found
libpns-9.5.10-NologOnlineV9Release_alijtca_plus.so,2,1,,not found
libsgmainso-5.5.14690439.so,2,1,https://github.com/sgInnora/alipay-securityguard-analysis,not sure
libsgmainso-5.5.15402805.so,2,1,https://github.com/sgInnora/alipay-securityguard-analysis,not sure
libsgmainso-5.5.98.so,2,1,https://github.com/sgInnora/alipay-securityguard-analysis,not sure
libsgmainso-6.5.70.so,2,1,https://github.com/sgInnora/alipay-securityguard-analysis,not sure
libsgmainso-6.5.98.so,2,1,https://github.com/sgInnora/alipay-securityguard-analysis,not sure
libsgmainso-6.6.230507.so,2,1,https://github.com/sgInnora/alipay-securityguard-analysis,not sure
libsgmainso-6.6.230906.34042913.so,2,1,https://github.com/sgInnora/alipay-securityguard-analysis,not sure
libsgmainso-6.6.231201.33656539.so,2,1,https://github.com/sgInnora/alipay-securityguard-analysis,not sure
libsgmainso-6.6.240404.so,2,1,https://github.com/sgInnora/alipay-securityguard-analysis,not sure
libsgmainso-6.7.250602.so,2,1,https://github.com/sgInnora/alipay-securityguard-analysis,not sure
libsgmainso.so,2,1,https://github.com/sgInnora/alipay-securityguard-analysis,not sure
libsgmiddletierso-6.5.67.so,2,1,https://github.com/sgInnora/alipay-securityguard-analysis,not sure
libsgmiddletierso-6.6.230507.so,2,1,https://github.com/sgInnora/alipay-securityguard-analysis,not sure
libsgmiddletierso-6.6.230906.34042913.so,2,1,https://github.com/sgInnora/alipay-securityguard-analysis,not sure
libsgmiddletierso-6.6.231201.33656539.so,2,1,https://github.com/sgInnora/alipay-securityguard-analysis,not sure
libsgmiddletierso-6.6.240404.so,2,1,https://github.com/sgInnora/alipay-securityguard-analysis,not sure
libsgsecuritybodyso-5.5.105.so,2,1,https://github.com/sgInnora/alipay-securityguard-analysis,not sure
libsgsecuritybodyso-5.5.15402805.so,2,1,https://github.com/sgInnora/alipay-securityguard-analysis,not sure
libsgsecuritybodyso-6.5.105.so,2,1,https://github.com/sgInnora/alipay-securityguard-analysis,not sure
libsgsecuritybodyso-6.5.80.so,2,1,https://github.com/sgInnora/alipay-securityguard-analysis,not sure
libsgsecuritybodyso-6.6.230507.so,2,1,https://github.com/sgInnora/alipay-securityguard-analysis,not sure
libsgsecuritybodyso-6.6.230906.34042913.so,2,1,https://github.com/sgInnora/alipay-securityguard-analysis,not sure
libsgsecuritybodyso-6.6.231201.33656539.so,2,1,https://github.com/sgInnora/alipay-securityguard-analysis,not sure
libsgsecuritybodyso-6.6.240404.so,2,1,https://github.com/sgInnora/alipay-securityguard-analysis,not sure
libtbs.audio_base.jar.so,2,2,https://github.com/TencentBrowsingService/TBS_SDK,not sure
libtencentlocation.so,2,1,,not found
